label,left_p0_x,left_p0_y,left_p0_z,left_p1_x,left_p1_y,left_p1_z,left_p2_x,left_p2_y,left_p2_z,left_p3_x,left_p3_y,left_p3_z,left_p4_x,left_p4_y,left_p4_z,left_p5_x,left_p5_y,left_p5_z,left_p6_x,left_p6_y,left_p6_z,left_p7_x,left_p7_y,left_p7_z,left_p8_x,left_p8_y,left_p8_z,left_p9_x,left_p9_y,left_p9_z,left_p10_x,left_p10_y,left_p10_z,left_p11_x,left_p11_y,left_p11_z,left_p12_x,left_p12_y,left_p12_z,left_p13_x,left_p13_y,left_p13_z,left_p14_x,left_p14_y,left_p14_z,left_p15_x,left_p15_y,left_p15_z,left_p16_x,left_p16_y,left_p16_z,left_p17_x,left_p17_y,left_p17_z,left_p18_x,left_p18_y,left_p18_z,left_p19_x,left_p19_y,left_p19_z,left_p20_x,left_p20_y,left_p20_z,left_tip4_dist,left_tip8_dist,left_tip12_dist,left_tip16_dist,left_tip20_dist,left_angle_1_2_3,left_angle_2_3_4,left_angle_5_6_7,left_angle_6_7_8,left_angle_9_10_11,left_angle_10_11_12,left_angle_13_14_15,left_angle_14_15_16,left_angle_17_18_19,left_angle_18_19_20,right_p0_x,right_p0_y,right_p0_z,right_p1_x,right_p1_y,right_p1_z,right_p2_x,right_p2_y,right_p2_z,right_p3_x,right_p3_y,right_p3_z,right_p4_x,right_p4_y,right_p4_z,right_p5_x,right_p5_y,right_p5_z,right_p6_x,right_p6_y,right_p6_z,right_p7_x,right_p7_y,right_p7_z,right_p8_x,right_p8_y,right_p8_z,right_p9_x,right_p9_y,right_p9_z,right_p10_x,right_p10_y,right_p10_z,right_p11_x,right_p11_y,right_p11_z,right_p12_x,right_p12_y,right_p12_z,right_p13_x,right_p13_y,right_p13_z,right_p14_x,right_p14_y,right_p14_z,right_p15_x,right_p15_y,right_p15_z,right_p16_x,right_p16_y,right_p16_z,right_p17_x,right_p17_y,right_p17_z,right_p18_x,right_p18_y,right_p18_z,right_p19_x,right_p19_y,right_p19_z,right_p20_x,right_p20_y,right_p20_z,right_tip4_dist,right_tip8_dist,right_tip12_dist,right_tip16_dist,right_tip20_dist,right_angle_1_2_3,right_angle_2_3_4,right_angle_5_6_7,right_angle_6_7_8,right_angle_9_10_11,right_angle_10_11_12,right_angle_13_14_15,right_angle_14_15_16,right_angle_17_18_19,right_angle_18_19_20,wrist_dx,wrist_dy,wrist_dz,wrist_distance,index_tip_distance,thumb_tip_distance,pinky_tip_distance
heart_with_two_hands,0.0,0.0,0.0,0.3210547088411402,0.049628155917558536,0.08342956584501254,0.5725425973951064,-0.07245591202921682,0.10606121964038975,0.7552708827562945,-0.05463651514313307,0.08591101265428265,0.9037538126725877,0.02322749332994032,0.06879486217244907,0.5998834227135309,-0.754545653806069,0.14634175929032112,0.8292382336189614,-1.100849169836021,0.07363884747318611,0.9680744120831282,-0.9599716906520687,0.013120282254055609,1.0296572316926602,-0.7549494724253785,-0.0153208107545997,0.5574607402276178,-0.828782497177758,0.04854992766911169,0.8212798617389482,-1.2277027150070552,-0.03127626686596231,0.979894029417574,-1.0237390201409688,-0.08432929594390415,1.019800768252444,-0.7578220585015014,-0.10230152779383218,0.511919267150658,-0.8374441904877756,-0.06101058630202928,0.7810009951633351,-1.1882039962337287,-0.13755353379288945,0.9514134128416155,-0.9746849012738082,-0.16977661504925928,1.0139338743166133,-0.701243276634103,-0.16995325568490555,0.475383165358473,-0.7608017213339929,-0.16882840955760467,0.7146919131639531,-0.9554845503459477,-0.22640597928012718,0.8706514895978074,-0.8282231051545764,-0.24293512826124028,0.9597417517206515,-0.6336002967459673,-0.23968264177624113,0.9066659822823161,1.2768623449434664,1.2746581823644645,1.244462994077819,1.174734580576072,0.8152912916822045,0.8778759288590291,0.4540634844527439,0.840160973796561,0.41102926635375,0.8329730046739906,0.4309249885600411,0.8527066523481311,0.5683130497936502,0.8513911391258462,0.0,0.0,0.0,-0.2580109595284689,0.021414755492993622,0.007628430481527017,-0.4829237297165936,-0.1423492733984402,-0.009507365570821224,-0.6588441519744883,-0.16975784179929157,-0.05930941962869051,-0.7963859867902578,-0.10421088475764181,-0.10416906654941784,-0.49821001734102827,-0.8138027723786243,0.09618439413041076,-0.6564068971857975,-1.1726737600283916,0.009875340364106871,-0.7865311673092289,-1.0294553850407402,-0.06040218871824967,-0.8111282683734599,-0.8134695975330037,-0.09730196011517946,-0.4676089721861821,-0.883293709097801,0.033675994405980555,-0.6483982613373912,-1.285109882756939,-0.035876667185360485,-0.789255814256902,-1.0858463177259903,-0.07922611864594319,-0.813203621924914,-0.8566520327588477,-0.09531964672942886,-0.41783665142644316,-0.9051729600838038,-0.04861367991808287,-0.6000558480174789,-1.2902302338197151,-0.10774705724982961,-0.7493574211583297,-1.06658834997497,-0.12813251182625884,-0.7816964130059588,-0.8117847433675829,-0.12960363330227143,-0.3617458069393272,-0.8700344274817877,-0.13722885518043357,-0.5520432752298746,-1.0938976584333617,-0.1645197447638436,-0.6817887160638668,-0.9356596126434639,-0.16468004828848784,-0.7214262632671381,-0.7329574728874866,-0.16050670632789985,0.8099023045303922,1.1528787990536082,1.1850057683379804,1.1343900799266118,1.0408865995724161,0.8368201560697115,0.8168150746925135,0.4032384684666324,0.800042260687685,0.3454734009727019,0.8351082666828161,0.33423969469973397,0.8512918151734374,0.44313882678115335,0.8427280110992335,0.9991193654105429,0.041958237096342235,-1.1836739859434217e-06,0.45917250744249766,0.06459541299907426,0.14201691897971824,0.12556798426869908
heart_with_two_hands,0.0,0.0,0.0,0.3347591735240516,-0.0059180047270366454,0.10303308614287988,0.5653291459234189,-0.11568726024665481,0.1274894126346035,0.7291312137690352,-0.09629204376001359,0.10449432557673287,0.8677713381844682,-0.011233127911598549,0.08004774658036244,0.54431937074971,-0.7799302823185289,0.2036837792349879,0.7239612369913339,-0.9756632219185748,0.17502122386030974,0.8529889235588698,-0.8790949317713104,0.12577120581252926,0.9334938987619273,-0.7549419125868724,0.08825216255659935,0.49728056401020976,-0.8619689935166618,0.09859764131844591,0.7359305760173006,-1.1260026818289328,0.051622005176958356,0.871303457043893,-0.966689116118054,-0.00550426825061717,0.924331949877259,-0.7531161001048732,-0.037980410557852916,0.44810748080423773,-0.8752945930540463,-0.014974342761828833,0.6972132736453243,-1.1508221600042192,-0.06275964460650599,0.8490937157231431,-0.9837111554086518,-0.098196771958923,0.925839265213021,-0.7662414823252673,-0.11507771991220679,0.4109719621242315,-0.799319255948961,-0.12579871762298572,0.6367650347279178,-0.9258684171219258,-0.16439649995544175,0.7831800791538566,-0.8257820545417068,-0.17908860219021216,0.8841870400657612,-0.6828462876565662,-0.18555217402314353,0.8715279228284857,1.2038008949165908,1.1929023117536541,1.2072892097034587,1.1324731271298762,0.8065882698241378,0.8637504752518714,0.5403198954297994,0.8907421352978525,0.47101899755680454,0.8515287434821577,0.47574753214871407,0.8713381821269696,0.6485991331141782,0.8859649999382594,0.0,0.0,0.0,-0.2549202984746382,0.028592132572279445,0.016990618756689276,-0.5278400851961227,-0.1018747392166815,0.006978167885173098,-0.714351156255248,-0.09887234483065606,-0.03451799791538514,-0.8469016340229782,8.007106390337205e-05,-0.07044428109232594,-0.5360203182111157,-0.7894273817821207,0.10673852792895352,-0.7082971345993107,-1.134564505385671,0.01510203172074984,-0.8590344290319718,-1.0396283566727784,-0.06425344037290923,-0.922146252243364,-0.8492407370282906,-0.10560609567718399,-0.48196721037967016,-0.8754769949534942,0.03532193972643939,-0.6841412365286641,-1.3145750774544924,-0.04582961859996236,-0.8497487554675154,-1.158968055682681,-0.09667876379335087,-0.9013143853661115,-0.8981476559418384,-0.11572388444173844,-0.41195750847231843,-0.91131853442289,-0.0572276018274664,-0.6192138830963683,-1.3473294175428165,-0.12371866570420706,-0.7973227673974846,-1.1535627178485013,-0.1565652582756792,-0.861680967051224,-0.8989050849247082,-0.16533992088015262,-0.34227918174497224,-0.8805295872899374,-0.1549191520690018,-0.5499310425022206,-1.123853377526489,-0.19651625574266993,-0.7042259538163858,-0.9927748818338606,-0.21433429917156616,-0.7794336473738566,-0.8049143698886475,-0.22193121042836797,0.849826323939651,1.2580604863833116,1.2776653906919428,1.2561296629402892,1.1422160109514978,0.8427916353542035,0.8057854077886216,0.5019530446681597,0.7812084223356479,0.4132650944505043,0.7989398929515357,0.385792815235894,0.8401121799598329,0.5043032661695599,0.8448716040297157,0.9999861679695454,0.005259645289807926,-1.0046612816292611e-06,0.46126453831287195,0.10973152733781653,0.12289121676700827,0.11639941791899983
heart_with_two_hands,0.0,0.0,0.0,0.30712804752369904,0.013311066530094378,0.050981656755003865,0.5375289525375063,-0.09304255550663165,0.048427301921482896,0.6944746738931463,-0.08361186856017962,0.01126440267459526,0.8338462987527546,0.0032764852988317237,-0.021503036978141748,0.4958553892350195,-0.8307081460935697,0.12756131022995695,0.6793205705823155,-1.0398812285865175,0.0742564614790877,0.8108498498255577,-0.9116145240973381,0.012201320300225443,0.8806941431046938,-0.7542827299237854,-0.027333185378295485,0.4429500546419488,-0.8949596275675465,0.053315233440856376,0.6848517785463551,-1.1518761285327963,-0.00039432185270872773,0.8257476016685038,-1.0032881053568672,-0.05572532830921964,0.8855958437173642,-0.8041995054145117,-0.0856721264196534,0.39950698172393273,-0.8804959730423109,-0.030015564144179066,0.6433465769960321,-1.1310103113793764,-0.07793554510399094,0.7946098408135575,-0.9775913547272602,-0.10622935856158677,0.8696552426213431,-0.7726647420279056,-0.11603843854602704,0.3752648766330214,-0.7731388045615394,-0.11499954993417082,0.5945720117924449,-0.888544658406083,-0.14871102377410103,0.7370130093954361,-0.8104550553168772,-0.1563922941141346,0.8292741455697297,-0.6847264732422856,-0.15509480461098346,0.8341299454514656,1.1598757318709247,1.1993150362451395,1.169091939845638,1.086554347507083,0.8294166386568953,0.8449636393311333,0.5035284783213728,0.8793999206840302,0.49529121116495317,0.8496265705324717,0.49919532014937773,0.861847595823298,0.6864557026594138,0.860057185837222,0.0,0.0,0.0,-0.26078684085310155,0.022647058432891845,-0.003011574433757518,-0.5382807303092304,-0.07873989337667014,-0.0256026733590011,-0.7361748995929466,-0.05678977965007635,-0.0779113338645411,-0.8813259699840519,0.03158622935204697,-0.12075195164936917,-0.5381985883949323,-0.7742607130442751,0.09908529638257245,-0.7077648709850685,-1.1550078298167343,0.0045918529649940365,-0.8579801445839645,-1.0655342590587153,-0.07378319454061394,-0.9182182025475832,-0.910437428863514,-0.1153678014801694,-0.48946880886797295,-0.8712400362647712,0.036892876747796496,-0.6832003735663659,-1.3185905084893836,-0.05070307755762883,-0.8471732964188893,-1.1472396717850317,-0.1017126719237603,-0.8970327375283216,-0.9177864668888145,-0.12009196029146167,-0.42824953349806183,-0.9209871980681407,-0.048827257083323375,-0.626073055128525,-1.3306718178913177,-0.12214788234460515,-0.8016710212890564,-1.1177254932472442,-0.1533729097998304,-0.8654347335673992,-0.866217324535875,-0.15871129318572239,-0.36806698440485636,-0.9087085237936265,-0.14130635370246947,-0.5622168280661602,-1.1297350336046037,-0.1789677205386189,-0.7112193169508788,-1.0050971541355345,-0.19122761150849826,-0.7851149399926829,-0.8334914812533769,-0.1942568223808566,0.8901203228104286,1.298202876665927,1.2889615238355465,1.234706040309048,1.1613996863109488,0.8445929674461207,0.865493446756225,0.4953763373939899,0.7934991278955233,0.39079540476179064,0.821966749054778,0.37168126084373115,0.8568716219906594,0.5101595810075111,0.850550155182672,0.9999954271579328,-0.0030241795844961864,-1.031713114200386e-06,0.4459636935077869,0.05204944271247433,0.08789388484783661,0.12453693655384589
heart_with_two_hands,0.0,0.0,0.0,0.3155389910776666,0.016388750545054887,0.06978650362243742,0.5558374150556116,-0.0901170018921895,0.07178490843005197,0.730143805053169,-0.07945435458811513,0.03105342494946107,0.8775602610087774,-0.020197949895470795,-0.005923732553290857,0.5315465723915016,-0.7972558128247709,0.1632450576233623,0.7287461158351546,-1.0239800174817448,0.11978246274196502,0.8544861427349361,-0.8831055735382674,0.06296914126263746,0.9006230036872889,-0.7235953507396012,0.028049778080442296,0.4854232925070424,-0.8706492966522017,0.07958661527322852,0.7371870397248287,-1.1417375105526393,0.043606989293034276,0.8671107320008806,-0.9670270547658695,-0.003162919594597161,0.9020988130650677,-0.7729677560207416,-0.03045289548121328,0.4471575309803464,-0.8710602110141127,-0.013655828715240646,0.7092310498919784,-1.1484369236593328,-0.04710386147894704,0.8485126783342855,-0.9567880903490763,-0.06385574598359046,0.8901302938481405,-0.7361584189287624,-0.06863498326509326,0.42787473612140287,-0.7801218447081146,-0.10796592274657148,0.6693175682050204,-0.9051015639608573,-0.12817797605870107,0.8109900449841302,-0.7995580940265062,-0.12490875474424983,0.8830648883733381,-0.659326951606676,-0.11840991630852656,0.8778126562593731,1.155637839650919,1.1883555020381462,1.1571395415911045,1.1083936730570778,0.831304708164723,0.9004776303910281,0.47512149608756643,0.859579546427514,0.44992210134636695,0.8536385217584764,0.4433854960682026,0.8585932499719244,0.6432112526391578,0.8548187778335024,0.0,0.0,0.0,-0.2348454356339292,0.042728262339378306,-0.005956214904954864,-0.5196991749100861,-0.06593362781572952,-0.026733722210933182,-0.7250189593779309,-0.029499462931963257,-0.07502615917380147,-0.8781937968603454,0.06029826517223836,-0.11266986164478912,-0.5285444668215529,-0.7746220648482642,0.09562083049540367,-0.6957438231327516,-1.1438801949136566,0.007577028344874639,-0.8413501170627966,-1.0518127239247028,-0.0652332614789908,-0.894946640453792,-0.8907648686954134,-0.10308280958555398,-0.4836468977920185,-0.8744976585643757,0.036599500291417404,-0.6762495606575821,-1.3299919168935117,-0.04170550283269209,-0.84054619583184,-1.1844129623287578,-0.08573540674272255,-0.8887741312280275,-0.9519066252325824,-0.10043414669515124,-0.4230968226763089,-0.9311171962995929,-0.0461745852399653,-0.6177572763999198,-1.3462283342657477,-0.11167267628221829,-0.7960069163790162,-1.1586221562442396,-0.13995291144074265,-0.8631077912012823,-0.9164077544245667,-0.14536121346092082,-0.3616071367429607,-0.9273786100417237,-0.13619836223109988,-0.5600172563619534,-1.1396817317533108,-0.1723217576717735,-0.7148675652625276,-1.0139882803701825,-0.1875097103850933,-0.79723675614293,-0.8385532999935101,-0.19354084631402318,0.8874428000439393,1.2668928945232654,1.3061901459298346,1.2672364080867724,1.1731223898073277,0.8227800260187226,0.8896677875293284,0.48669855717339155,0.7850669940257146,0.4101667393308143,0.79325252630041,0.3886342677244768,0.8420848907081125,0.5249565834621203,0.8562715081055045,0.9997975961107148,-0.020118817326711995,-7.811930326644092e-07,0.43167320576603746,0.07665200934392899,0.0786095756104024,0.09948935889033629
heart_with_two_hands,0.0,0.0,0.0,0.3131415237978922,0.03276944153664593,0.07006002842348392,0.5470700830273729,-0.07417856570204602,0.07354309767485165,0.7116626899230951,-0.0351082083745744,0.03545991351080557,0.8612206372430637,0.0640372132583972,0.0015382626232499767,0.5154101140979072,-0.8009406708712254,0.1541426666676751,0.7191531957380429,-1.0093511238009985,0.10173133402653059,0.8638593126417573,-0.8840063614897491,0.04016922679996462,0.9290323498111371,-0.7114589695295731,0.0034965463930392506,0.47262434110157203,-0.8786401488965797,0.06795381479579408,0.7375422699372948,-1.1378911294073966,0.020914778516458857,0.8834149342452143,-0.976503928193043,-0.0283322743500502,0.9324879156277066,-0.7722503638962858,-0.05406688711242462,0.4428121539548815,-0.8702178940660161,-0.028025683798781963,0.7138094349283824,-1.1309148876020823,-0.07023708256641191,0.8631182856186849,-0.9644726082470787,-0.09225657323176309,0.9185858894463317,-0.7502944103011735,-0.09852504471832751,0.4384853407708885,-0.7624044296567003,-0.12506208533112514,0.6865552149270354,-0.8674979195775644,-0.15041388595285543,0.8316126431590218,-0.7726048657411617,-0.1502489835113473,0.9120290233235055,-0.6385993870250289,-0.14461300978513753,0.8635995118960804,1.1701654575983536,1.2119519650595392,1.190146597212227,1.1227283906147054,0.7780221643743694,0.8896533795863424,0.5352764318869616,0.8431089087432416,0.496642728430164,0.8403328065916165,0.4925141341262258,0.8466402193630806,0.6870754075708972,0.856040580751563,0.0,0.0,0.0,-0.2417648908943727,0.0520765555880882,-0.0020234522398359122,-0.5260461636718579,-0.05305581622601243,-0.023028215411360253,-0.7298833531677729,-0.014428728192790953,-0.07237851932302254,-0.8791304917636331,0.09194994821747345,-0.11130283828427408,-0.5391256485359793,-0.7768308745188356,0.09066933261781843,-0.7037912190223743,-1.1795122774244302,-0.005480521713489818,-0.854378798939342,-1.0797816528952109,-0.08252690303440754,-0.9244436742529561,-0.8993393043799062,-0.12041604902897846,-0.48718097387475356,-0.8728891224692702,0.026819369292997938,-0.6778059024602715,-1.3686933783966284,-0.05691696785201032,-0.8547983115709451,-1.223991357807319,-0.10234259971760316,-0.9179303378435817,-0.9847056493140773,-0.11580168980616064,-0.42567314177717513,-0.9292154066575884,-0.06053858370074419,-0.6196437283556987,-1.3828859442509316,-0.1324126818314312,-0.8041669262752963,-1.1834567703047953,-0.1631604998792187,-0.8797775139127308,-0.9338452626352454,-0.166238274739535,-0.36688647269540076,-0.9336173055580443,-0.15436230589879937,-0.5653690578621907,-1.1796167080226243,-0.19400355490289517,-0.724975860985488,-1.0457399632421294,-0.20821335180590034,-0.8100747144017131,-0.8547927916678978,-0.2112480490444615,0.8909060199234814,1.2953406178038998,1.3511666634011708,1.2937196808123208,1.196460403785059,0.8220009358473621,0.8656901096422861,0.4710172948145269,0.8018472592639453,0.4120290412886388,0.7969769963426627,0.37424237492115986,0.8527754352989915,0.49669260903499907,0.8547519385105592,0.9999915574289067,-0.004109144653324152,-1.0619411958272014e-06,0.42689290442006933,0.061459790802421,0.09579909028816024,0.08740666144390982
heart_with_two_hands,0.0,0.0,0.0,0.30796229564554156,0.05616182084223169,0.06351272472722667,0.5512793590996371,-0.048009635833783926,0.07205300432332185,0.7208966007591346,-0.008212559239201056,0.041446686180090966,0.8688812088439365,0.0931001538412639,0.01543831268452752,0.5290278896597203,-0.7872840098179281,0.1642349543586595,0.7205214010613232,-1.0025987206590337,0.1223463875417051,0.8651616570725076,-0.8931352487330522,0.06496155770666708,0.9371241747231064,-0.7402745895865452,0.02856564758007601,0.4861252244355816,-0.8697925269569606,0.08451760891838113,0.7345609054965938,-1.1400687048398879,0.045133406492374926,0.8833159981049657,-1.0039457315475333,-0.004635677543238521,0.9397017265273927,-0.8086091864340436,-0.03197569492886903,0.45077266576911085,-0.8708804515796292,-0.005738682260468829,0.7083650259297654,-1.1322949283958466,-0.041501274840043303,0.8613013905585357,-0.984447113105527,-0.06663279118429534,0.9258160099948678,-0.780418223773405,-0.07642364482860106,0.4383816868353737,-0.7723784679426985,-0.0979955996273341,0.6774344042783296,-0.8620995664123529,-0.12219060974137642,0.8280596718771225,-0.7851682971095224,-0.1276154438422404,0.9204134671177354,-0.6656097308751819,-0.12662954929260667,0.8739911528304578,1.1945811747468902,1.2401252341156002,1.2132718004838576,1.1429052047486141,0.7883405641434114,0.8833850438813238,0.537621914227612,0.8485705658165746,0.5088237179817096,0.8251558313843306,0.5066277782473166,0.8410165678543368,0.7352618393695434,0.8591505574582763,0.0,0.0,0.0,-0.26742324738068685,0.0579421208567519,0.0008053120730750285,-0.5534896662373162,-0.0398427072767309,-0.015027917165408716,-0.7652772604899085,0.018287484811850108,-0.06143794982884492,-0.9275892977329128,0.13997903642896006,-0.09904764039042471,-0.5448634250293625,-0.7638781753927383,0.1234121280419019,-0.7165103290145336,-1.1256182296043968,0.043491495645811305,-0.8685373734221044,-1.0658598169324642,-0.027220952374103533,-0.947148095222257,-0.9213618806621039,-0.06437030396212841,-0.4920279266134768,-0.8685553867381399,0.05933009017862206,-0.6834035333485651,-1.3407164576270199,-0.015314428354791633,-0.8561153601529244,-1.224627963228299,-0.06405396895163176,-0.9300968123871537,-1.0060650723180191,-0.08137380094269557,-0.43129099397723847,-0.9361691317537918,-0.029018904095667014,-0.6380594372303916,-1.3765617352960586,-0.10189399238877986,-0.8144675048921196,-1.1815761379032634,-0.13672126963707465,-0.8893052002589215,-0.9364610085356564,-0.1407089006877921,-0.3796446797301423,-0.9495637114336724,-0.12285166507436597,-0.5978970699216395,-1.1806327286397051,-0.16176261258906366,-0.7531449868295043,-1.0358355881368895,-0.17435157342391658,-0.8366112132325695,-0.8429105309123001,-0.17656432992900328,0.9433061385229767,1.322928858802519,1.372540966831543,1.2990850451175036,1.2006629201539478,0.8053183544229863,0.8825329038096343,0.5445097748961172,0.7813984897896623,0.4473467572866847,0.7891212139967831,0.383083714270847,0.8558766427838511,0.5042767371908897,0.8680697174081305,0.9998164730417921,-0.019157772136889985,-1.0110790571858226e-06,0.4255445171571123,0.04849987683085962,0.08334661263014383,0.07515299193557969
heart_with_two_hands,0.0,0.0,0.0,0.30963608605442045,0.038637714372595375,0.06582908551478474,0.5563294337634083,-0.05078889892076052,0.07252181309409467,0.7279284263895995,0.014974244394717643,0.03776936771256693,0.8836377978980178,0.142551556574937,0.00549319182800122,0.5446600784305894,-0.7611348191008929,0.17938766187751606,0.7288582505801577,-0.9578085646629817,0.1412756593592736,0.8749258515112637,-0.8609779329810645,0.08282338222468706,0.9573040763853555,-0.717097456361136,0.04387270884851165,0.5007428642880986,-0.860214563373358,0.09637161835796872,0.7352168650381392,-1.1368677602735782,0.053557528557089916,0.8900044387268342,-1.014018844893472,-0.004370605338405414,0.960865315383456,-0.8144504195604583,-0.03797078993936655,0.45805084478288755,-0.88681247452845,0.0020631890577673716,0.7105767709536049,-1.1772632498590014,-0.04406611628097284,0.8697319252027303,-1.0218916033387873,-0.0830621926760149,0.9451633878605897,-0.7983840948016907,-0.10101058563058647,0.4382732496327222,-0.8141678913070722,-0.09272974025196974,0.6846101029940153,-0.9113874932679081,-0.12604233574120355,0.8399086477983184,-0.8110682303732886,-0.13864698708854387,0.9407285092677748,-0.664546213370303,-0.14258915455939974,0.8950792586762665,1.1969062917226794,1.2601719807699956,1.241351735405343,1.1605703187881131,0.7641231371577447,0.8991453459382872,0.5643136852585127,0.8547076387647791,0.5202777621237747,0.8220181387430633,0.4885857201263453,0.8478220005109244,0.6988036489526005,0.8736971001844319,0.0,0.0,0.0,-0.252049049821307,0.07943827781999965,0.012420002989059894,-0.5430263585915254,-0.015609199911033395,0.002149004139712104,-0.7559907737000098,0.06798180795156383,-0.04289180791491421,-0.9237665596429041,0.1810684886839497,-0.07864997256281255,-0.5244830916643555,-0.7668148752353608,0.14529880540126294,-0.7018258705624758,-1.116367646494013,0.07556053528688937,-0.8551285837297968,-1.0407492090416315,0.01377117182955522,-0.9193157239976895,-0.8819663262982579,-0.016465368170304424,-0.47581132584914954,-0.8764024003374374,0.07431295227921232,-0.6760627727559566,-1.3385475523527954,0.013262252150215415,-0.8476050024641576,-1.1966329614029518,-0.024517960778791464,-0.904867671344342,-0.9618747993420373,-0.03377198289872131,-0.41811187276206,-0.9438450551673797,-0.021360424214429036,-0.6333551022954629,-1.3633830748963098,-0.08409953921116543,-0.8096099635619239,-1.1467005780880404,-0.1098676524842589,-0.8718627737706655,-0.8919731546948068,-0.10778993347768721,-0.3752078553667822,-0.9496561311160403,-0.12263653455664202,-0.5987495271462193,-1.1672315716766726,-0.1582766402703412,-0.7576257776627768,-1.0091271309060925,-0.16741277032045407,-0.8340552332234044,-0.8053525761787965,-0.1656744248619999,0.9446249374714326,1.274078925915669,1.3210333754611685,1.2519502684781088,1.1711912393279444,0.776237237316619,0.931185564767423,0.5222915985936727,0.7700509446864348,0.4187520828801031,0.7932575142162476,0.37424968264320924,0.8555714464730446,0.506514786279675,0.8625984095546397,0.9996183015039063,-0.027627003045069296,-1.092259971100516e-06,0.4146564389889822,0.04310710807562526,0.06907464417782753,0.06270776790329777
heart_with_two_hands,0.0,0.0,0.0,0.29154673860535757,0.06578928189272756,0.05016047494259118,0.5538426663746402,-0.030019320705376384,0.05408200084878696,0.734605487794311,0.052429464935340585,0.019717917482504548,0.8879991601042919,0.20538592999223684,-0.011196249485517352,0.5416883795391032,-0.7641475207983944,0.16596179182120308,0.729249418443221,-0.9680910533232265,0.12478127400159521,0.8804207763838018,-0.8701439125958347,0.06555375520727669,0.9666588162182758,-0.7212904886320435,0.02680448200171945,0.49981422218978067,-0.8615057345045227,0.08940700594834454,0.7371366023821001,-1.1313913906934772,0.04371421973774061,0.8911966199352338,-0.9926861118153979,-0.011999743064460921,0.95842904729751,-0.7861345451489834,-0.04145361602940957,0.45861563544338524,-0.8861471691296132,0.00015015838936645277,0.7171449984172744,-1.1606926293407507,-0.046935190011043196,0.8781444811930201,-0.9920560446762221,-0.08012629303626691,0.9535665346943418,-0.7637445969769033,-0.09188469194547844,0.43808409859771863,-0.8122861961025217,-0.09171530841833976,0.6894463543632153,-0.9013630287399581,-0.12599164178312092,0.8449567480732882,-0.7937878537508832,-0.13566888835251853,0.9433597961073612,-0.6451820184967089,-0.13547911397527074,0.9115104193519927,1.206402800153809,1.2402871296849474,1.2251684545866757,1.1508875410858934,0.7465214971444963,0.887678523805291,0.5652817621559789,0.8525141504682014,0.5068485904659629,0.8319656165627507,0.4889280016043536,0.856575912498304,0.6993477298303725,0.877725277563472,0.0,0.0,0.0,-0.24342610542379237,0.07440015200894662,0.003923317040202193,-0.5319132344761375,-0.030483431155765923,-0.009970090255755466,-0.7446912327067715,0.03453560567734103,-0.05498164709930992,-0.9084203076208852,0.14495134032856652,-0.08914772422690706,-0.5265222768864015,-0.7755079296274248,0.1260768101211818,-0.700319169062812,-1.13948080811255,0.047304614688046864,-0.8465678976603777,-1.045588372021254,-0.018278908438969493,-0.9070551824078033,-0.8788823336779726,-0.04959275924953208,-0.478060256558723,-0.876175866445509,0.06143486109262019,-0.671969451645654,-1.3373369596679143,-0.007070338122927689,-0.8423838618876547,-1.188091548664126,-0.04617035014974895,-0.9004499272004765,-0.9561337594531777,-0.054559406035997154,-0.4207972503496383,-0.9362260221137871,-0.027501627356607782,-0.6285458557453961,-1.3523629707105291,-0.09415426525106423,-0.8035159517933206,-1.1350441888016694,-0.11858783710143776,-0.8671302749326928,-0.8856150848667175,-0.11430993862161563,-0.3749357265685694,-0.9351642078836537,-0.12249650338064635,-0.5939873700336094,-1.1547300500175532,-0.158039122218776,-0.7481488273858421,-0.9998611179160114,-0.16555722682670745,-0.8230984012745713,-0.805368180897629,-0.16179159839442037,0.9242216525790272,1.2639789168154958,1.3145259853454443,1.2447070957924231,1.1628780702610797,0.7905635875868496,0.9067362734279112,0.48502279799455483,0.7918726572269021,0.4079450061971891,0.803422269948335,0.3694897979526944,0.8599004012070838,0.5001520544611938,0.8667790135577097,0.9999906280458414,-0.0043294132391399,-1.2199924517477696e-06,0.4140399606047339,0.0408460015697801,0.08353775619122883,0.0640142221773938
heart_with_two_hands,0.0,0.0,0.0,0.2974717620334753,0.07208190307020833,0.05763132803804384,0.5653215205550554,-0.022873924231843305,0.06580351403111313,0.745637342576792,0.08845164532628966,0.033467653219434,0.888714495153833,0.2762387341852951,0.0022021772756133347,0.5638225961385265,-0.7426927411645772,0.17632172512393288,0.7424172381206212,-0.9355314172815229,0.14262451688801592,0.8848094727408843,-0.8427737755197751,0.08902496653543338,0.9671931968433478,-0.6996139910691495,0.052201836408936615,0.5211952115461199,-0.8480782086950432,0.09549294946749658,0.7522706130555272,-1.1131731906384263,0.05427448353876235,0.8950308197211385,-0.9815145952285057,0.0011353754724777534,0.957383232201477,-0.7805229075845481,-0.026672091723170997,0.47493240530803604,-0.8832600933785031,0.0020449970543479396,0.7332082902551299,-1.1632456943477356,-0.045505538672104016,0.8881841787669876,-0.9945464413560867,-0.0808783508998765,0.962015313557425,-0.7654889838194101,-0.09382217059991388,0.44580003689960085,-0.8201174104758333,-0.0931131913458451,0.6991777937825544,-0.8955025575985227,-0.13307900614603266,0.8566370810757982,-0.7867859212656699,-0.14900564132655075,0.961333315006319,-0.6388436426016499,-0.15306618555687196,0.9306589825202245,1.1948420181112749,1.2355201588973261,1.2329839607894106,1.1643505483292023,0.7107213128145311,0.8843169092371587,0.5634452088968281,0.8527069923635913,0.5012352447386413,0.8307968788286884,0.4802230908891305,0.8599190160887379,0.7169201314560758,0.8868992351973545,0.0,0.0,0.0,-0.24755452995837843,0.06345769364826921,0.007247651882656195,-0.5361256318158706,-0.025295167770148275,-0.00878836223979396,-0.7465869220190766,0.05361343865582662,-0.05710752727190908,-0.9093898097215336,0.1718317441014258,-0.09557656347377544,-0.532265092307043,-0.7732562824576784,0.13114955696423503,-0.7087552650259787,-1.122019257162181,0.05184693052651648,-0.8547833115791346,-1.0251993534576447,-0.01843155296931242,-0.9228002637457074,-0.8591858903973224,-0.054602501132027,-0.480872037455363,-0.874610538947841,0.06179392166625325,-0.6786597814339768,-1.3357644814267748,-0.009739952266360099,-0.8489235209835687,-1.1981557800692468,-0.05642433189240283,-0.9127196307085814,-0.964416384555091,-0.07184934836851783,-0.4208993350559133,-0.9343169764233944,-0.03199109351118215,-0.6337862926780613,-1.3439009578767216,-0.10071060667951638,-0.8117490734454847,-1.1320428334299006,-0.13317780470364898,-0.8840866419281618,-0.8801172719147258,-0.13600772801310534,-0.37205662723039645,-0.9304482859475088,-0.13133681822728777,-0.5983926804983268,-1.1359009578373778,-0.16731027171291224,-0.7553895136102673,-0.9811153009556849,-0.17896289044550456,-0.8399899101441116,-0.7875138332805518,-0.18042140411345436,0.9304035972586099,1.26203888773558,1.3297813414016995,1.2548759718943223,1.1654668462956859,0.7868992061527146,0.9156773431724484,0.4897613474255945,0.8095497319047064,0.42512224678951865,0.7978313018473107,0.38316508601369337,0.8627385118487448,0.5194618838476077,0.8780652277640268,0.9999796260705446,0.006383372340120687,-1.175236686996744e-06,0.413333120025638,0.056971832361097895,0.10284515606073107,0.05311020135361948
heart_with_two_hands,0.0,0.0,0.0,0.2975910399078906,0.06119453403984483,0.06543071107845141,0.5536874493177231,-0.03358588428401077,0.08147881974976595,0.7320249937048634,0.06573038152475486,0.054498901992823076,0.8735361853553072,0.22455476358492363,0.029198990097042004,0.5334712761002132,-0.7637588118384236,0.20235872262967886,0.6980454182699709,-0.9489658057969966,0.17178199588034102,0.8435066570980455,-0.8592182431963313,0.1186578936126194,0.936205324523976,-0.7089777680967734,0.0813939352264777,0.4979560904592186,-0.8590920649930169,0.11832394449393757,0.7199062024838333,-1.1122535365545854,0.0803113556078386,0.8607954707377607,-0.9825545950846873,0.029898452620313612,0.9347659583528345,-0.7871165570789945,0.002874320884978223,0.46704154651564694,-0.8803747534745773,0.019928854957369832,0.7235024707350541,-1.1346742286516236,-0.029917929517508882,0.8834566466176923,-0.9696779768167242,-0.06577784555103264,0.969217154819935,-0.7379631369878692,-0.07903315630957361,0.45468707108302064,-0.8070837841115869,-0.0803999605409713,0.698630587054711,-0.8697437030511846,-0.12609785507274845,0.8575725586116623,-0.7555323466349496,-0.14611603018618355,0.9680698046708783,-0.5955959796879144,-0.152769293804415,0.9024094913045129,1.1771808943463944,1.2220262407345157,1.2207447417648292,1.1468357227019998,0.7194392639113494,0.8941698794783447,0.5641319054178632,0.853810354083579,0.5016696988336078,0.8492427196679255,0.5031946484245006,0.8646685373199048,0.7235424940019783,0.8889423173021709,0.0,0.0,0.0,-0.2653754606910525,0.08175668854998286,0.019157869170304757,-0.5569676506454582,-0.008491509153390493,0.009786127755270355,-0.7632696791707683,0.05360828063227735,-0.0350480300316516,-0.9226957561308348,0.15927601847127026,-0.06837035742179196,-0.5531546690247523,-0.7579162700725003,0.1499764933335959,-0.726960867758064,-1.1284645656313579,0.07111105919711669,-0.8752621609648051,-1.028882821517015,0.004254703688797454,-0.9273791685787193,-0.8317285599714792,-0.025472401248425355,-0.5001844804404592,-0.8626265645323169,0.07543802548900994,-0.697456285257992,-1.3312282363623553,0.012585466216179413,-0.8653180001538504,-1.1797590756484924,-0.02239467092167629,-0.9094507665271616,-0.920581809078087,-0.027264921835106128,-0.441220806213114,-0.9227012516604347,-0.02458086844625985,-0.6554490676110284,-1.3456445370387995,-0.08461059670396627,-0.8305137426227092,-1.1343917996120116,-0.1036953402346454,-0.8839638741253905,-0.872551796296872,-0.09639469135567552,-0.3954506773262432,-0.9234379579340165,-0.1306204585287811,-0.6172020134391721,-1.1399987663398734,-0.16541705475737256,-0.7758541366472578,-0.9845677867453082,-0.170425523964749,-0.8473479236694939,-0.7787705836751858,-0.16367199512901562,0.9388348173219274,1.2459748645182807,1.2943395767359505,1.2458052434073406,1.162441674981719,0.8049157931386568,0.907840567932821,0.4765502069294174,0.7683507582802116,0.4015801266815693,0.7840269275111118,0.37394672861705514,0.8409143567883692,0.5077887747247827,0.852197700130882,0.9999450145588701,0.010486556033332683,-1.1919571985073502e-06,0.4164544302406388,0.07124340404032223,0.09686744915574802,0.057713276488785464
heart_with_two_hands,0.0,0.0,0.0,0.3194441457189359,0.08425329214609648,0.07329735324184876,0.5916439546961257,0.007256564383819746,0.09758647573004711,0.7839682625009965,0.12091965974844218,0.07612964865687082,0.9310570779324706,0.30551444527295196,0.05460842025628366,0.5936780825485699,-0.6958371926501318,0.22790975152376886,0.7604001026507299,-0.8323429277257444,0.20260348844110151,0.9130638241007427,-0.7466298721583348,0.14878529249825556,1.0089402950777746,-0.6138017595508706,0.10784175673686494,0.5651707157084299,-0.8129156710036677,0.14053531208304082,0.7948841852728101,-1.0703293441046382,0.0942122806271166,0.9469600486802343,-0.9263048051659708,0.035654400417980014,1.0263861717012865,-0.7231575305793272,0.0051357683031104506,0.5314711707383646,-0.8702856001532232,0.03795229472557689,0.7977077575450717,-1.1726591688360035,-0.026840930948109156,0.9638404203144812,-0.9861274367213648,-0.07510434628723239,1.0486399992759488,-0.7318523231257702,-0.09235663558727714,0.5075564022624771,-0.8404092450961207,-0.06463000706158248,0.7619087974509647,-0.9066837311156861,-0.12846065011717558,0.9296219846492768,-0.7799509145120616,-0.1644351464219477,1.0476801809740919,-0.6075404512363719,-0.1803018956823898,0.9814216413965392,1.1858933187919836,1.2555683030441938,1.2821011734972594,1.2244378036801475,0.7363083672625386,0.8845640602880471,0.6241905366152898,0.865936969243736,0.5024073850809166,0.8566471168834384,0.4722325465591046,0.8658152016790052,0.7184648263377343,0.8936503765751398,0.0,0.0,0.0,-0.26629412273601594,0.07824130554309328,0.01901872946552984,-0.5494887537045975,-0.023784548205029954,0.017192707046993314,-0.7465962228425418,0.05908494200965347,-0.020091984537427644,-0.8901876287168575,0.20137793357689843,-0.048016081722486205,-0.5566567369405881,-0.7469961875564675,0.16001242506074848,-0.7232327615920824,-1.1111599105742824,0.08506152142025826,-0.8697586501845632,-1.0307007697634758,0.014498993119554339,-0.9238690027760503,-0.8462888233651421,-0.020925707192917985,-0.5076398618074686,-0.8571058245456847,0.08758639297263154,-0.6947501744481868,-1.2992640246373426,0.024357038681336703,-0.859970452996574,-1.1681790974488657,-0.020981537329658264,-0.9069223273603608,-0.9282159599007686,-0.03589674824782453,-0.44317357637408716,-0.9305140596829324,-0.010018351856188127,-0.6466133423842217,-1.3342750437451312,-0.07015952141033958,-0.8220435085677587,-1.139214772345119,-0.10116874815130539,-0.879975779730791,-0.889055325745144,-0.10420025173286108,-0.3829504473399691,-0.9645985667921476,-0.113690766771333,-0.5882088382696286,-1.1797402049926982,-0.15034460586356463,-0.7412723620879974,-1.0298824338116337,-0.1618139542450243,-0.8052713933836844,-0.8239644254812638,-0.16129008495874417,0.9139434504148624,1.2530668745381046,1.2982224588313076,1.2552427803456228,1.1633545817878437,0.7586232503676852,0.8790897103843596,0.5017057281432582,0.7524549098440544,0.4256524052638249,0.7722803952640132,0.3889058450251016,0.8362045879581326,0.4980056247780298,0.8416187393798217,0.9991430042939125,0.04139150842312504,-9.965750833450768e-07,0.41669458064699033,0.08278850722108862,0.10508754396068216,0.07636210205429844
heart_with_two_hands,0.0,0.0,0.0,0.30056183516795576,0.0885706154997164,0.049507021033999524,0.5784200975374149,0.04879906172754644,0.05330343095460679,0.776579967031516,0.19634108495095984,0.017411975400072638,0.9167651945901547,0.390247143484239,-0.016344730025905703,0.6135701094421803,-0.7111817744313979,0.1794181369468219,0.8007002292719335,-0.8940344026275884,0.1381004410896131,0.9366193972459188,-0.7872227282307022,0.07847442097602716,1.009441684893974,-0.6193443148600289,0.03984266969927839,0.5810212969517414,-0.8073945785311604,0.1026072465618606,0.8294037904542374,-1.0441524475385637,0.06233157685914115,0.9677664227867651,-0.907557291624906,0.010662196865014349,1.0313156856195347,-0.7043562968492649,-0.016709191443053995,0.5418233870623416,-0.8507044875365787,0.010478763090653292,0.8131000555597329,-1.0865362244865087,-0.038622690790725014,0.9651955727403763,-0.9238117598324443,-0.07113672654607041,1.0419493964466675,-0.6956665787199942,-0.08096338915853503,0.5054498737326405,-0.8084908303640699,-0.08457069393676764,0.757946679980101,-0.8521373043332109,-0.12522740641849742,0.914543974706242,-0.7402639541859122,-0.13834697545221136,1.0247562753661836,-0.586956639820883,-0.13810674081132943,0.9965030884092393,1.1849672290320057,1.2490032159265168,1.2554543416180428,1.1889983148809433,0.7468166038784618,0.9039511038570377,0.5552661447775876,0.8431855912821191,0.518823331631447,0.8418552600108049,0.5174742108024591,0.8606997170752047,0.748224291470247,0.8936222617376198,0.0,0.0,0.0,-0.2605375306421971,0.06832902683512751,0.016899897576332916,-0.5486256935383118,-0.040547708163226344,0.015554730071122295,-0.7434897026965465,0.035571845653060784,-0.0184691850073441,-0.882434743792383,0.16615515698308278,-0.040699083543535075,-0.5352316628871144,-0.7900464293337502,0.15741589935014713,-0.6701594233366955,-1.2031442875641287,0.0936532847689891,-0.8053734380646926,-1.141898639533273,0.03613817117444058,-0.860782719720565,-0.9791254324893073,0.009241369767063355,-0.4814765044082422,-0.8720943339206192,0.08736045127156573,-0.6373267975399423,-1.3413428622319619,0.03682055501927214,-0.7953300188203579,-1.2280785876321991,0.00795181772856254,-0.847300912161896,-1.0085607292524112,0.004314349030438034,-0.4166074836712727,-0.9166915317771401,-0.00807230615632758,-0.599626833409534,-1.3427464222367247,-0.06146820613055016,-0.7727777373752144,-1.1757166880664691,-0.07869083334838806,-0.8403343274245907,-0.9499097956235789,-0.07140770767244412,-0.3623625155401285,-0.9194263990595235,-0.11004008381604319,-0.5625275244806679,-1.1525508387838082,-0.14513450651679136,-0.7081765450203817,-1.0298819577059886,-0.15028190577888279,-0.7712865455487774,-0.8425138062742439,-0.1432193739901356,0.8988631868339503,1.3037326819682313,1.3172441664126255,1.2702714128818304,1.1511838420484397,0.7622266783071192,0.8787476417158926,0.4845658077383165,0.7406750108226344,0.4106379249496657,0.769118592632957,0.388742856273919,0.8336900538128741,0.5039841507033328,0.8251065597399713,0.9935555581749949,0.11334616366851553,-1.097453328179326e-06,0.41700999643108433,0.06113669923621728,0.07891847915252978,0.07582338995053621
heart_with_two_hands,0.0,0.0,0.0,0.29512943092662636,0.16605196911028422,0.010388675540560544,0.6197431785066384,0.14006639708139984,0.001881787301735399,0.8512305630046569,0.3000740740276421,-0.0383404846797464,1.0053227705794443,0.5318372675140551,-0.07772432829848126,0.7408297350247438,-0.5783230637993153,0.1159654433803584,0.9524689461786288,-0.8207689331511107,0.05244492194840108,1.091786064718784,-0.7231757465797057,-0.022872968365157113,1.1682681872045078,-0.555873555320036,-0.07214604094830822,0.7057618508511838,-0.7064547312622613,0.05312177105742416,0.9611957745745656,-1.0510978283176877,-0.015228205159880062,1.102146225701777,-0.9215686472422678,-0.08873062564014654,1.1625227517085766,-0.7062413494328338,-0.13031215996190737,0.6491159962856344,-0.7846623770539065,-0.025933387332535016,0.9283493204049316,-1.1255512970874446,-0.10527181944986974,1.0879880818420704,-0.954418154084712,-0.1625236200286259,1.167642236644792,-0.69601962716178,-0.18523029711295294,0.5787865358487121,-0.7877300079607983,-0.10886631306498105,0.854192724065959,-0.8799652958495171,-0.17705743343602792,1.0346884145773365,-0.764941194898674,-0.21275578994090347,1.160598194135435,-0.5888529533905509,-0.22716295558509556,1.1399850101522373,1.2957820102018542,1.3664615804781082,1.3719117964212673,1.3211127799462707,0.7798722479124675,0.8805024790844219,0.555616556057805,0.8335692302220631,0.48708197650035634,0.8209685118224436,0.47276513686955923,0.8498406072083288,0.7217302053196617,0.875044951525499,0.0,0.0,0.0,-0.2237267403302605,0.03094782774960875,-0.00713014006786155,-0.5036774556885519,-0.10653675325476973,-0.021922373186413376,-0.7006800511110941,-0.059090720596541066,-0.060664958779267406,-0.830968380533879,0.09596519781390038,-0.0871413910625337,-0.49224827725924003,-0.8255284900595689,0.10759000731621078,-0.6095417420119077,-1.2434208818148884,0.03312211369410107,-0.736249605834134,-1.1923082901286899,-0.030570589041594817,-0.7775748649022282,-1.033064975048488,-0.06026513396936533,-0.4342422786599858,-0.8990369623725282,0.05626885206009228,-0.5653926461187728,-1.3766134847104396,-0.004832729757071449,-0.7121664871884439,-1.2841770136585093,-0.03638571975433781,-0.7515492633005724,-1.0667115006188714,-0.03985266603146341,-0.364696725442431,-0.9375476286214094,-0.018188161315419255,-0.5160012331296175,-1.3751537596110635,-0.06849028565297871,-0.6698764022583519,-1.249664586885509,-0.08114780016078942,-0.7198706072096219,-1.0336710782962724,-0.07176450044479236,-0.2963835223749355,-0.9399150599049817,-0.10102531006553593,-0.45811057764785656,-1.1905740042592043,-0.13227732769348585,-0.5927010949769502,-1.141993166407935,-0.13780618310074894,-0.6555283255112327,-1.0012789781137459,-0.13103252572960625,0.8410180679836029,1.2944024874713418,1.3054838013970196,1.261681311882925,1.203929607725945,0.7766646398714918,0.7994763962794204,0.49158645777841314,0.7071483557636133,0.41592503659561586,0.7324187487391417,0.39143466612174593,0.7875854930422059,0.5729895346586057,0.7426595104838383,0.9718126586459334,0.23575444109180907,-1.0055359530484302e-06,0.42129791919332593,0.04824832961829957,0.08904643501530617,0.10508727531989519
heart_with_two_hands,0.0,0.0,0.0,0.30200815545227144,0.21150076240810695,0.04312957841192639,0.6394911472399921,0.23261463374317207,0.04636093794454679,0.8613456641388563,0.43385702524466924,0.008809477505055029,0.9991248157799191,0.7153272250717607,-0.02770475888825165,0.7832727076903848,-0.5539580002521484,0.13974638234010028,1.0260306863375375,-0.838461618050215,0.06829629941596067,1.1526773008798783,-0.6506599835280684,-0.009856936210671298,1.1956945116336273,-0.3963909190932132,-0.05653032228892949,0.7396057257332591,-0.6705481679498717,0.057866440374795866,1.0215108872752108,-1.0000668661703043,-0.01514808138409082,1.1614800900073157,-0.7599453715014473,-0.09073107770258242,1.1865087739154694,-0.456049186784709,-0.13095002951942006,0.6791737038929299,-0.7411603053015795,-0.03844156263712399,0.9828786500233296,-1.0314211945263239,-0.11287272876349635,1.1395982786792878,-0.7637362011290789,-0.16669150186454987,1.1903764446842018,-0.4490060440745415,-0.18700423751941794,0.6078538109184873,-0.7316329466411868,-0.13688269792193059,0.8900657084674501,-0.7962580748396543,-0.20191939371484635,1.0592188308830142,-0.6081864749178945,-0.2328544939332097,1.153713477739628,-0.37638645155399786,-0.2420333371624805,1.2291098364675057,1.2609547189445112,1.2778622154115529,1.2859133300983736,1.237457751169503,0.7816922987430011,0.8802542436793971,0.43998017875644563,0.8603252448937309,0.4131102059321487,0.8546723026841565,0.4377608477511987,0.8782346262428897,0.6656276020234255,0.8871431040991594,0.0,0.0,0.0,-0.25535453920135315,0.005353245869305223,-0.005314662340800929,-0.5144510259787978,-0.1422893476866789,-0.028074971617684324,-0.7197569118106787,-0.11973925595028516,-0.08117714240552698,-0.8786179606546655,0.0065042926950283535,-0.12424799255104922,-0.4695571332909546,-0.823118770221367,0.12182942006500956,-0.5921897568857494,-1.2155982788168502,0.037481935618339186,-0.711047537887394,-1.1514538318663985,-0.036967032234620716,-0.7489619721465094,-0.9868485603613708,-0.07436179317472068,-0.41137198108341483,-0.9092556268605352,0.06346099748634369,-0.5431457953932223,-1.3759829523704494,-0.013023695833385366,-0.6879647141374482,-1.267915852049379,-0.061003580621760124,-0.7345306772686644,-1.0494763518854853,-0.07635757811462017,-0.3465777181603885,-0.9623428877379712,-0.019595263891029113,-0.49471931239887307,-1.3920976079305734,-0.087783143078352,-0.6583734161225089,-1.241368597583358,-0.11483626297089951,-0.7229089792503618,-1.0117442340768477,-0.11322878907188297,-0.2880491196730495,-0.9760216394077659,-0.1100846056339049,-0.4499528182092996,-1.2556851780584941,-0.14481191695846315,-0.5979689653488316,-1.1898276812790116,-0.15299363773338234,-0.6799204886099436,-1.031216411547606,-0.15052043075432303,0.8873834516495062,1.2411058750538002,1.2832639669028192,1.2486170534408185,1.2443293608812631,0.7955737627718124,0.8254231546563552,0.4787425039229956,0.7332654874459188,0.4024758221967333,0.7664628359036952,0.3774613440925371,0.8198974486856386,0.5352752149087369,0.7841601831162482,0.9358790871026853,0.35232135093197886,-1.144398851627054e-06,0.4287225949746075,0.0502365035218257,0.08429317873932286,0.09226442231995755
heart_with_two_hands,0.0,0.0,0.0,0.31831928762632006,0.29638641172301805,0.022659604408608657,0.6784394025136964,0.4101013426967814,0.0036440735749994142,0.9146686467630247,0.6929156457811083,-0.05844811989281825,1.066735488936641,1.008018600138343,-0.12064822474028375,0.8847143195863526,-0.3554422625052627,0.12373117455921755,1.1621070009639995,-0.5817654976519351,0.036843737727722065,1.2813035578807657,-0.3816519005266451,-0.053608873372852105,1.2964221473830304,-0.1395519763182747,-0.10799754177407694,0.8512733745716724,-0.5231682633189889,0.04035604045431452,1.1927199587110457,-0.7977191511445382,-0.06659023233978201,1.300378178892802,-0.4925213208717245,-0.16344267303633198,1.2708199858780478,-0.16908184874951365,-0.2101075937042977,0.7896732733678863,-0.6484820662750257,-0.0590966280671312,1.1494156624726293,-0.9072175012401907,-0.16147177061550885,1.2685757566381197,-0.5602399071403102,-0.22497665231524708,1.269239520314256,-0.20913193293839316,-0.24556852646365124,0.7094541585393637,-0.6997851573200001,-0.1615449616235308,1.0232619772117215,-0.7072320547553068,-0.24440174054828323,1.191803433827037,-0.47156816015439945,-0.28429070716750865,1.28285233979175,-0.21808070631823726,-0.2982833543459437,1.4726106395496201,1.308376324819739,1.2991217452632549,1.3095835316968674,1.3350064717660721,0.816279753487793,0.9227149294953786,0.4848938409397939,0.8480168839152835,0.4226156313534528,0.8583651874192018,0.4233025742308497,0.8900299754340559,0.6943628825785233,0.9084828343412266,0.0,0.0,0.0,-0.24451176032918714,0.003380416409733022,-0.020593585841056916,-0.5131642457270055,-0.16508160909667224,-0.04558836435389178,-0.7270224291488341,-0.15624309778993536,-0.0950246941029232,-0.8848109399426077,-0.039711026377270156,-0.13308877106338718,-0.4519229967675299,-0.8279446842655017,0.10247219884524743,-0.5711890026412679,-1.2148543565135008,0.020217304167625308,-0.6890302349072027,-1.1720840602668687,-0.05330412379310904,-0.7314500625380383,-1.0206941848465947,-0.09083728356200152,-0.3924877083963851,-0.9181451130595514,0.054432987448953016,-0.5176921326883778,-1.3842999282070254,-0.023531044740387908,-0.6641165240787912,-1.3091312519363052,-0.07200056413865316,-0.7145895899106909,-1.09026402025827,-0.08629510208885947,-0.3251385314969111,-0.9701256128261672,-0.017808684638614476,-0.46305449437251694,-1.3973583050542395,-0.08044880385756563,-0.6286432357451145,-1.2928745348048556,-0.10714800218235924,-0.6991159118220245,-1.0772739219581176,-0.10576032623605379,-0.2600440825687039,-0.9843413738790928,-0.09911405022733374,-0.41100836900852084,-1.259444296983662,-0.13148572621844531,-0.5608081501671658,-1.2399353428007664,-0.14307405477711033,-0.6503142042893608,-1.1147429265968052,-0.14238951521805449,0.8956450111741928,1.2590024722181756,1.3064305417904856,1.2885912492715919,1.2983971390688396,0.8052497350319061,0.8145889427142894,0.5188505031096112,0.707186249842179,0.45074926285733646,0.7191449871664622,0.42785337360513753,0.775821147444939,0.6201982937703565,0.7377752302385971,0.8941643439276294,0.4477389038799021,-9.464322254455012e-07,0.4362808025872835,0.036175905994062896,0.06595127430712455,0.09379201789939877
heart_with_two_hands,0.0,0.0,0.0,0.29002253536499834,0.3236664160245871,0.0015097743923155164,0.6585736184658039,0.4616826435246998,-0.012782175021053832,0.8912155878833671,0.7860444670577773,-0.06437686801131005,1.0348490294822337,1.127137853377422,-0.11602604441090911,0.9085604463200553,-0.3110885869584045,0.12774541988073168,1.1900684179643266,-0.5070679749408867,0.04538788446617137,1.3293570159423562,-0.32741740197947455,-0.04731646607955201,1.3952441524207657,-0.09084459983758679,-0.10707026569899973,0.8803050655342494,-0.47067534532336486,0.05939453593952982,1.2149911836134408,-0.7022318759051835,-0.03625754176074188,1.342317973126461,-0.45014665407742843,-0.13505747723939296,1.3678634809226768,-0.14361890852658893,-0.18839529445200218,0.8210368351613379,-0.6018682953890737,-0.027891416910086123,1.1564256272851585,-0.7835745714241736,-0.12118105004141708,1.2947087183249715,-0.4655531639990717,-0.18863035554213206,1.338906334409259,-0.10659681521603703,-0.21549854322506395,0.7420390508543628,-0.6810531930016248,-0.12165820032459869,1.0442886232534396,-0.6592882822950622,-0.19717599505881553,1.2072842953845497,-0.41762563491469934,-0.23474394148094957,1.3124136336273409,-0.1345726160238997,-0.2487037748890445,1.5345404189262093,1.4022920622968833,1.3882253708601957,1.3603207987337271,1.3425322723713187,0.8105432006235488,0.9293783897633007,0.5429059083814549,0.8735668206733269,0.4839435194220595,0.8706124395190991,0.4882599880744683,0.9018455201161926,0.7148818655661783,0.9202378463422833,0.0,0.0,0.0,-0.24810807857571576,-0.013143713010282547,-0.016436151882062038,-0.515450359227293,-0.19223511176455765,-0.035628700822083206,-0.7237417616744218,-0.1891281037455643,-0.07852222377171657,-0.88432294827632,-0.09374533947269796,-0.11247459709943401,-0.45669057261029,-0.8330010918028423,0.1051079170436435,-0.5685414764625223,-1.1973076143336732,0.031752058039677844,-0.6768389026107355,-1.1943461521084024,-0.04117387568843805,-0.7278403090683481,-1.0594384957101592,-0.08039552000210202,-0.39782941632534696,-0.9154693326835146,0.060395831166018474,-0.5169761666062049,-1.3207484502203855,-0.0004981335544317948,-0.6452029802579561,-1.2925241988230312,-0.04856417628255472,-0.7045961888164315,-1.109207125140446,-0.0693941846435325,-0.32695567742320114,-0.9636308651241233,-0.007134275825722677,-0.4556320073893422,-1.3556715471741119,-0.059351845118958746,-0.5995905072132116,-1.2980014844874646,-0.0833067041876644,-0.675018680048708,-1.1176435188165503,-0.08508120134363595,-0.2550909530787342,-0.9772724250691661,-0.08314003105792382,-0.3938297459026082,-1.2546390857114225,-0.11215107448861336,-0.5302345436671082,-1.2556680155376445,-0.12052068466422028,-0.6236815904284088,-1.143813926572895,-0.1191651509770249,0.896362538548803,1.2878761125720604,1.3159072112498336,1.3084403174732187,1.308239029408919,0.8038661488296883,0.8370731584425977,0.604780234848836,0.6485647152466869,0.5361689444393819,0.6699475025027565,0.4861730567019137,0.7443199366182077,0.6510658649497457,0.7183989061746084,0.8665789108451651,0.49904006981124266,-1.0942287244659798e-06,0.44116974107291723,0.017614872005427055,0.061999120483387044,0.0823474482096948
heart_with_two_hands,0.0,0.0,0.0,0.2945446682101086,0.3756129094425009,-0.028154432450675906,0.6725682535117165,0.5462971648510128,-0.06478802125894743,0.9166025407520484,0.8897170166621793,-0.13366949447529008,1.0768433226623066,1.2602712227160515,-0.20357623692819576,0.9470405578761595,-0.21103851404167645,0.07537006738740655,1.2581068478526374,-0.36433461953625534,-0.02910816788206216,1.4233491352899652,-0.21598690726872716,-0.13381475077932575,1.5153851637515687,-0.03364673933735064,-0.20320801353500043,0.9152070296603387,-0.4028453171621649,0.010570870390579353,1.2935823623554794,-0.5928898814050977,-0.12210390204504026,1.4397193967288076,-0.3353926961379559,-0.24231481404464036,1.473705821325621,-0.042370385977844226,-0.3051197926725384,0.8457717439859677,-0.5719683044107757,-0.07337775632432428,1.227805988865938,-0.7316013104043322,-0.19723999303732279,1.3672146870346535,-0.41253646368542324,-0.27420916362600495,1.410149658707206,-0.07281073770854958,-0.3023401516962661,0.7478912224662226,-0.687073358832307,-0.16493763447538595,1.0645827470315326,-0.6154013254901002,-0.2643724932917053,1.2515590545579796,-0.3861610511363966,-0.3164277515375859,1.3841324137198463,-0.13058407979302086,-0.3389934265882672,1.6701252589582773,1.5293193892549866,1.5055571013075084,1.4440335975334624,1.4310105813289338,0.8313877849011159,0.9341267318449306,0.6469172652784458,0.8846932329166516,0.5502881822441948,0.8660636714642564,0.5245187226063044,0.9001822888866288,0.7911427844753719,0.9282483048812444,0.0,0.0,0.0,-0.2672635884390932,-0.01921762432514884,-0.025499969788674706,-0.5533971336391248,-0.18606408762551313,-0.05014508967186312,-0.7716915458502343,-0.20465716627702288,-0.09479880301089932,-0.935566564697864,-0.11470660455739741,-0.13062980966505858,-0.4926009805182881,-0.80671862478241,0.08792489829705721,-0.6089885491854025,-1.1588532033985124,0.014258419939101617,-0.7075628649690061,-1.1732166121268117,-0.06038984286196823,-0.7650730172694894,-1.076261605121341,-0.10271873898633854,-0.42641712191758946,-0.9031317213850454,0.05021485799645863,-0.5535193025368933,-1.293035899423417,-0.019333428665496245,-0.6705214264303992,-1.2638506631588362,-0.07410255681296268,-0.7248905821162919,-1.0976524371641547,-0.0980951867603563,-0.3485778366753437,-0.9617406801620706,-0.008622070856196408,-0.4846699926105814,-1.3309814734379157,-0.06636314465126757,-0.6185645355927353,-1.263706800718473,-0.09419836821128683,-0.685780550114768,-1.087493722240947,-0.0969709403235022,-0.26107008202838883,-0.9848527235449411,-0.07520139896967333,-0.396892781329296,-1.275243198317101,-0.10077971805620374,-0.5319730476790444,-1.2838740884148274,-0.10687637064886114,-0.6250988589752519,-1.1772109356570077,-0.10466101573187096,0.9515810786700097,1.3244723114324244,1.3190640221455723,1.2893180065819325,1.3369847040024938,0.8547443605985776,0.8167778121959332,0.6550389214500673,0.6652361392114229,0.5423091037938829,0.6800021374757831,0.47365528997007034,0.7596125318657804,0.6601403153423676,0.707595314544953,0.8552685288896598,0.5181850475357053,-1.1559384144336263e-06,0.4364356858179792,0.050392508335801785,0.037417266010524676,0.09848935731818786
heart_with_two_hands,0.0,0.0,0.0,0.28021930398499634,0.40875654752618945,-0.019062007337662876,0.6443858484116435,0.6061262136272704,-0.04024253351301026,0.9037847770605495,0.9590086618101,-0.0969676012060178,1.0775902630481295,1.3156101358525898,-0.15306763751966826,0.9414861345704241,-0.15574786742016156,0.14943987604482664,1.2442318963388947,-0.3004791842603768,0.08407352570591434,1.3995579811450256,-0.16128063916692473,-0.006239245909526158,1.4720876549363158,0.005361598974625507,-0.07072972860192712,0.9307762433384418,-0.3550195876229466,0.087273576991039,1.2970660156371523,-0.5689129707008413,-0.008588501715767775,1.4318840297291495,-0.33911785886997825,-0.12446941033370217,1.4422088326280542,-0.06192422012817392,-0.19147698547437175,0.8853801757595045,-0.5381452193556481,0.0034890839391074507,1.2649992464228388,-0.7388373308183976,-0.09302808833366044,1.3977982685947106,-0.44687908279930977,-0.17766110985538072,1.413220753909079,-0.11244055121854614,-0.21765689321157244,0.8146501346703354,-0.6666183487136377,-0.08746014073343568,1.133756706937543,-0.6052687368311556,-0.1647392162975872,1.3055887664307961,-0.36057937603810375,-0.2140758741393425,1.404833086457405,-0.07554041938178703,-0.2399426455847572,1.707471963526798,1.473795611700472,1.4561814316613195,1.4342978421514097,1.4271772240811678,0.8583011974214183,0.9429846594423015,0.6386313146938226,0.8711085046513195,0.5286070002832367,0.8416145258362464,0.4999735434945615,0.8730920696905649,0.7594092365415658,0.909024137407034,0.0,0.0,0.0,-0.2597548883806046,-0.012716790569294823,-0.017681250907730355,-0.5620844653341289,-0.17793637568997323,-0.028873139164606945,-0.7789172102613883,-0.1833508083420859,-0.0595474345860781,-0.9282450161059254,-0.07878662779000863,-0.08372033976845766,-0.5220827425591146,-0.8012919112580188,0.09056142813186764,-0.6565762278822224,-1.1144660281720282,0.04111029144232514,-0.7516067341713935,-1.1598026492322075,-0.01378413269190089,-0.8248271173606991,-1.1371399989946562,-0.04919998441901721,-0.45766542048816095,-0.8875032463654597,0.0536688976984333,-0.6128262303612299,-1.2244077769068664,-0.00010474933259994468,-0.7272285798876306,-1.2327356637234168,-0.04433991120286137,-0.798502983529423,-1.144081839817863,-0.06464055039133729,-0.3756736157644351,-0.9463161531450036,-0.0016694948599719514,-0.5309743364581933,-1.272733032427248,-0.05399278269990059,-0.6509527998133123,-1.2141971897106667,-0.08083467002075835,-0.7222983199510984,-1.070327357230075,-0.08392032770049462,-0.2787621507240877,-0.9830526128039715,-0.06355888572214055,-0.42102707256652294,-1.2507065119895735,-0.08754481076014323,-0.5520666183556422,-1.2597891044778922,-0.09537376637399798,-0.6517821052380208,-1.1682315505002099,-0.09564160524864102,0.9353369649142265,1.4056485297946848,1.396677726485717,1.2939699131126097,1.3411682164990222,0.8455226040600561,0.799523324429437,0.758670707103685,0.7875713301682835,0.6658432390876952,0.6990002680912133,0.5059531871540249,0.7848935272863877,0.6783293299214734,0.7410572300100745,0.8571694940116981,0.5150344246115477,-8.840741680369241e-07,0.42694545695121444,0.05965878268806492,0.04525426273329285,0.071320950416849
heart_with_two_hands,0.0,0.0,0.0,0.28744489465691464,0.38729487165193405,-0.045692788576096814,0.6626742180479643,0.5524139179947968,-0.06760216981106555,0.944188741567511,0.8590050010351038,-0.12101834206851972,1.1406146641985653,1.170870707774612,-0.17286387261445757,0.9128323517442064,-0.2020524607120488,0.16980268003837629,1.1879446933331206,-0.3157672505455622,0.10399220985127589,1.3676595932622369,-0.1996207732541354,0.0052595298487073455,1.4828747250502206,-0.04825032616322103,-0.0666956769820779,0.9027960400174059,-0.41355811920432245,0.11802115136310974,1.2492751860242677,-0.5984721449216623,0.02771343449172334,1.4237285567428077,-0.430021369629312,-0.0909662668917023,1.49333149262271,-0.16913884974930984,-0.1632802798142057,0.8644797248886037,-0.6107517062310093,0.037827510729217244,1.2234471256172712,-0.7928211588959833,-0.05737008013421944,1.394243860387319,-0.57103182560273,-0.14143106417394397,1.461181658629293,-0.25604983517188984,-0.18267398472281568,0.7989649292776595,-0.7730396832129004,-0.05411413681640675,1.104295463186439,-0.7304156905292889,-0.1292053002412033,1.2908383205278806,-0.5444768164756689,-0.17503649635650081,1.4174767568299762,-0.28491131570938905,-0.200229691454163,1.6437219792181081,1.485157856086592,1.5117233037594862,1.4946515119922488,1.4596255490064265,0.8668536331052845,0.9428625370148913,0.7027541674268487,0.8959466415718675,0.6198762155365619,0.8276248910828489,0.576926196734968,0.851585075991694,0.7980679715781285,0.8914510094291221,0.0,0.0,0.0,-0.2681685688570813,0.012887907578349784,-0.02893978993879719,-0.5516631808257284,-0.08065338709160455,-0.05258885534622487,-0.7505410410014703,-0.09125252127794443,-0.09255693546527549,-0.8774560975920954,-0.0042964856593849425,-0.12676165986888843,-0.5708168612156731,-0.7495948225405304,0.04816816852329396,-0.7210915989070132,-1.0930239375277828,-0.01808804185033677,-0.8269280007899078,-1.1918159931970482,-0.07796602445870998,-0.9133290413983008,-1.2148327921209072,-0.11309317435250664,-0.4973818179358041,-0.8674162967353761,0.014152573785727108,-0.672400470513685,-1.2496566373191178,-0.05439695165809205,-0.7985578705996439,-1.3217502102477805,-0.1013216674361832,-0.8742838564312498,-1.2705366589718419,-0.1207178676306123,-0.4065107588898613,-0.943674346460034,-0.03681919486110319,-0.565544253679111,-1.2947674126429523,-0.10379983558686208,-0.6772473029838213,-1.227186466646478,-0.13355314403433452,-0.733369352842137,-1.060317192223183,-0.13339911432621565,-0.2947451138330272,-0.9834711452725114,-0.09429634978890974,-0.43529829738760395,-1.2448547374433279,-0.1330763452955788,-0.5611972575860816,-1.247240658203114,-0.1453367846878812,-0.6536722553102051,-1.1486872101038252,-0.1432857182772113,0.8865755362084417,1.524066506671853,1.5469998277223274,1.2961089767126714,1.329398556145092,0.9081886982382389,0.7964095239243314,0.8579337328837877,0.855253673651932,0.801963908178204,0.6573827507840215,0.4758546248395794,0.7671226195522745,0.665322294882305,0.7318320193618948,0.8993840848332081,0.437159316437643,-7.109044449407743e-07,0.40493331447846664,0.14320139704235887,0.07364558440387192,0.07932192014299635
heart_with_two_hands,0.0,0.0,0.0,0.29493319466441686,0.2728825212307528,-0.009402004948953402,0.6267511005824015,0.3563928982325056,-0.018547595752700655,0.8712722457423766,0.588890099970702,-0.0641489331080842,1.060990876237184,0.8149886535949288,-0.10717248096909485,0.7974549733306292,-0.4556243330250333,0.1965204732709346,1.036205760428497,-0.6437323319479984,0.12223337815446632,1.2191206262256236,-0.5145653916139977,0.020611621649422523,1.3409540485701712,-0.32686761578630324,-0.04759971321144273,0.7817993545398375,-0.6095050871359473,0.13150406076047563,1.0860600653926191,-0.8385130284386204,0.04567394449721387,1.266911900519753,-0.6636431879082215,-0.06556900432610956,1.3546803516418036,-0.39688810228861765,-0.1328008094990255,0.7439033648674533,-0.7484143058749696,0.039635952627597386,1.062124521803368,-0.9537628334727141,-0.05203468008372735,1.2417995897111498,-0.7240225805864133,-0.12668876434632645,1.326387629781991,-0.4069061323178461,-0.1595307615122364,0.6804322631351395,-0.8538004110069629,-0.060902184689117296,0.9627688285628951,-0.8810818544479591,-0.13266926954385685,1.1444865010944318,-0.7151915307996557,-0.17036502958822136,1.2682036588142203,-0.47645890018733217,-0.18653250523906997,1.3421602309799279,1.381037990543478,1.417855802211994,1.396541015804846,1.3675335386411043,0.8335618214879122,0.9643940930713483,0.6137870022030302,0.8796212458080903,0.573357398402272,0.843328018532323,0.5458603319594543,0.8649994174580741,0.7377787727692887,0.8846103838668491,0.0,0.0,0.0,-0.29373524862982475,0.048427058678888475,-0.06234819750919057,-0.5988543245104142,-0.0017278409111217948,-0.11022650982342595,-0.8310059545481225,0.04478394560286873,-0.1696877131763089,-0.9970317071827964,0.1767883042610337,-0.22767794367974922,-0.6458025768111701,-0.682053321373459,-0.020272013497031508,-0.8796099588162403,-1.0064311224180569,-0.09759448913521344,-1.0425607903225305,-1.200783570149212,-0.16485864481627513,-1.1809519017208197,-1.3378076130321968,-0.21044925955587487,-0.5779980100495776,-0.8144884114705903,-0.05026855835253953,-0.826953900554773,-1.1574238727011301,-0.1308664345741009,-1.028529332773669,-1.2836614435355074,-0.18979704691705898,-1.1781930250754205,-1.3291394090605753,-0.2244996404524733,-0.477874659092282,-0.9056188305323271,-0.09567787554252678,-0.6801178970720099,-1.2657311209987867,-0.18860125108262543,-0.7959042094462639,-1.1825160679619044,-0.23038856988438175,-0.8529563825690265,-1.0189940954148242,-0.23700844434235274,-0.35040993782889823,-0.9634582476886512,-0.14877158741994645,-0.5134351520180682,-1.2486897862094342,-0.21061735786564265,-0.645981488462502,-1.204412920790514,-0.22807408471359888,-0.7373237507157882,-1.0576319670466223,-0.22787932168656533,1.0378649120620527,1.7968487678467937,1.7902934009869877,1.3498357528770297,1.3092595908912923,0.8837687389662926,0.8539974140073536,0.9685802920620672,0.9699158221734782,0.8795675089903375,0.9176785462240463,0.48650114039164244,0.7928787253916992,0.5685355995498287,0.7767942988102272,0.9595810601447007,0.2814323879931497,-2.1310257003409784e-07,0.3758538354791861,0.2991131912882803,0.07705872140859317,0.08377435016960555
heart_with_two_hands,0.0,0.0,0.0,0.30409706107827017,0.23983644307653054,-0.010213226246476715,0.639331913926474,0.2895137754883139,-0.0229634743159655,0.9175888977052179,0.447061930104226,-0.07339650416718167,1.1330431000403025,0.584037634142741,-0.1195138610623238,0.7327872985451919,-0.5585043004907547,0.21373194798962653,0.9948021967251356,-0.8395499833033031,0.15312886006100307,1.1555458972855317,-0.6789262552737773,0.061905645748504885,1.2022301610525645,-0.46019835454113417,0.006003010824671564,0.7060001194838286,-0.6908510328413463,0.15584826502359633,1.0067082404117014,-1.0263190184309254,0.08554968997249705,1.1698788301020793,-0.8180537063919823,-0.02743571828445311,1.197193774760598,-0.5252283862818606,-0.0967494281380817,0.6704799241769551,-0.8166857546164938,0.07218210789404164,0.9813520270892013,-1.1112264548407118,0.0002494602967141696,1.1437532030405924,-0.838143049916838,-0.07818808452298097,1.172061989547896,-0.49127597081451163,-0.11578558220375172,0.6235682046021843,-0.8971462596769957,-0.019863419126040508,0.9240831205552648,-1.0191598374208195,-0.07138245820903344,1.0908193922632838,-0.8280466234427493,-0.10282673934718801,1.1613136618611144,-0.5596890765408769,-0.11595557088535616,1.2803008191944631,1.2873134512642226,1.31091504069746,1.276122128908113,1.2943519529261736,0.877480882589202,0.982464382899086,0.5083657113202276,0.8207791424277204,0.4687515677729991,0.8191778618712837,0.4452895759806393,0.8512232892420489,0.6099121408335844,0.852003484877747,0.0,0.0,0.0,-0.3251768244310208,0.06080781354505487,-0.03437365388416359,-0.6360758284476162,0.044669827019912935,-0.083934603622122,-0.8725987884650798,0.12353155398352739,-0.15764099228395861,-1.0475968648721437,0.26317457411993644,-0.22470919682965756,-0.7010187800366365,-0.6409440167812371,0.06608389058988967,-0.8972083339035125,-0.9799439052433743,-0.049678283399168105,-0.9887787592561534,-0.9096999392452547,-0.15312695079641417,-1.024947956954721,-0.7503901930516124,-0.20702714238079536,-0.624258282567489,-0.7809131014945384,0.021824861054994937,-0.8480188234418603,-1.1319544289795385,-0.09815752920350145,-0.9349529437157714,-0.9963023848635263,-0.1839151267128377,-0.9424347487361183,-0.7733840358108045,-0.21715543829931602,-0.5271872600042516,-0.8904842295188321,-0.04491587373783769,-0.7404035728717608,-1.2308720174625896,-0.1371230430283044,-0.8502740750983003,-1.0716426823976595,-0.1819839208549528,-0.87891301709643,-0.8425729669996473,-0.18649816422033097,-0.40414803293140195,-0.9689092203520837,-0.11862425461513856,-0.5956873415238727,-1.2288586792018314,-0.16325755237229878,-0.730727717054036,-1.1699970529749528,-0.17654425887469,-0.8100657907040175,-1.0295077609596233,-0.17243351617315628,1.1032743407208307,1.2870369046674812,1.2383305725270963,1.2317462651040156,1.3212971401788698,0.8769942319368067,0.8927489978036074,0.530862681813748,0.7714323303520614,0.4274067105149141,0.8058861908299644,0.39447397606561996,0.8349100888315097,0.5743372829313004,0.791442455757948,0.987102702710176,0.16008827034286635,-9.461466657716845e-07,0.3725138801309326,0.10003942926388489,0.06816876327384715,0.1481184920558354
heart_with_two_hands,0.0,0.0,0.0,0.276146948358241,0.19777541185450595,0.024951121292373167,0.5846341567064892,0.16909402819536232,0.05322551167907647,0.8490564165163164,0.30496403443113945,0.04329685517845834,1.0476889587417009,0.4123246598172071,0.03603174816212996,0.6284914805518653,-0.6453916895328697,0.28805771704603217,0.847337745446112,-0.8459457779370222,0.28137793535696987,1.0276104296025423,-0.7950566942669072,0.22412752539657113,1.1420939050585817,-0.6895192308096351,0.18085501534397164,0.6051569416226776,-0.762937289955286,0.22740221547199355,0.8722420220464082,-1.0370821188265922,0.20752066686780077,1.0607099445975074,-0.9392756218809305,0.1239452396455996,1.1771356608504122,-0.7538615125233655,0.06528888376731927,0.5716776294972162,-0.8726428530510364,0.14169655720287228,0.8552914335442974,-1.1278834875462145,0.09883708077038786,1.0471354625215987,-0.9576488805632432,0.02491109173075327,1.149161117138914,-0.7022097812879486,-0.017263251839411103,0.5338705977690974,-0.9560233352744779,0.050024440163116024,0.8003487491473096,-1.0702004625314658,0.005653309078004125,0.9783567296461897,-0.9236840930525739,-0.03466962552284528,1.1028982983817168,-0.7043111331649415,-0.0585720949562234,1.1264821641900347,1.3463000386998953,1.3993634918967037,1.3468362446654367,1.309912027267836,0.8153026079965022,0.9933501333065792,0.6701509937464059,0.8563737216570378,0.5929836048178017,0.8356552883942413,0.5440172597216044,0.8499305199422049,0.6569722122068103,0.8819617550747074,0.0,0.0,0.0,-0.32089417659025793,0.09110631076557645,-0.0662214149610355,-0.6188385244018755,0.1385806984814284,-0.11948059515411069,-0.8506848900712721,0.2454756791239007,-0.18626679523146067,-1.0287680330482991,0.38986674213961475,-0.2506887205432157,-0.7564062125793858,-0.5447896250716965,0.00645175497570749,-1.0223041520793394,-0.7540636048836562,-0.08122203598523771,-1.222133169806911,-0.8537452889020257,-0.17041311346100946,-1.398185163875542,-0.9067307193428213,-0.23197982538420153,-0.699479341271658,-0.7141642299247268,-0.02642165456949094,-0.9868686208710367,-0.9191353946236385,-0.10944927600446325,-1.210264060047892,-0.965991138348623,-0.18517027910009334,-1.3857293765324785,-0.9424132636947558,-0.23247468502030597,-0.6062420506801208,-0.8557371208394631,-0.07741022359891472,-0.8441381015765951,-1.090655509487549,-0.16236075207760234,-0.9660179764548862,-1.0115579691995709,-0.20221061756821032,-1.0318268933888848,-0.8525321039329223,-0.21046504467763422,-0.4766806653366148,-0.9754342200561392,-0.1391428307032375,-0.6741034844415149,-1.1906881402075629,-0.19044933032846176,-0.8057004632205689,-1.1461731238014359,-0.19704426074464415,-0.8914704353669398,-0.99962441379685,-0.18834822285326203,1.1283636723398258,1.6825269653907216,1.6918726736218017,1.3549071042650895,1.3525692436411525,0.9110054386511715,0.9232177228304026,0.9263605784420101,0.9459804196022552,0.8705247972294015,0.8945798809890192,0.5855359286803573,0.7984737171104224,0.6330055396009474,0.770316611925041,0.9999738424566885,0.0072328695776065315,-2.811858059460126e-07,0.37475046274204243,0.282926880053968,0.1369691311064144,0.15669340267760995
heart_with_two_hands,0.0,0.0,0.0,0.26515278642135975,0.1535152366805928,0.010697963580164099,0.5680783640094007,0.09845398431454308,0.029516717808131546,0.8253867303144735,0.22384787946254636,0.015938628264976735,1.0110668291405254,0.3092797989401685,0.00423001358298086,0.5857300575581186,-0.7100410019893643,0.23365156013940286,0.8088294233367737,-0.9725950522343036,0.21901325532445998,0.9800447296977757,-0.9392255585918633,0.16424808051610468,1.0759681815997966,-0.8349856902002334,0.12533822400576114,0.5535179710936274,-0.8126290064828662,0.18235118178685925,0.8283098662991576,-1.1341431949456475,0.15115603277608855,1.0053141830858932,-1.0348984089681497,0.06754740702806321,1.0915956466720953,-0.8433029294131705,0.013941225711074071,0.5062650212897618,-0.916853407675928,0.10918279680574734,0.7887529995955253,-1.2144801533971081,0.0699552148301392,0.9788139355989612,-1.0724698797364485,0.002516535902674994,1.0732319683552531,-0.849497377894984,-0.034612524233794746,0.4480050206241197,-1.0011677397846803,0.029781369905703514,0.7021730519858941,-1.1907408008545621,-0.00845403280358616,0.8800849971481723,-1.1174605049327475,-0.0442803357780737,1.0022850803365517,-0.9636525432920223,-0.06459398150693363,1.0573211527419943,1.367705487687774,1.3794691893495237,1.3691861377416803,1.3918958254500762,0.7955949861086686,0.9922714327036418,0.6592168897225819,0.8062033111699637,0.5666202106480263,0.8030190942626605,0.5441885364344158,0.8310917982698292,0.6752206223781402,0.837759218934906,0.0,0.0,0.0,-0.35467677318055657,0.11307618644792113,-0.05225116313954248,-0.6822283834399827,0.16202538806089914,-0.0954486391122206,-0.9477944880473985,0.23505641791961554,-0.1582165728218046,-1.161295317372842,0.3240882259006826,-0.21586914580866284,-0.8137970186351584,-0.4888339442940966,0.07329688558540742,-1.0951022930537764,-0.6787061237077047,-0.02781257736229604,-1.2747072915016249,-0.6579830725056531,-0.1338902969959268,-1.4106845578783453,-0.580053863634688,-0.19987201363834298,-0.7598128022793927,-0.6490811880460463,0.037122995798688704,-1.0585352846784521,-0.8078091950949872,-0.05436553399394996,-1.2397880733972106,-0.7508014492353549,-0.14158132027552536,-1.3686597843716741,-0.628893596663235,-0.19452601269085376,-0.6739465808961334,-0.8036142797189025,-0.02365704727049471,-0.9371546097629345,-0.9734866567851623,-0.10788547661858308,-1.0750949287318456,-0.8696481424777098,-0.15292306683179593,-1.1515799805045845,-0.6898600362167586,-0.16785632370305306,-0.5519521257103436,-0.9684950333727167,-0.0953189152387295,-0.777881060261977,-1.1325214639457324,-0.1453640967839304,-0.9156796822309748,-1.0535209753422592,-0.15719392828891737,-1.0054212355407053,-0.883451626842829,-0.15458482199921877,1.22484263496651,1.5383244873529764,1.5187419566515372,1.3528558927228838,1.3473140335645473,0.9518799325294905,0.9602454309343064,0.78079421688741,0.8774598636160391,0.7579026321499566,0.8581756315276138,0.6268512852557613,0.8263999664083127,0.6363553475415642,0.818228910397448,0.9900139572834308,-0.14096937392060827,-6.581257540160572e-07,0.3829352229664432,0.19439232123607683,0.17560748751794872,0.11149600410739058
heart_with_two_hands,0.0,0.0,0.0,0.26221691214910786,0.06999082223530873,0.025283072495784712,0.5447291937865393,-0.040733158409599006,0.050916049666970324,0.7849426036908851,0.015804204935911132,0.044221721956207806,0.958404220465722,0.10596576089656476,0.03781769436759518,0.4978583431020481,-0.7873672607704317,0.22159139869322744,0.6878473673917169,-1.0730885568807962,0.20747362218236318,0.8497015752712158,-1.0682979213289572,0.15942330898108767,0.9556421238761726,-0.9938407716499333,0.12423781144165999,0.46187349961194607,-0.8715294919137082,0.16464876276743598,0.6956669296192893,-1.2106696310147425,0.1380837585540533,0.8726486625367218,-1.1543048518082153,0.06798000157279759,0.9730410062562865,-0.9993787715601506,0.021851712905426243,0.41056303450699094,-0.9530745971441811,0.08800226135096688,0.6546175670524407,-1.2738567362718491,0.05014915234829662,0.8417049267097305,-1.174942763294129,-0.007364725939285854,0.9463881623439052,-0.9853422784269182,-0.03914149621122774,0.3494208261870862,-1.0149983865039323,0.006399607165535407,0.5648867210734229,-1.241846430465943,-0.03277751236366692,0.7298514954300523,-1.186739864669184,-0.06435521820402391,0.8518671310325414,-1.0520095803649079,-0.08227232666951168,0.9649857876135675,1.3843433035602515,1.3950068911149591,1.3667779688763928,1.3561602050822674,0.8044630593652627,0.9210144878915117,0.6734143879193174,0.8215337708613776,0.5951138366523693,0.7884079137586966,0.5580686429988764,0.8155285436498038,0.643473545917777,0.836462127630206,0.0,0.0,0.0,-0.3744919771963275,0.12928896506819879,-0.041568040077979346,-0.6897450294835469,0.25234214330844373,-0.0945713839744611,-0.9300974336976551,0.4677750719562337,-0.17124279553773208,-1.0982223789692762,0.7070261673012017,-0.24479445240058587,-0.8812796129413457,-0.42152811730162515,0.10437534320421084,-1.1339808413568881,-0.6419141677935324,0.010174778150822164,-1.2742932037798511,-0.6125831570119322,-0.09860431443766778,-1.362692282920398,-0.49339019139829243,-0.16574191857061518,-0.8068157467528927,-0.5871967371755643,0.06517931145649955,-1.0646926877806955,-0.8011578177767135,-0.028321106392297252,-1.1604389803805248,-0.7365616332394753,-0.12051778854024736,-1.2041070510841514,-0.5760660533613694,-0.1708270366447907,-0.7098423414106759,-0.7442118068608873,0.0016355939841940067,-0.9537527616939531,-0.9561144001096462,-0.06576702777054214,-1.0569856256096208,-0.8543659837180613,-0.10567790685890208,-1.0952973911909842,-0.6601671834847863,-0.11791849009503864,-0.5801578291112657,-0.8966148950988955,-0.07267507308049934,-0.8023612587736038,-1.0727832704090596,-0.10097589164569923,-0.9408495604850681,-1.0108371759604684,-0.10579063400177385,-1.0347313213246456,-0.85814697235772,-0.10060486328394184,1.3288727248475176,1.4587098829000638,1.345699730532319,1.2842904093725473,1.3480380083711843,0.8853346695094193,0.9295492237590983,0.715354848114286,0.7907803391252556,0.6237662096209111,0.7685667545261564,0.5405800223282978,0.8014854861799728,0.6529657410648346,0.8084121626994638,0.9501849960532491,-0.31168649838415197,-5.594865671913812e-07,0.3997900871234647,0.1389445187409679,0.15138485835958979,0.1748175083755647
heart_with_two_hands,0.0,0.0,0.0,0.272017660632179,-0.003365138250092105,0.028376654717294517,0.5270608787052146,-0.1446618773342025,0.047247235109213644,0.7505669924437298,-0.14604300899384942,0.032149609664182836,0.9180679925351035,-0.1356884563945307,0.018510769841239515,0.4252594741027351,-0.8293927491153155,0.21489354790881265,0.5636060608739673,-1.128102100054868,0.18774109392326774,0.7204926678655451,-1.1481606905554484,0.13096940512737582,0.8295329280764976,-1.0750044175133873,0.0920903135200844,0.38281497102023415,-0.9107895776508683,0.15464489388702846,0.5576394259527941,-1.293612769692886,0.11204520145207593,0.7290953699083764,-1.267325736346639,0.03755637192234886,0.8403912817543505,-1.1207450584751126,-0.00827167942677448,0.33106075802151114,-0.9776727192160289,0.07462995236141462,0.5223900735595405,-1.3680162490311791,0.018472016418841282,0.7024932676589012,-1.2877769684688163,-0.04012378624200459,0.8145684199457321,-1.0878341300558645,-0.06719824591832037,0.2783661163428577,-1.0102761673675413,-0.00935477105049735,0.48019135794882645,-1.2429985383814908,-0.0610569801578175,0.6495838957018655,-1.2032200353717575,-0.09630436073548312,0.781594533957953,-1.0780183705765178,-0.11361484634317473,0.9282256432119728,1.3609702429813417,1.4008552434943604,1.360669103618431,1.3363839104549948,0.8355791320381916,0.9780072805362959,0.6765886020868291,0.7825177730300017,0.5933519057559129,0.7632502133630517,0.5227160833082617,0.7933315921762376,0.6602459849049946,0.8304626644858897,0.0,0.0,0.0,-0.3919331091597079,0.1904527810892615,-0.04404438376211625,-0.7209081504839356,0.381028784051723,-0.09195859735327026,-0.955005794792563,0.6696877767409773,-0.1650293264949194,-1.113374072644701,0.9718399698807451,-0.23723396217532372,-0.9522440440259562,-0.23467220682593343,0.09669186750624717,-1.2658676260914945,-0.328818784639627,0.011348687720836824,-1.4800041376119342,-0.2844090540691807,-0.09226831137687369,-1.655968215222461,-0.19624501979988168,-0.16526339485376637,-0.9103700898987317,-0.4106589832025761,0.05084780165160924,-1.2390239031489099,-0.4978601439199452,-0.02854772270059365,-1.4358886803307747,-0.4145647923149299,-0.11561501199810433,-1.582905751117023,-0.2574421092533962,-0.17152553095646114,-0.8402702201065144,-0.5935613845450162,-0.01921432289190303,-1.1387851386437804,-0.708348639457489,-0.08473816038534637,-1.2944392926046437,-0.5757118450082614,-0.12477113944678583,-1.3963425657357469,-0.3669571704003662,-0.14091690351886227,-0.7359416243494494,-0.7880750154259046,-0.1020656979684097,-0.9971468647567573,-0.8951371911594863,-0.13215472379616702,-1.144130900731605,-0.7900244746336532,-0.13295092861787836,-1.2541463480708954,-0.6007597307494882,-0.12694106295377855,1.4967814488109672,1.6757251646084181,1.6128509119897227,1.4506163171187192,1.3963915460692236,0.8834722545942749,0.9378844827709298,0.840484627076731,0.9188977876689525,0.7943456482660524,0.8669635795092301,0.6658468813277506,0.8645505990520597,0.6776183789519268,0.8648462016005003,0.8885400176736314,-0.45879912488187097,-4.1497890474152337e-07,0.4222756795540854,0.1479967510081702,0.11294424015077076,0.14039389319300252
heart_with_two_hands,0.0,0.0,0.0,0.26869503366866754,-0.046859369546498685,0.04660654825957752,0.5040829987222429,-0.2469036079638502,0.07279833216350994,0.7175839465738957,-0.29300740722737945,0.06003058547675676,0.8840940949912044,-0.2749712655297064,0.04687348364173393,0.3684579308330435,-0.8599016318375999,0.23955079391069034,0.4892075066800941,-1.1604832000132126,0.225342370862348,0.6356600799581228,-1.2150451289529642,0.1754543204713395,0.7366339374832922,-1.1608370030736759,0.13911627216759473,0.3243494272374236,-0.9303930518073159,0.17078119978330294,0.46436341804974546,-1.333723286234481,0.1380058967638947,0.6281685089855423,-1.3314600783861714,0.0648293889422815,0.7331868501634325,-1.1801517399898547,0.019502308485768532,0.27467815869115436,-0.9867743853656871,0.08403913267825779,0.4332852682963339,-1.3923802228740494,0.03946068807925033,0.6096548813601154,-1.3470926227500044,-0.018936234972613684,0.722594315276297,-1.1652898557577236,-0.04866661366637081,0.2320430710396417,-1.0082926443892062,-0.005569286770899802,0.4078851456863464,-1.2510711996865667,-0.04566285801842827,0.5658781523404249,-1.2372983444482375,-0.07844803006836927,0.6902903174095479,-1.1348010858550341,-0.09675366703325158,0.9270537682001174,1.3818557966513803,1.3894968250017454,1.3720099969341435,1.331779072838855,0.8371373562351333,0.8980014438514083,0.7269482190168263,0.7431362533557305,0.6029644826835164,0.7100386835790683,0.5465829153723412,0.757392615243989,0.6762307090075114,0.8086770090564176,0.0,0.0,0.0,-0.3883224823497005,0.2976638293137066,-0.04634244561503816,-0.7309439987446497,0.587946072137525,-0.1044714408320214,-0.9632333514932011,0.9327197754670976,-0.18680867773717588,-1.1318262648943027,1.2331783587347407,-0.2630758765724699,-0.987449897677753,-0.1747194101450022,0.0980378821057568,-1.295703493828349,-0.26465424962384443,0.0017833609656423236,-1.4689776042338296,-0.15111348247139442,-0.11038241738163562,-1.5818804591165305,0.022238700779040686,-0.18214842710583337,-0.9280212289416175,-0.3679040002295829,0.05850850578130411,-1.2401560399102172,-0.45363369663669484,-0.02687334727382561,-1.3692978349639053,-0.31314510320344296,-0.11185557288807725,-1.4352332088514836,-0.10510953463595281,-0.16306121658464753,-0.8503927009910331,-0.5581888929155189,-0.006792722943859862,-1.146109787089495,-0.6624487241765752,-0.07079863205979728,-1.2548654716904857,-0.47566780001445935,-0.0991644378738747,-1.294471466250654,-0.22113805385066224,-0.10673585748126678,-0.7460141736161031,-0.7460016904240915,-0.0846547900606744,-1.010583791429699,-0.8457840757639423,-0.11170293148406159,-1.1431434421402793,-0.7013601031541277,-0.10796767347943605,-1.226517835268171,-0.46798428954150906,-0.09781770774585219,1.6943932469148568,1.592488114945978,1.4482856549781808,1.3175549169086798,1.316405560394381,0.9110521336541955,0.9736205768038307,0.7396601905827883,0.8692771589766262,0.6695986314593605,0.8556540986494666,0.5666592553222171,0.877433291644131,0.6203486840420906,0.8727152107321855,0.822458185526276,-0.5688255734937804,-5.456783245542018e-07,0.4406894164279575,0.1401197881578242,0.11493832403498265,0.17172456289704632
heart_with_two_hands,0.0,0.0,0.0,0.2660100087098215,-0.09045627462842946,0.042111062707776876,0.47880572287788065,-0.30923194808873655,0.06476903828638524,0.6857669750719367,-0.3772536679618718,0.049370066680602245,0.8484098221781046,-0.39187936798829326,0.03349427346836592,0.3214835767636789,-0.8799089834384696,0.23313185034303993,0.40736666970214913,-1.1847111007936224,0.21418417426697736,0.5434232477847118,-1.2510975530872697,0.15826265073476395,0.6466520666096857,-1.2108083895585928,0.11797919457742194,0.27654370235266557,-0.9464694861673532,0.16649051757738884,0.3823970664551629,-1.3449064449558665,0.12678145712489738,0.5410947703626424,-1.3653418912741573,0.04621195128962106,0.655714526752887,-1.2335872727907709,-0.0034883106053993696,0.22560702296079213,-0.9973058719227789,0.0820343975551613,0.35133426706699517,-1.3963967556275347,0.032585673366624136,0.5230424361321903,-1.3808932586377543,-0.03070006448827375,0.6471008513642186,-1.2212627328535341,-0.06250978561179146,0.17924456591917826,-1.0113324117812645,-0.005323137246787849,0.3406118236621722,-1.263527069632306,-0.049414039155476736,0.504359526800985,-1.2847294825919666,-0.08530608770876257,0.6447650893200466,-1.209615012359148,-0.1047919071124934,0.9351419848228186,1.377728181401973,1.3970366024184957,1.3835207435345562,1.3747260972014692,0.840030860883689,0.9272414625619175,0.7227898506598642,0.7539917927267346,0.6238226877106299,0.7046515282680339,0.5769740476857385,0.7407009602546678,0.72617361089782,0.8033809241616147,0.0,0.0,0.0,-0.35259899053010046,0.3337290594891719,-0.05156281284248061,-0.6663037417375062,0.6305145451790366,-0.12199117555409925,-0.8727450905214256,1.0024674121576296,-0.22120709773009636,-1.0155041703755918,1.3631763733982947,-0.3136632289753326,-0.9817534105338308,-0.1487089161335918,0.09430311896236905,-1.2907246459637705,-0.33888786062480014,-0.03546286938971414,-1.4291439765661187,-0.204177683743202,-0.16934020489827714,-1.4825732130551135,0.0025968015899314007,-0.24818033729780714,-0.9375204500732385,-0.34536541846805957,0.04216791933276176,-1.27761193611468,-0.526729158371195,-0.07346560044994761,-1.4056304897488587,-0.3559476476039677,-0.1754955291912435,-1.4336113333134637,-0.12442365568129336,-0.23083608738317818,-0.8723988211253305,-0.528970059810652,-0.04036362376418004,-1.2069567821334732,-0.7001619720429099,-0.12659347230314616,-1.3299502707894286,-0.4838261175380828,-0.17430786839159185,-1.3462564512384094,-0.21891930436709614,-0.18856024942902316,-0.7753628420911846,-0.6995383806968449,-0.13625467847123288,-1.059763396529946,-0.7915024542655584,-0.17582468484624675,-1.2030751503570198,-0.6127149411589076,-0.18531933641977527,-1.2689827801907543,-0.36296343328856573,-0.18235049222174493,1.7285494399214554,1.503204428967768,1.4573976809149511,1.3769121475208013,1.332408140300408,0.901973816768582,0.9597481921790098,0.6244972058107103,0.8271539577336444,0.5823784935895152,0.829587300914434,0.5268383237139175,0.8498636548671842,0.6162333097082835,0.8660131906462332,0.764706893459941,-0.6443782795024041,-6.06602131163627e-07,0.45528568650425777,0.13798608940135776,0.12234475721582858,0.15652203352892394
heart_with_two_hands,0.0,0.0,0.0,0.2611332786372913,-0.10512805599386073,0.04517948864192095,0.46066722459571924,-0.3631310138045556,0.07833586014236685,0.6693398610747883,-0.4768424269166039,0.06980278329940734,0.8416071472267566,-0.5187137244455634,0.06265095210281009,0.2702399711258696,-0.8698467246097461,0.2960055613554006,0.3594659907501827,-1.153545481958815,0.3070178450655429,0.49232963869594915,-1.2483616300593168,0.2626120340092592,0.5986034476325436,-1.249527357132948,0.22604086225830117,0.22371989174364512,-0.9472349178671341,0.22955483094776155,0.3263457279119452,-1.3255243258915723,0.21820770130147943,0.4865745922310999,-1.3833703288320947,0.14099743549958643,0.619151834793372,-1.2900209652650019,0.08894798776468464,0.17158596460479106,-1.0253620225589746,0.14154337317599278,0.30791696398386076,-1.3961775575913293,0.11620728868081358,0.4866408222440759,-1.4265324545703069,0.05018825246241618,0.6244543752072631,-1.3054224656833082,0.010807980375623673,0.12881852506493902,-1.0849043811294719,0.048964516636100276,0.29873464575625924,-1.3305769925561106,0.026283334568010353,0.45422320202366123,-1.3786565653490348,-0.003961034814364945,0.5947041556185814,-1.3323399724253289,-0.02400208202762584,0.9906016656511011,1.4038301803108855,1.433671799917482,1.447130917735497,1.4592391629798032,0.861471030775296,0.9171276653806427,0.7748501713863603,0.813885707309416,0.6795098835967737,0.7143266287065445,0.6623730949082882,0.7254908017818622,0.7872293953516477,0.8051315754037925,0.0,0.0,0.0,-0.2943556399012434,0.3593270180197077,-0.05555070930752838,-0.5901372180384381,0.6862959418078364,-0.12609752774945993,-0.7699501427735637,1.0982841359779711,-0.22818366866325263,-0.8665094522845049,1.482310802246157,-0.32436853444223196,-0.992562805791188,-0.05570232019746241,0.09928395594850684,-1.3264659514551438,-0.23776118953167485,-0.034713119476967404,-1.438119350082919,-0.06739740254631829,-0.16985402625740595,-1.442047685888389,0.1636011462729083,-0.24576291396931588,-0.9644195902048582,-0.26101951006903934,0.0419960640109531,-1.3370488571064358,-0.4357787149157304,-0.08206408328993071,-1.4370450728391135,-0.23406541855608584,-0.1945261830460557,-1.4058398110827666,0.02593126564879578,-0.25064154986606957,-0.9100453587445527,-0.4663975687602888,-0.04758304182477171,-1.2890118737018483,-0.6223030586773155,-0.1396354710373166,-1.4036340628740294,-0.3669976377667428,-0.2051436145254875,-1.3886594144599491,-0.07823366030364359,-0.2281318440314088,-0.8239557159109467,-0.6575362284403704,-0.15038768962710344,-1.1444541693210553,-0.6614676651102388,-0.19642363929666373,-1.2775409723643147,-0.4262032456534336,-0.21774664719722292,-1.3156818341584438,-0.1476610954094557,-0.2220432824292728,1.7473691342959679,1.4719600107749384,1.4282433936422188,1.4094465627450816,1.3424327570139267,0.8967597786862025,0.94859231994647,0.5795369744800074,0.8186042757115923,0.5471389308456758,0.8090929152280704,0.5255116908313157,0.8436397745800418,0.6617148571475251,0.8779212499683329,0.7042153018787738,-0.70998648480033,-8.113563821488216e-07,0.4599964789115803,0.18699084407225197,0.13526541883306645,0.11467943127648107
heart_with_two_hands,0.0,0.0,0.0,0.26806332426679735,-0.14700707455849846,0.04947071976189208,0.44487992983206726,-0.4087033783442604,0.07766986510026937,0.6392359007484836,-0.5175867434512608,0.06304770923458071,0.8026375960699392,-0.5699412814213817,0.04822972415406921,0.22993222472512184,-0.8978161697409892,0.27248533776312595,0.3030503001326396,-1.2045359112428253,0.262059735345831,0.43864275912136147,-1.3010519277384163,0.2055622506931774,0.5443665009828645,-1.2908011532730397,0.16325807186676355,0.17845730368319707,-0.9630850537937041,0.20154446140070686,0.27052115054155323,-1.3732592562803534,0.15952077900589398,0.4328254501711776,-1.4088135687151253,0.0688243686013496,0.5579324829816329,-1.2827293436265208,0.016064229946275956,0.11896930132200399,-1.01803684876653,0.11153599154782129,0.22650093391681955,-1.452896699204909,0.06413219270579783,0.4052345157943039,-1.4697786735254066,-0.004895069774125919,0.5430631637514876,-1.334209496590695,-0.03844731920645125,0.06911967692688441,-1.0374054249341556,0.018538532688678496,0.22532963732321415,-1.3250523246735186,-0.022710185528965518,0.39095816955211055,-1.3716643047825954,-0.059652578029518656,0.5377711397951528,-1.3103087677744454,-0.07906199589020438,0.9855893065497185,1.41037431297971,1.398907174922747,1.4410103320138734,1.418575928492129,0.8438886483891049,0.9359983980530123,0.7573673374444209,0.7863409832834191,0.6368692539850638,0.6999033633210563,0.6118917715058081,0.7266803862381194,0.7480684199675308,0.7878642230065284,0.0,0.0,0.0,-0.2245045277632287,0.3858310081426631,-0.09111504289769683,-0.5393303070669674,0.7314760673778733,-0.18335983276763398,-0.7175479022254745,1.1568845304177087,-0.29323991169839425,-0.7993809297158113,1.5560121906321736,-0.39309079676951125,-1.0110110542122321,0.03894291911037223,-0.006615447664322148,-1.3933803662047013,-0.14198697357580892,-0.16370442410129646,-1.4858237900156854,0.06757445729834738,-0.30072544015912006,-1.4559561975064832,0.3139068766179806,-0.3740455097244868,-0.9819988875585217,-0.18175997431273894,-0.051395491744493704,-1.401009676661456,-0.3841359675102804,-0.18978437681881222,-1.4963336232261126,-0.11025553391857096,-0.28862862806307293,-1.432490464219694,0.17679645821130227,-0.3325716263941469,-0.8983594443380092,-0.39495679068583944,-0.1265320696816616,-1.3186218663249099,-0.6002455100839101,-0.22794278741153573,-1.4289561068626937,-0.29534211266580906,-0.2860379363311103,-1.39363869132714,0.003158030434708038,-0.3050259663451712,-0.7660618717543335,-0.5821183409836101,-0.21625443302343084,-1.0879305565114152,-0.6542496441411394,-0.27726464783439375,-1.2360399052437767,-0.41677654418708165,-0.3056198118561596,-1.2794050435293598,-0.15333072492451316,-0.313264119585999,1.7929596154666005,1.5356614273955849,1.4811785187474409,1.4266322635020754,1.3260927513693115,0.8929204928878346,0.9397931521216972,0.5503092915496568,0.8252192197282041,0.4961346360278783,0.8197462466804861,0.47912358295486424,0.848732001015185,0.6111045932594058,0.8726190423750962,0.657651752994692,-0.7533220903321107,-8.171895740278388e-07,0.4618012753087407,0.1872899691584275,0.14444137851345534,0.16123908226907363
heart_with_two_hands,0.0,0.0,0.0,0.25725350701622374,-0.16872069889256547,0.046941516086874094,0.4231121469684764,-0.44720892384281646,0.07103535047147749,0.605663189621274,-0.5969907546396626,0.051894294234829566,0.7681154223780358,-0.66920002893002,0.032447933082305556,0.1950426729285706,-0.9009897976859721,0.2708074562885627,0.2505049582472396,-1.2190352249697414,0.26375975302455773,0.37496652905259764,-1.3270486156073298,0.20991294807114824,0.4772086561278492,-1.330173004709567,0.16861179997429962,0.14244145886135176,-0.9688074122173661,0.20278715154106838,0.21131359586845339,-1.4011639977107866,0.17132035560387293,0.36241939066274276,-1.4668841561734205,0.08813863173889201,0.49170759940218284,-1.3636069311700936,0.03670107565133532,0.08274528061804934,-1.02469216498556,0.11567584992078235,0.1683104787849377,-1.4778331481375557,0.07735354674151645,0.3390558081541226,-1.5163437953521917,0.014607479943813713,0.4835224901054114,-1.3968496410668079,-0.01876090718761951,0.033868904635645215,-1.0454922339740895,0.02509679945357845,0.18261945656801837,-1.336843723596173,-0.004196742496545176,0.3430487049962652,-1.4031992952271228,-0.03302897407493443,0.4894864846878168,-1.3628709054296342,-0.05024369339596451,1.0192560272945368,1.423207034493576,1.450016274046241,1.4782878237422883,1.4489784512837638,0.8792560691524814,0.9143469870432533,0.7669276380463202,0.7947973066039901,0.6708955146320225,0.6786906251847273,0.6311850566278371,0.715231331924499,0.7757566315785382,0.7910941186150231,0.0,0.0,0.0,-0.20248577536207754,0.4323750175448536,-0.04890005400831239,-0.5119465100002372,0.7986524439816434,-0.11603048600296025,-0.6768243835949258,1.2341269635648044,-0.2174996284707034,-0.7485324419614545,1.6528609324888948,-0.30586869875250583,-1.0086194683747582,0.14131456842987414,0.08083832225495928,-1.4129435581717262,-0.061441412707110024,-0.0697934595206698,-1.4770457113243545,0.21397503759466188,-0.19470714925020324,-1.4108379016139287,0.46970567081514014,-0.2584761082812876,-0.9982225323547199,-0.05824143449881111,0.012637689933330074,-1.4426855608974918,-0.26808568076831507,-0.12370468361365165,-1.5030601185706634,0.09618292654086749,-0.2095451818698076,-1.4129076402885283,0.3971578852054829,-0.24071031333858425,-0.9431277861329272,-0.24859189524555628,-0.08938019430407333,-1.3717978622880536,-0.41034444348722,-0.19056768657334192,-1.4291340722273165,0.004717450084055952,-0.23697411986911368,-1.3526580909343295,0.3303644731444884,-0.24465687878897416,-0.8494546510251845,-0.4159300264605936,-0.2051000943943307,-1.181841441848155,-0.40985755662609374,-0.2549802183620679,-1.2680008140240573,-0.07076339456268493,-0.2710818473946139,-1.248129303834205,0.23672537786069137,-0.2718191030297956,1.8400559066760411,1.5092703205120461,1.487273962897942,1.4137473552317978,1.2991348230206388,0.8909598397086428,0.9400495953458002,0.47598522493589673,0.8442742102441477,0.4371993584845183,0.8513250989167295,0.4386913748969716,0.8799210188850544,0.5862135475843732,0.8993316045847091,0.6035277757878048,-0.7973419742192448,-8.844672566457816e-07,0.48358713960327443,0.15586393231693188,0.11792916568181422,0.11819658617033522
heart_with_two_hands,0.0,0.0,0.0,0.25722521440269613,-0.1809384812104622,0.07085826367133051,0.41565436445051684,-0.4574946308106748,0.11085806325309758,0.6054528400306534,-0.5732928055443285,0.10236932786859766,0.7654633430171849,-0.6143502892059631,0.0929890268017308,0.18906578421751075,-0.8911949025304107,0.29979158620335356,0.2578200733799696,-1.194786600022154,0.3008434717725482,0.39065859292972405,-1.2890100270781029,0.2523286648426579,0.4956417818689397,-1.2700457461661088,0.21457248283315752,0.13439684086904158,-0.9661214058211934,0.22033365239677372,0.20635866473093156,-1.389823161030829,0.18643138472463516,0.3692172272398241,-1.4269159576862234,0.10254631238273758,0.5013937095485981,-1.298904852573816,0.0548731990707287,0.06922703832673696,-1.0289467259417102,0.12252369218749208,0.16101580556242068,-1.4770603085384846,0.07655296151245619,0.34655495832789235,-1.4891256286511432,0.003970127511975121,0.4914222852396252,-1.3444178013887338,-0.032047062671056656,0.017033815400721155,-1.0579677358631097,0.023739419761884355,0.17805543571614163,-1.3435426648199402,-0.020198528894398153,0.3465088950890449,-1.3835329626405206,-0.06220416041415077,0.49547740952157165,-1.3188119680727688,-0.08591878186217311,0.985904339404198,1.38011532984676,1.3933989148807913,1.4317758558332012,1.4114336355475083,0.8320849416438357,0.905497788952228,0.7524211916961734,0.7593222271938245,0.6226260719409875,0.6988289320033338,0.5906282423096693,0.7331271410243836,0.7403716156470038,0.7971262275470604,0.0,0.0,0.0,-0.19576697359176026,0.42744643538161053,-0.0636660573196862,-0.5076845960287695,0.8038205249013205,-0.13846861072161423,-0.6723189907786056,1.2506540363667118,-0.24516815373190415,-0.7289454352088239,1.680909163643332,-0.3362668201896491,-1.0072196962303175,0.15811531374542087,0.05096331074913909,-1.4317102429790343,0.014072289409379688,-0.11816115216874339,-1.4636805306445222,0.334018696972957,-0.24920419804465002,-1.357489920941441,0.5698145108499442,-0.3130245607531064,-0.9992823230906521,-0.03539987790230545,-0.01347914697046472,-1.4780605737431407,-0.20195181486970595,-0.17053971526111888,-1.4969296485678065,0.22368185049471312,-0.2584001267321962,-1.355518469090575,0.5086425467735667,-0.2844511366611761,-0.952765106853021,-0.209030149722197,-0.11210945157075994,-1.415160923114304,-0.3595704568196227,-0.22822741770081986,-1.4310799690488263,0.11205140720694254,-0.27346321074448776,-1.3041252437156754,0.4198986179399762,-0.27396571298402833,-0.8710463064077499,-0.34680231175672005,-0.22505672554806166,-1.22454442901023,-0.3230415236842152,-0.2784775098106602,-1.2968256449769382,0.0453094060619669,-0.29291409942681773,-1.2472635892114654,0.33957326432069473,-0.28957873385342303,1.8627647297209504,1.5051417999203385,1.4754863637396964,1.3971809877518442,1.3247008363831552,0.891770106852946,0.9307677456681357,0.4801784993323237,0.835515910518833,0.4332516489878099,0.8363918810050122,0.4207713173661233,0.8616868851829498,0.5839176113053371,0.8841493837788347,0.5995980076004469,-0.8003013365480427,-9.954395822866855e-07,0.48035286617602185,0.19028181119600393,0.1527741143359779,0.09415356140161514
heart_with_two_hands,0.0,0.0,0.0,0.2616815249840349,-0.17633857016608132,0.05684316833767158,0.4266901427798749,-0.44535286182990674,0.09010372885924428,0.6174224658470298,-0.5496949492280514,0.07946882317743637,0.7803985182403308,-0.5672681990737893,0.06740043796357449,0.20877958092742885,-0.8921517037424169,0.2781157874259106,0.27471418900109223,-1.1812412203957985,0.2825006429232434,0.3968407895687318,-1.2880348627107214,0.23913905473453892,0.5025569567767371,-1.2937127976659295,0.20376680555075924,0.14965343991500835,-0.9664492524841819,0.2087574915886162,0.22416392407989633,-1.3724509278319785,0.1868958535166674,0.37264519018350223,-1.442848111867742,0.11479918144873134,0.5057153595447829,-1.3625328061303636,0.07191529114768334,0.084758556089497,-1.0178251486231533,0.1210059419452905,0.17631377807740298,-1.4473680537004026,0.08566100907711685,0.3469235428806379,-1.4827627958362322,0.021911284207624202,0.4906265277995188,-1.3745009216548336,-0.011375359657245494,0.035293805214479036,-1.0366763968767143,0.030669368886384784,0.19129784636622857,-1.3053085495238688,-0.006988065849148352,0.35290258434477456,-1.3573456966506239,-0.044764887876501534,0.5010122585200188,-1.3180788868749886,-0.0666072525915741,0.967139015855428,1.402774824657779,1.4551341799854225,1.4594850366543435,1.4116592227980296,0.8276015561412547,0.8748446403888408,0.7836835093210485,0.7967397339965189,0.6875583545489653,0.7025890403482488,0.6325926007782725,0.7344862333626403,0.7681244668923735,0.8197323491263538,0.0,0.0,0.0,-0.2218324743544764,0.4184021434941875,-0.04046842474033954,-0.5381436859431756,0.770588533269003,-0.10211112980658758,-0.7157290777845642,1.2013990390470823,-0.2024873462917713,-0.7800918811241654,1.6296872447156119,-0.28970054498827735,-1.002231579226794,0.10093706996529525,0.0967250793896752,-1.4052302148417393,-0.013892781421463624,-0.061868057172589086,-1.4572395581309234,0.28258499832450457,-0.1928477865672565,-1.372481032574088,0.525406367777048,-0.25885484031214145,-0.9950789620015728,-0.09717009047101323,0.019386410181553813,-1.4547941211482383,-0.23716163545922156,-0.12936291855226814,-1.4953410218844383,0.161361324331006,-0.22472875578080617,-1.3679849971711233,0.45325476758183775,-0.25974900325003386,-0.9628916125898124,-0.26402278194601875,-0.09166793149085875,-1.4269732149925116,-0.41304277046983334,-0.20621457885661068,-1.4502405527797784,0.0392882670337928,-0.25141721758637753,-1.320832900229306,0.3376244873828792,-0.25142390879608223,-0.9065534569504553,-0.3833550739963143,-0.2152614375163616,-1.2650176883637954,-0.3699426871177542,-0.2664789304673264,-1.3305166247973632,-0.03261055412812774,-0.27362342673717943,-1.2623161553378814,0.23296939241481684,-0.2646270380993466,1.8298497928385014,1.4922338504501664,1.464340254691624,1.3862913931504488,1.3106274387187125,0.8899558786334295,0.9245295630680164,0.516645320050326,0.8388432740382533,0.464639275599568,0.8345411541587942,0.4275448105580619,0.8502280924979284,0.5731492096770413,0.8579335570653497,0.6252987065494116,-0.7803854993438294,-1.230823267016431e-06,0.4791224022088962,0.1695880902265535,0.13282819894194722,0.09747110874216962
heart_with_two_hands,0.0,0.0,0.0,0.24888412021530493,-0.13823022285406708,0.05900121799029731,0.4275229038090767,-0.40780509587440195,0.09160891008310336,0.6125681823904208,-0.5008457774302336,0.08200229614345474,0.759674615299879,-0.5371307937905315,0.07337415732465871,0.23552284540513801,-0.8858621962723654,0.26296324772177615,0.31282329639400325,-1.1607272753170264,0.27547062025372204,0.43462639996790264,-1.2457150273086484,0.24348363557637978,0.5370659160518398,-1.2354066403816026,0.21649119393105995,0.17989895387424323,-0.9639832100293105,0.19588960456476287,0.2614235682001354,-1.3369451996559443,0.18587716504290358,0.4159886341546431,-1.3752862051439971,0.13038260237006807,0.5437358405716742,-1.2842506976142074,0.0994779193164871,0.12223462111984912,-1.0103310069917093,0.11245610577434527,0.2326990046969009,-1.4113956439513622,0.08572015714709216,0.41011626656081973,-1.4121711430782466,0.03670023004831411,0.5452852587538723,-1.286712069904133,0.01326770742751707,0.08697677768621177,-1.0138888225459537,0.02700684055309381,0.2580868362600591,-1.2540575523903301,-0.003972944536671981,0.41888667502383886,-1.2756461334632458,-0.03234993056171761,0.554096306657689,-1.211452755370258,-0.04611023467125185,0.9332731527972769,1.3643818389048046,1.398157492944304,1.3975478511706274,1.3329541062194603,0.8283072052535212,0.9286983108383847,0.7678441123273061,0.7801564867584279,0.640187186576865,0.7321977848562484,0.5891927975985464,0.7612056556232982,0.7413181019214389,0.8162904978192117,0.0,0.0,0.0,-0.2148190627403402,0.4065950619708908,-0.05657791247634335,-0.5369859852034217,0.7605704910661764,-0.12656777911661476,-0.731770408087428,1.1932560028485948,-0.2309426907924353,-0.8183009167649715,1.6164539945001977,-0.3219938609098863,-1.0055374216483275,0.08709489070709833,0.06676955026085246,-1.4160050019813222,-0.07783238563381786,-0.10010330805454717,-1.4577726151174848,0.20369372809238567,-0.2325058941435963,-1.3594421877158114,0.42740549656964777,-0.2963505305422181,-0.9939687427835291,-0.10966118050891448,0.0007509052682395721,-1.460011814652636,-0.2940202131247571,-0.16021525358327282,-1.4817303786690468,0.08666192115991542,-0.25787508827473776,-1.3487135112712265,0.3575267937943301,-0.2901682937097953,-0.9552945103179346,-0.2890576628036111,-0.09838197744663747,-1.4162507663781791,-0.49082539111049833,-0.22626480987937453,-1.4341615960808127,-0.058472560401873895,-0.27828416725025085,-1.3083482076508999,0.22964654061974485,-0.27874604177985024,-0.8884060178871123,-0.4304445831356569,-0.20906020699538194,-1.246055463331656,-0.4623404675412276,-0.2678837050078003,-1.311208504076419,-0.15124954240815758,-0.27829690503911236,-1.2493293632543243,0.0946317423934437,-0.2692353515534588,1.840168457825993,1.4555350072025586,1.4251495298532249,1.3572810769659587,1.281509539209127,0.8987060059738171,0.9310834816252674,0.4845668785854578,0.8229235138043497,0.4313495196186731,0.8329453607236271,0.39643958594785006,0.8512864651394415,0.5385853486779217,0.8541977823690358,0.6604201172995251,-0.750896310194948,-1.3015785866951993e-06,0.4681349498970339,0.1917168776602996,0.14032253151373805,0.1306886950139575
heart_with_two_hands,0.0,0.0,0.0,0.253610544739638,-0.11675541093087173,0.04199647236732387,0.44040080923590164,-0.35250826864737433,0.05443397422711313,0.6214264296531224,-0.4316047580432551,0.030628900544066348,0.7734407629114524,-0.4480474574667862,0.007058146095502207,0.2670309380807687,-0.907453765598214,0.18456063770388573,0.33453723241743394,-1.1944428832464145,0.16602592624240683,0.44695641566316024,-1.2525975816255814,0.120568447218815,0.5396008401241678,-1.2105321062552377,0.08763661242845402,0.21195875260580863,-0.9697660441479271,0.12094340334003431,0.2880457919214083,-1.3477825303073871,0.08557187166232878,0.42389809392128847,-1.369485753053587,0.02675273038402104,0.5301259665621884,-1.2593851688831625,-0.005936743706732126,0.15282979838286234,-1.0053587133818902,0.043428059006793314,0.256051212191499,-1.4017042945233877,-0.003734355313026385,0.4224066067447164,-1.3898891194270833,-0.05078089158837173,0.5495482672293966,-1.257829210765269,-0.07117203839549707,0.11133927906769875,-0.9937161396605745,-0.03582224099860227,0.27437807964841676,-1.228245386007042,-0.08254111976479553,0.4273267642290959,-1.2409509347154755,-0.11023179479013547,0.5550279790238432,-1.1727555713939268,-0.12131117856217088,0.8938718897592689,1.3282459195402727,1.3664259178426783,1.3744828411146435,1.3031224385217723,0.8364335239037812,0.9035101785855686,0.717904958580807,0.7286579262080844,0.6158368128495979,0.7034750227211737,0.5660025407314832,0.765453080390061,0.7240346744230027,0.816196634132426,0.0,0.0,0.0,-0.26273308647896787,0.3520912592917293,-0.05485943750607362,-0.5723703699942694,0.6754643585552583,-0.12833583973616297,-0.7755329862546941,1.0816377285934748,-0.2346579715579668,-0.8979691406797848,1.4520606065051969,-0.3258928489301576,-0.9529536779663496,-0.14987727883493093,0.07489404352866288,-1.3290176751000142,-0.34477000713785,-0.08320314968370118,-1.4052297610668263,-0.06681702487357935,-0.21699267201220762,-1.3418434375365103,0.18898758819167225,-0.28395084824058286,-0.9394502544367452,-0.34235389074133565,0.015067612053819778,-1.3647028910338257,-0.5188802313181937,-0.12307196531505962,-1.431472136426163,-0.18368608462513067,-0.2122924076044287,-1.349767204651028,0.08263360338237374,-0.24989624730216287,-0.9020059460527002,-0.4939000866675364,-0.07845830230927037,-1.330460032209808,-0.6821958818068596,-0.19546125816868604,-1.3793467412424645,-0.2876158776326345,-0.2352582012910694,-1.2848409461971144,0.01676857906462086,-0.2327273188049286,-0.8392463636988637,-0.5921355973683355,-0.18358567371390802,-1.1769575693544454,-0.6351983689761754,-0.24404253182037486,-1.259209609837323,-0.3312943988931001,-0.2497787052919713,-1.2204994816755852,-0.0485899378886042,-0.23873188734368958,1.7381124047544352,1.3845173179006647,1.375190151788148,1.3058558294033358,1.2445773904699822,0.9039834125897673,0.9551936743777907,0.4903408661634574,0.8363324244149295,0.4653419414922102,0.841050202544623,0.4187077287021011,0.8608580159124524,0.5441022355784172,0.8712912993741629,0.7234314099158278,-0.6903962595101248,-1.2751281437044519e-06,0.4386032066701531,0.1365340356314105,0.11008505147770938,0.09802981283035683
heart_with_two_hands,0.0,0.0,0.0,0.27821386705780804,-0.09106624705045724,0.09406225513639412,0.4775354618187004,-0.2772994932501368,0.1302584982914039,0.6604926766432337,-0.3143490058762011,0.1166758369333087,0.8131581052659562,-0.3099863064983332,0.10171482984067302,0.31656698060296373,-0.8716691387767912,0.2778983534808736,0.39650998454069736,-1.1326039390560576,0.28315179256080536,0.51880812303747,-1.1517431195079795,0.24653868134702261,0.6176104545739732,-1.0701192454580681,0.21974943829277543,0.2728694288454251,-0.9424969533852484,0.1929812624611425,0.3786734032974305,-1.2692522682293195,0.19605397792116297,0.5221966590159977,-1.2649414073665322,0.14801336970134404,0.6324202425200355,-1.1372338446928192,0.11780502284853525,0.2372196813403408,-0.9793568923112355,0.09518654206151796,0.3730503643699406,-1.3019501002923157,0.08294651702608025,0.5419784367128314,-1.2633960185908695,0.04796163917139078,0.6611575619453541,-1.1130961291635628,0.030524889083616297,0.2267394737208449,-0.9615523658019314,-0.0026369875400380437,0.40125571294666057,-1.1574578775472968,-0.020721192532489253,0.548776795016659,-1.147077402723119,-0.03141267496956218,0.6648845508375599,-1.0583168426695062,-0.032623560935786985,0.8761640947823162,1.2549452931218976,1.30657345911826,1.2950073680601197,1.250268092110067,0.813081130414181,0.9271372910837772,0.6357809010910473,0.7382562108708893,0.5844052619743759,0.7409807932524995,0.5565260205926189,0.7844937618516639,0.7100536443799284,0.8136750292678924,0.0,0.0,0.0,-0.22947159894875707,0.3097117563050921,-0.05358594752841396,-0.5444027486894097,0.588892676394487,-0.12091978651451367,-0.7427829099053166,0.9539477422314646,-0.21513219755609275,-0.8450275296519635,1.3228007980629461,-0.2961466644369435,-0.9246734266576615,-0.2722135415581603,0.05596979585063533,-1.2956770090393241,-0.5243184317795527,-0.09074276604336416,-1.3848902020383624,-0.2683227623470244,-0.21656645048425668,-1.3296123907770407,0.02296464884281447,-0.2768877280772393,-0.8975632831070738,-0.44086772204283387,0.003975484726858124,-1.2899195291171173,-0.6720309047987237,-0.11255661823223025,-1.3632164149445782,-0.3692089752531221,-0.19239861205665648,-1.2978923515864176,-0.07358480530848135,-0.2248766288462575,-0.8506940397539428,-0.5618059575726078,-0.07707797613645512,-1.2264371497694653,-0.7476497952874951,-0.1727149177066613,-1.2775910716553178,-0.4175637557705703,-0.20359317335142177,-1.2081749583587678,-0.1288778540146912,-0.19852442025254446,-0.7911588409059678,-0.6459121048640667,-0.16885718612552997,-1.092975099088953,-0.7116955658143768,-0.2111408824795709,-1.1714281543269163,-0.49549191514582,-0.2001046086720017,-1.146147413861106,-0.28250677671691704,-0.17716845896818043,1.597365432229831,1.3583310711178211,1.319283433565383,1.2311410060172845,1.1936719130668374,0.889453808634152,0.9291618711345738,0.4706673647493059,0.8258453431752592,0.43224634047667465,0.8504712977609421,0.4124529455699389,0.8713099637217168,0.5399608213007581,0.8508942076608179,0.7927862148537919,-0.6094998092992623,-1.400097711341179e-06,0.4200266798022633,0.21279742371408594,0.16622574794991038,0.11983322718765975
heart_with_two_hands,0.0,0.0,0.0,0.2865803942084463,-0.06414888131288135,0.06350274749454256,0.5078323360757728,-0.2277678755276985,0.08306673024401823,0.6939373646644527,-0.2412853163291657,0.059281746665910594,0.8405561487102448,-0.20170671005806629,0.03646794617822867,0.4147571488398065,-0.8483944993540309,0.21973121779167348,0.5093489182221799,-1.1248402171140857,0.19607156965681272,0.6388904169432765,-1.1161745289034746,0.14260210951234734,0.7378312804429425,-1.014886855372239,0.10697580482275515,0.3656769742948511,-0.9193640181093677,0.14508670744200178,0.4838495021787918,-1.2517377810785035,0.11944776128086419,0.6278558238231371,-1.2119482457980528,0.05947054868265477,0.7308297733018474,-1.0655542642896327,0.024165978574517487,0.3189848449897489,-0.9620522215359877,0.05642583515948318,0.46900713945135114,-1.28872717595345,0.021792105930346254,0.6359794167721999,-1.2229563764480789,-0.020531202834808904,0.7489399941711183,-1.0501746877271696,-0.03891640136492695,0.28780935756561016,-0.9436152020066744,-0.03423873425327914,0.475779990297291,-1.1221829226637572,-0.0674958690874953,0.6302152227967995,-1.092299600224432,-0.08512337467973247,0.7490281167657681,-0.9821851514072344,-0.08883311432341544,0.8651879258955861,1.259299071080774,1.292324279045594,1.290462117191779,1.2383949747761909,0.8100280366777247,0.8937860762941074,0.5871036722354274,0.7752560867658492,0.5298414372569814,0.7824151322904803,0.5240663833911006,0.8012589985784911,0.6996216042295534,0.8211572766303225,0.0,0.0,0.0,-0.20554536096635997,0.2953958296596066,-0.06341773858817212,-0.5513887663148676,0.5117412790041513,-0.12211920744870243,-0.7733511810764171,0.8333604748825088,-0.19925605854976722,-0.8903263995681866,1.197414997556235,-0.2682242883366385,-0.8640838407305053,-0.3892296594608877,0.046793026716002904,-1.1911593196348214,-0.5742012024436861,-0.04842993164693406,-1.284394607529455,-0.4404592227862138,-0.14347043808394408,-1.287516755655479,-0.2521894505572032,-0.19548995342462655,-0.825866873040076,-0.5637229251875691,0.012663792203651577,-1.1677811475875273,-0.76108441953996,-0.0630847410704778,-1.264417769262628,-0.5916303321324797,-0.13102613087425538,-1.2598173431389783,-0.38369459742931894,-0.16588558979052567,-0.7641099350613687,-0.6992170124174083,-0.04608037360864014,-1.089789039353495,-0.8605626646667164,-0.12079670210239662,-1.1586858547443457,-0.6224144002170937,-0.1575421845316967,-1.1304213758193322,-0.38575958932425103,-0.16290283921798399,-0.6979369093687398,-0.8049246014070459,-0.1133598900477369,-0.9826846294116928,-0.8931175866026528,-0.14681586778252612,-1.080075342474773,-0.7116989098218773,-0.14054622778876535,-1.0887008624941317,-0.5022025473956798,-0.12652938115795354,1.516056741350516,1.326467201613337,1.327358019175818,1.2054875705249586,1.2056063415984468,0.8710421558044478,0.9081606885883321,0.5648772282692318,0.8088423697865109,0.5181960484666625,0.8252316890150054,0.45452498858826,0.8670130435513207,0.5597024270901659,0.8559910512670399,0.8648091108370735,-0.5021007884988458,-1.4239137567161598e-06,0.3984196836813459,0.12794197691373402,0.1361988274751084,0.11769724509315842
heart_with_two_hands,0.0,0.0,0.0,0.3042914923234349,-0.036710271222064786,0.07464991803384115,0.5322928260237777,-0.149165346549125,0.09980179817575403,0.7184035515971946,-0.1336952266117239,0.07604959602610933,0.8623663912793061,-0.08955204412670052,0.052330246408329346,0.4634212412030905,-0.8147069465934972,0.26801349030486044,0.5833744101369226,-1.0717809331772634,0.2532380070558578,0.7157231102449818,-1.0426384515507732,0.19840704425366587,0.8047807774911098,-0.923824048696842,0.1625677903545191,0.41863048341639336,-0.8885742071372849,0.18757504302252523,0.5637715171949285,-1.2055969661695782,0.1716729241145298,0.7086200933290219,-1.1412581429520785,0.10744109253698331,0.8017335361063991,-0.9679579383833583,0.0697250003336583,0.38205203717886366,-0.9393832467456459,0.09165583886735498,0.5539191594635395,-1.238625961640226,0.07086355068787971,0.7168532472976977,-1.1455092000062392,0.03149245255616509,0.8141415461814783,-0.9459617515630178,0.01447765378122045,0.3600174843761156,-0.9300377447956817,-0.00697135107560274,0.5525172744316259,-1.1033729964901997,-0.022992480033049222,0.6996918380320221,-1.0553985259350034,-0.02834739709271905,0.8019243039843214,-0.9195253328617667,-0.023777731878317884,0.8685814965243736,1.2359414465218694,1.2588013382057395,1.2481505097935703,1.2203175027953006,0.8137923673178183,0.9317200665786021,0.5710602485564761,0.780183202949367,0.5087896126804852,0.7898742506773772,0.5045959843936219,0.8072537471167058,0.6666823748131446,0.8046761323352556,0.0,0.0,0.0,-0.2108585714059769,0.27877937394638586,-0.0780063659311267,-0.545854396515472,0.4260331457945615,-0.14284001138203825,-0.7752785895735451,0.7135930418653641,-0.22396896027115631,-0.9299599321848666,1.0469902249347909,-0.3030266155452995,-0.8090065211880264,-0.4593878038575781,0.006572469488754146,-1.1190397326309214,-0.6681766241012722,-0.09201176751501458,-1.2757062118568503,-0.5710010027531893,-0.18869922324392718,-1.3465169096909182,-0.40986758053122113,-0.24865245885999898,-0.7760064068937857,-0.6299802070380596,-0.03064302857225168,-1.132864295408571,-0.8574540788422879,-0.11534561311240553,-1.294858185882292,-0.7237392956733568,-0.19492841844057945,-1.3527354178939188,-0.518962615231946,-0.24193276370728992,-0.7047309900986558,-0.7827118894466899,-0.09118402129537065,-1.043210995489,-1.0031880940880717,-0.18298801671380707,-1.1800177352542425,-0.7914439344865009,-0.23951744805440237,-1.2169052710330985,-0.5532233540763217,-0.2613505078403234,-0.6163127540846096,-0.9123303589664313,-0.16076658937507826,-0.9035725329316255,-1.0777949883475426,-0.2245896322168989,-1.016466848963137,-0.9055728737227682,-0.24052260387742466,-1.0332870752190402,-0.6675054368298665,-0.2418485072289893,1.432773232687966,1.429310066763409,1.468927080895462,1.3620640976517915,1.2536891115667552,0.8486193319114477,0.9256508256205052,0.6557125712126851,0.8179722363069606,0.6145293477037912,0.8101313967738237,0.5143148452724395,0.8616851725996475,0.5226170982707287,0.8363347776115772,0.9215360181500456,-0.38829288848815374,-1.2981006544191586e-06,0.3756003365992604,0.1925854497360647,0.16300395185278568,0.12839128318162288
heart_with_two_hands,0.0,0.0,0.0,0.31653449612206175,0.012545250283177246,0.05452630125439497,0.5689155392116747,-0.06999495621723865,0.06713936372531548,0.774514154850477,-0.04048645224286948,0.03335296119037257,0.9446381821834233,0.011265837501210765,0.00047346654385544356,0.5481052197104744,-0.7427965067936472,0.257052510001332,0.7009483470227644,-0.9919407181243878,0.23182584224163755,0.8545836680495948,-0.9729630940749429,0.16416295610403633,0.9690351573034214,-0.8768516581563786,0.11648182695691256,0.5138724562748956,-0.8383784372441352,0.1818150011580102,0.6915116455119746,-1.1316752036135227,0.1545529444208842,0.8624566270070418,-1.0755003543509198,0.07358001323918523,0.9820946785601645,-0.9085767098927836,0.02004514748359868,0.4780323824792434,-0.9199520364246345,0.08917151282274807,0.674844681382242,-1.1871912677723908,0.06061950284877968,0.8567436915656436,-1.084152123448291,0.008911249203061876,0.9736442325958562,-0.8806753739000345,-0.01958073156783683,0.4471543401619257,-0.9507996097529314,-0.007963220399138325,0.6509389119263641,-1.0866937212193661,-0.024922214972377548,0.8057834531576505,-1.0162185224789166,-0.03420306769331247,0.9189202197730753,-0.8695042180703135,-0.03532388867553347,0.9447054771218246,1.3120464864145924,1.3380670399323897,1.312994901326685,1.2655827640502322,0.8400693881746504,0.951605939168998,0.6354536193341868,0.8258342566858491,0.5762226816431697,0.8036998297778434,0.543352052972696,0.8285903750937867,0.6774823045025448,0.8443722223651725,0.0,0.0,0.0,-0.20903693103866755,0.24220089562240724,-0.09708638890532949,-0.5553175301254691,0.3668627595528244,-0.15671884940674372,-0.8015913421457336,0.5908765544716477,-0.22532222053984496,-0.9652018740599086,0.8575268241095583,-0.2929135522146025,-0.7869406339158905,-0.48899193367070326,-0.04001806344891313,-1.14835778167133,-0.6488879386857391,-0.11273544516037369,-1.3803640865411497,-0.6845710209353201,-0.1780748342992885,-1.5442950483562496,-0.706780990745816,-0.22610561439011231,-0.7508166689634488,-0.6572831596770113,-0.06521639066703526,-1.1527835738833094,-0.8233778185663243,-0.1402737549382008,-1.396944796444267,-0.8179623199694234,-0.20175524812443965,-1.5676003328181531,-0.7989197498943431,-0.2385668066572991,-0.669358765135888,-0.8164428757337341,-0.10976661096767402,-1.0375819203302958,-0.9574750812934645,-0.20701672141199887,-1.1995444967447444,-0.7780894736215156,-0.25411131496981787,-1.2773684582941796,-0.6277800695999992,-0.2672677086418404,-0.5590706528167779,-0.9672586904788828,-0.16476368634520114,-0.8382660393633652,-1.1155961039982814,-0.23591212657308186,-0.9431299584290964,-0.9390335028393115,-0.24483390444323974,-0.9627179591495628,-0.7255292148894047,-0.23919979355374055,1.323920413328219,1.7133331007471955,1.77554433666453,1.4481747208519036,1.228997580047775,0.8764024207128178,0.9120218255439603,0.9133649160273198,0.993471121009094,0.8689160250616559,0.9702087564948645,0.627246339258178,0.9112208196218413,0.5177928453198255,0.856833039791742,0.9631085835246077,-0.26911309210093803,-1.0468137026647282e-06,0.3660333420477453,0.24269471033256426,0.13538589737087392,0.1109053953468618
heart_with_two_hands,0.0,0.0,0.0,0.30796867558787694,0.06010482180495292,0.06496822004247725,0.5434609823808936,0.00113352215722386,0.07490175797780149,0.7582709078470885,0.04144891186707403,0.0342318219032189,0.9434422782113557,0.09320214414115151,-0.005670336780090666,0.5566410361862549,-0.7267942641772259,0.27705462103164613,0.7181512310291025,-0.9875833785025451,0.25691789017937017,0.8691081762586655,-0.9409477084975274,0.1899449569086243,0.9721897898999872,-0.8144060564790839,0.14160201261269162,0.5265343827594415,-0.828025328130157,0.1927059930232577,0.7163458345771868,-1.1360914936604232,0.17086841085465457,0.8820796162474556,-1.0502631075979119,0.08922265484865446,0.980807900807199,-0.8505084146635462,0.03275721322387257,0.49375621170832784,-0.909673814587551,0.09063079811051096,0.6982195955593868,-1.187237649466179,0.06824717605734792,0.8782512668406082,-1.0520273090516148,0.018613387958437255,0.9797353648394999,-0.8171645087437404,-0.01266584430470494,0.464113991570972,-0.9325766209781741,-0.01567864430145847,0.6737481540055078,-1.06591280887619,-0.028542277273128913,0.8271568613350981,-0.9773847577172899,-0.03637097390882045,0.9323262257577216,-0.81120765336163,-0.03960247458683777,0.9480517521255581,1.2761118063835781,1.2986230156275214,1.2758525161943828,1.2364701387827859,0.8458648037035477,0.9720411226842555,0.5827965192493162,0.8207385534910016,0.5293530941042697,0.8027167905312529,0.5015640500962113,0.8345482589036511,0.6535127533593627,0.8460279456137826,0.0,0.0,0.0,-0.23364522775952773,0.2091219886126529,-0.07608645890992884,-0.5762269398791716,0.2898597185102854,-0.13169841515414504,-0.8134707276000109,0.493862780498748,-0.19928171378045964,-0.969995326480082,0.7477923232003081,-0.2646446087037762,-0.7653963589113225,-0.5498097218052908,-0.009464096814799748,-1.0627121740417238,-0.7684614149138269,-0.08282088725691698,-1.245250473801122,-0.7808033790670099,-0.15354782955081903,-1.3752527886184143,-0.7556533325783975,-0.2037432428111637,-0.7072607754299721,-0.7057489815138156,-0.04123797558569598,-1.0397748930384632,-0.9395401453338241,-0.1195683523538085,-1.2288426353071642,-0.9016290669336533,-0.18566857825756358,-1.3450649575501685,-0.8119041079780727,-0.22525969072831495,-0.6115115679230921,-0.8432293232335363,-0.09091838856293483,-0.9124329208319045,-1.0761775667479256,-0.1849817616887703,-1.0227577914286177,-0.9003812338700605,-0.22763474030278058,-1.0571418823342975,-0.7067589706974169,-0.23648834416327336,-0.4936267309145822,-0.9692965479391182,-0.14898496018713245,-0.7408926576523263,-1.1564539632521802,-0.21189530192462824,-0.8489549212129771,-1.0148593012043936,-0.2211253340968635,-0.8837694437505944,-0.8128345500467398,-0.2160115660731717,1.2530447162597549,1.582353784913719,1.5871767226267284,1.2934388037211737,1.2200038656226893,0.8492129389613576,0.9041545180819401,0.8187229945907049,0.923122871328983,0.7474185628100243,0.8586469408719682,0.48566133522191535,0.868658740157604,0.5045138290243263,0.8449364004026132,0.9856181874784828,-0.16898753951066603,-1.3271710314588566e-06,0.3577988523987457,0.21878758746903848,0.14722490725405016,0.11989986291968144
heart_with_two_hands,0.0,0.0,0.0,0.35353391043272614,0.11659009616703613,0.05497845824404646,0.6227653037908718,0.09229835515096473,0.06514319374482037,0.8588951235063851,0.18580969615911766,0.023017706970200846,1.048748160318498,0.28762044848215906,-0.02051305058270419,0.6557721129134113,-0.6229268936363405,0.265818456186015,0.835167231384866,-0.8708646993296274,0.23663073891676834,1.0006917650825957,-0.84115667582894,0.16824412722565796,1.1170279576906244,-0.7333744516432216,0.12084480343861047,0.6298530363454009,-0.7548567514127478,0.1829656728817512,0.8489201774439933,-1.0640096595052408,0.1437435468560932,1.0211625352936828,-0.9824268841573246,0.05801349112805182,1.134205170667175,-0.7896426827064783,0.00476619251411283,0.590384757436463,-0.8704246978596102,0.07976055969897536,0.8377858364943968,-1.1375523188716952,0.029802152213657052,1.024188464452509,-0.9742990293012248,-0.03842216757802388,1.131294266029289,-0.7069724027969451,-0.07394711916476282,0.5452590366779833,-0.9428707029866453,-0.02675798012188998,0.7938703240123438,-1.0381797922958007,-0.06819054729595359,0.9655919671628336,-0.9196648326611548,-0.09659453237012004,1.0889861558725347,-0.7191017712075163,-0.10877936049067236,1.0876667740630497,1.3417127155630597,1.3820201344810865,1.3360781680350897,1.3095156181980372,0.8385446169069141,0.9622655414853912,0.6435510959270067,0.8266005716225793,0.5638999898222354,0.8106460968162507,0.51994762493415,0.8461326588124664,0.6946369854666005,0.8658110749993952,0.0,0.0,0.0,-0.22133349957631948,0.17147076466286293,-0.07813091400477441,-0.5335966023200663,0.2180100944404199,-0.1379079315723237,-0.7511631510490082,0.36640099899124356,-0.20734412470200472,-0.8962257322979323,0.5715548253534691,-0.2771843815994418,-0.6973092333494352,-0.5951556467529117,-0.057626231794994834,-0.9699233568815704,-0.8444378086269355,-0.1386529881827437,-1.150889825010284,-0.9621626730879281,-0.21188044975835765,-1.2887103157471174,-1.0577388501995408,-0.2647058787624759,-0.6345778438656362,-0.7677391920118398,-0.08881155962963187,-0.9537702781947355,-1.0301335487503522,-0.1757894904162734,-1.1662337743129771,-1.0919007955438627,-0.24698144603865346,-1.301504469210275,-1.1159023563951538,-0.2934122346249058,-0.5299968691166874,-0.8940874230137271,-0.13291871401216418,-0.7978879139001934,-1.2467468840467832,-0.24382696624328032,-0.866490500662168,-1.0823085503009757,-0.28979683615204554,-0.8448698786177469,-0.866715279063796,-0.29497848834159707,-0.399709551457424,-0.9802782821630438,-0.18375414148319175,-0.6145853169214983,-1.2327357577300795,-0.2650188198435105,-0.7221973391607934,-1.1508184205261363,-0.2844636771265508,-0.7553333915083826,-0.9754280597156008,-0.28209874512846767,1.0985111119239825,1.6880921051251607,1.7393224806832566,1.245798055602309,1.2655307716571549,0.8583903148343827,0.8903496505902456,0.9385585301494505,0.9886565872003081,0.8711720911483494,0.9672299717796007,0.36523532442049483,0.8281121517566247,0.5274898068942558,0.762057085967516,0.9999508514279158,-0.009914369769064464,-8.175531020830254e-07,0.3461166858425743,0.3000791472741172,0.163774466589538,0.13788488188494583
heart_with_two_hands,0.0,0.0,0.0,0.31988261856191136,0.16219247030365846,0.04472771468216476,0.5890224501699987,0.18700020877071544,0.043206334123985904,0.8116266474431156,0.34571603784321947,-0.005056133558153076,1.00494203244932,0.47222875070685705,-0.051764881835529596,0.654741626504609,-0.6259575012482735,0.24511182683362123,0.8461721768299917,-0.8283108027918088,0.2076299010944477,1.0085502810308176,-0.7350851960902394,0.13136926836662297,1.1136938474746612,-0.5742878625292671,0.08029405549368673,0.6332822162199989,-0.755653827212577,0.16715540086539665,0.8636402112528812,-1.0130068122834879,0.1309938518111659,1.0319497055486457,-0.8828672380341115,0.04943324366502521,1.1223331535140817,-0.6501750655773088,-0.002860624356870507,0.6026476817349342,-0.8517957144370815,0.0695092325671407,0.8604699400738397,-1.0549281183174415,0.026960024920418046,1.0421729118144738,-0.8612027574726839,-0.02658387840377134,1.1368794718163375,-0.587900081602742,-0.05455405893613895,0.5689883194880407,-0.8694615716731902,-0.03274907383627893,0.8261978377227204,-0.9001782989840637,-0.06517210784238157,0.9860926973506138,-0.7506512654638021,-0.07690171588863898,1.0895196032121344,-0.5465816327681075,-0.07733934841889255,1.1115700988102257,1.2556144592584826,1.2970611036289046,1.2810533106519466,1.2213868436645434,0.8245411541976246,0.9852406907632387,0.5854872242016886,0.8526066768785483,0.5331627615937005,0.8272176370808585,0.5347598828653097,0.8639363959640074,0.7231359798385759,0.887503744424572,0.0,0.0,0.0,-0.21382809541980607,0.13539701972205842,-0.06386681646963403,-0.5392893703396932,0.10816101647450585,-0.1029599677672406,-0.7691023153540197,0.2066077440247672,-0.1519786748744739,-0.9137208702143104,0.3981693326835399,-0.20100558515324154,-0.6425956697106284,-0.6531206963911693,-0.032036671433581805,-0.9064634149099798,-0.9487124574175705,-0.09258167707843964,-1.078288497949694,-1.0834423003033953,-0.14785790864015524,-1.2083186279137554,-1.1832753963522333,-0.19010574830489205,-0.5856942240706937,-0.8081054593296124,-0.06267250188004515,-0.8834367981567303,-1.1442868165279516,-0.1307098233146463,-1.0932053097814292,-1.2511842194934994,-0.1891499758751266,-1.2270214255552607,-1.290737333563825,-0.22928255678115836,-0.49079941561270896,-0.9116803285860274,-0.10596647889849085,-0.7380563994766866,-1.3143726971653118,-0.20144580396488315,-0.8439488760017955,-1.1923443546672106,-0.25465291825322184,-0.8658405292493317,-0.9998276004183103,-0.2709796786380368,-0.3729237634484512,-0.9769875435080408,-0.15440659692020864,-0.5676759415407919,-1.2662406044419623,-0.22990324536655637,-0.6936017549592917,-1.1828140248446406,-0.2595790907241605,-0.7514720634268962,-0.9938788381388994,-0.2698815156217961,1.0167732743427362,1.7018562705805913,1.7955931983250613,1.3500981589809582,1.2748887949486902,0.8447469440607691,0.8379355363399049,0.9368451421030284,0.9965700581541327,0.8794312656760528,0.9422672209769456,0.4300473773843258,0.7987044897871385,0.5152673950789192,0.7781287782608606,0.9877395039766008,0.156111089557984,-1.0381277972573864e-06,0.3545955260029199,0.2466689486171862,0.1333089596661664,0.12286671774941774
heart_with_two_hands,0.0,0.0,0.0,0.30672828321006196,0.2522475849530282,0.01431319543884662,0.6182391102109485,0.3376766881538493,-0.002559909920554561,0.8478778925344039,0.5509580432662389,-0.05896975809276474,1.0394604553629527,0.7176755100185445,-0.1128538255647983,0.7819143973215102,-0.49594408384854716,0.1875048885494461,1.00923858811343,-0.654956749655169,0.13141139697130497,1.174291495733912,-0.5370708442156726,0.04568569351026643,1.2837255794225613,-0.3539318748797466,-0.0113115442143602,0.756763237969983,-0.6429275613393572,0.11812515620058964,1.021482236351043,-0.8412278842653333,0.06387411060012323,1.1940879847440466,-0.677012158151833,-0.022329936963026282,1.2991603912965732,-0.4274138972776741,-0.07530894526864494,0.713947933973657,-0.7613481284941028,0.028933742106832114,1.0065561759323403,-0.922985958812893,-0.030848626989235815,1.1910529829445835,-0.688573036026161,-0.08661189679059256,1.2992160633415795,-0.39305199065611024,-0.1124631802521381,0.6588086249200391,-0.8032805578899044,-0.06723028378173175,0.9442031353866319,-0.7811087282928341,-0.11766843986739829,1.1123071511843776,-0.581521295697404,-0.13526582839062026,1.2252447221832978,-0.3436861177666996,-0.13517539414298327,1.268176707674583,1.331670787526781,1.369734207478747,1.3620206362298433,1.2796941681375607,0.8428906000016718,0.9858744164621696,0.6235275481157577,0.8685424479103107,0.5672372911749194,0.8646880880695529,0.5603709681001995,0.8951414033172044,0.7472527842376471,0.9155726948441201,0.0,0.0,0.0,-0.20482503976404473,0.059580363874885675,-0.04253206910079739,-0.4954863568947404,-0.04206911682410933,-0.07477667598911,-0.7011240470850648,0.009250822867544342,-0.12052578001891352,-0.8393781031274857,0.1361174245845621,-0.16207037398419744,-0.5535890361930015,-0.756370123171398,0.007040827922842072,-0.7489855048314692,-1.0904374736046423,-0.07553217742093388,-0.8625998173310181,-1.1211728562532506,-0.1461121509766487,-0.9186903498247344,-1.0695013767704533,-0.18659073096163567,-0.48485889811780924,-0.8741414317466499,-0.02808213346419152,-0.6913637197929541,-1.248956200698341,-0.11233303865910621,-0.8154015675542254,-1.2055014692429067,-0.16814788444161324,-0.8537772338454122,-1.0604512816018348,-0.19258174512953152,-0.3899486330512801,-0.9442227913826918,-0.07892980569779202,-0.5747547752543919,-1.357158778776742,-0.16303516809281285,-0.6912109293382753,-1.21489960402293,-0.19998238059630782,-0.7221537356818308,-0.9973798688919575,-0.20458450822573154,-0.27886601577487496,-0.9703455458626603,-0.1355120468652838,-0.44300070516838597,-1.2479475402066966,-0.19411927517060076,-0.5698755246987032,-1.1701155651754447,-0.21385357387789203,-0.6295338056182059,-1.001121865396038,-0.21575738631498223,0.8656502523587732,1.422195926957951,1.3749837141729473,1.2482497513863666,1.2021268866220638,0.8143187878019742,0.845235256030899,0.7491173869067064,0.7231004539775265,0.572326353053366,0.6940249115845527,0.37062316083108937,0.818897099956034,0.5024242527840871,0.7804655418683607,0.9364306818579091,0.3508526443862587,-1.5168197875380327e-06,0.3821282991422625,0.14513178183841363,0.11455061316577769,0.08508686070193365
heart_with_two_hands,0.0,0.0,0.0,0.328367042679869,0.3188802600182286,0.05372210690948936,0.6485082220365882,0.4637980128280124,0.058416084976876975,0.8769650765533911,0.7116152800143413,0.009892721406055634,1.060596135803369,0.909486381811531,-0.03643635433049671,0.85396664467141,-0.37408006801194066,0.2662415450843007,1.107849031621564,-0.549465714801738,0.21841053993015938,1.2609469704439351,-0.383308200552865,0.13118676659292727,1.329052404410031,-0.16304694579130843,0.07379062362724935,0.8381329715112401,-0.5175036276461636,0.17240393684252026,1.1429468755458774,-0.7422995303089945,0.11139821137483404,1.296381285092145,-0.49669357127681046,0.006581031215248544,1.3320174821746928,-0.18969392334414564,-0.054897462640555145,0.8046246228055131,-0.6489480776197827,0.05743324153919884,1.1354242172384243,-0.8439121851459888,-0.007732796401147282,1.2964639929795831,-0.5253319291921953,-0.07946350857061767,1.3381149332036073,-0.1757260649355944,-0.11274402876680685,0.7565630694151375,-0.7166271900206287,-0.06149623037668876,1.0612675734713906,-0.7031371576345048,-0.11516551364059242,1.2206798835547301,-0.4434458573991129,-0.14289321542147593,1.2982734159897666,-0.15541150400098502,-0.1506061371148754,1.3976255757171039,1.3410479694385495,1.3465764325789582,1.3543051503936674,1.316187223300033,0.8633892852029179,0.9913474456861473,0.5588371398358306,0.8595668384518963,0.49448254117633955,0.8561966089825407,0.4906487058107693,0.8851390684248333,0.6912349635383666,0.9063829854924399,0.0,0.0,0.0,-0.22405090043365555,0.034532025259971184,-0.025985441333918495,-0.5181365364834902,-0.09928278236243086,-0.045796262276933265,-0.7313985303445776,-0.09149341515522551,-0.0825921339637197,-0.8702754711941707,0.023684895496456797,-0.11601511007320069,-0.5381038065929141,-0.7794877509712601,0.03638918209242392,-0.7291376790530658,-1.1175356284413225,-0.03536280641896387,-0.8462910994899239,-1.1648876538964856,-0.09652641779820348,-0.9066551123801687,-1.1193224832424387,-0.12884982468700215,-0.47041053899417234,-0.8824450138433303,-0.002173096007268284,-0.6918542347953027,-1.2279892017928353,-0.07672018986251936,-0.8220559201939087,-1.2315343969605275,-0.12705558001934275,-0.8702659166192462,-1.111260213488952,-0.1462214321650548,-0.3763105163673544,-0.9506169059296967,-0.056867136112129534,-0.5828660943728362,-1.286587111224378,-0.1372883431506996,-0.7173909263443158,-1.181127594753719,-0.17580823711170612,-0.7675834970664888,-0.9938547911384601,-0.17949449288848882,-0.263571906706552,-0.9960763790986414,-0.11540385987466109,-0.43519118150056935,-1.2925805169262423,-0.17015049183790273,-0.5640274584263698,-1.253057420590081,-0.18789874924366792,-0.6285659248172255,-1.101757143694896,-0.18797072579734728,0.8782937297978455,1.4462048926825641,1.4190287998969744,1.268522780171877,1.282301415144213,0.8494492128920967,0.7945704405347401,0.7805767249341979,0.7035722672292604,0.6971260092043049,0.6215384740111172,0.4794656474678741,0.7868955985825313,0.5774661973575689,0.720817632758149,0.8916517653240594,0.45272191176581683,-1.2618981469804718e-06,0.40406912410443224,0.12625618129864205,0.12448159546751018,0.08496695984595201
heart_with_two_hands,0.0,0.0,0.0,0.3017315131450293,0.37761384629642064,0.0027121146987044353,0.6541954394648102,0.5951221841039916,-0.02651995915379821,0.8811826942060865,0.9358503948937936,-0.10064809110642063,1.0542039199203943,1.250633081557305,-0.17708332958334097,0.9229995838087428,-0.22917995348460113,0.16924808771144736,1.21744568505085,-0.3490934431714877,0.08970732600315465,1.3756618604526263,-0.16490594244474951,-0.01014770649121688,1.461385939894037,0.05326113221639618,-0.07858190570241212,0.9153442875342449,-0.3936617887261924,0.0847067374848089,1.2773588903715356,-0.5269798074102381,-0.018876826481505952,1.419109869583779,-0.24727788177754745,-0.13935749215202445,1.4517342758723533,0.0741546606997425,-0.20750201054683962,0.8758188668885767,-0.5520067685494603,-0.02187695754850627,1.2584595123448643,-0.6846029583863055,-0.12271180095596677,1.398041981437537,-0.32686228379453014,-0.1987567900038641,1.4368824608872302,0.05378663006745774,-0.23075821324835058,0.8071675212366604,-0.6565419375408391,-0.1358910104032065,1.130946763361844,-0.6009127390588997,-0.2180609747276563,1.3122142940577122,-0.32819124709796277,-0.2594666073335237,1.4247313057442716,-0.019402501400760063,-0.2760619685546344,1.6452317511759151,1.4644660219440988,1.4683624912899065,1.4562875955527903,1.4513600384159142,0.8598715482555842,0.9717031655298741,0.6230614547221284,0.8938773505978146,0.5632954782677988,0.8770022866790063,0.5266128232425727,0.9076723875267471,0.7429313487587799,0.9210841975938691,0.0,0.0,0.0,-0.23725917828009457,0.0010835541729299933,-0.02527302157390915,-0.5207649014721217,-0.16250090667531597,-0.045366900845450475,-0.7282401275196027,-0.19243492521047575,-0.08223395262480472,-0.8713769661572798,-0.09530284187153779,-0.11783507849248129,-0.5105995784905569,-0.8017229806845596,0.038541056724655035,-0.6696626025984518,-1.140338739338905,-0.02739755867494172,-0.7868112666406452,-1.225816156952827,-0.08701347002521642,-0.8698435033403527,-1.2289700165472472,-0.12268407775202643,-0.43883973030028856,-0.8985650906458503,-0.0006848230316862867,-0.633620566259658,-1.246202823798725,-0.07204723177043372,-0.7709689673627598,-1.2974400166271516,-0.12484881863506216,-0.8473187545127233,-1.2279374036433632,-0.15075145616375377,-0.34190647755563325,-0.9608398486979135,-0.05523708012825758,-0.523439390662954,-1.2963735880090577,-0.13299179319112078,-0.6521330007737564,-1.2213964576187475,-0.17126776200844246,-0.7171758580409674,-1.0579343428953045,-0.17815134612012182,-0.2268993786588665,-1.00055662273542,-0.11396323363985632,-0.3844182001951066,-1.2932269850056695,-0.16498781742177773,-0.5088031368146224,-1.28704335352348,-0.1818788392356385,-0.5891539179961066,-1.174819447551208,-0.18435732790269072,0.8844577743123669,1.510644367417237,1.499501697415141,1.290466654880524,1.3271362770213573,0.8746874094887036,0.7688009127240103,0.8325440437128092,0.8264853500006079,0.7778782972937311,0.6666712235166298,0.5062786221513232,0.7805230362427454,0.6454432722595667,0.7122508028145659,0.8385622427704229,0.5448058048503113,-1.1149023172758847e-06,0.4238619131768525,0.11993618625275763,0.07928084028995827,0.05926993773766774
heart_with_two_hands,0.0,0.0,0.0,0.2796415466467893,0.4355318393321594,-0.04452871076034133,0.6466409646427791,0.7074579949390737,-0.08327133606967026,0.883340146320282,1.1226808304211706,-0.15531731409841426,1.0281796007076693,1.5179334997624376,-0.22622814783925696,0.9547850100918934,-0.08973342304818187,0.11361921425076855,1.289476404360416,-0.22548760154690714,0.02505175247644696,1.4512824737221557,-0.07541395056151762,-0.07696314107319699,1.5294607065684072,0.119106010231898,-0.14577348471256615,0.9522088022590834,-0.30019545944289794,0.05640109068262172,1.3475937961859024,-0.4623494773869738,-0.06348188924883169,1.479614685967664,-0.1979113748434453,-0.18447854800711316,1.4956650074184568,0.11900362137225787,-0.24895621051893985,0.9170234780352883,-0.4986409049906526,-0.025186011941517778,1.336023421195466,-0.6552103915733389,-0.1409610184996231,1.4687692761656117,-0.32520610766550384,-0.2231359147963352,1.4958103475370137,0.051435434106216336,-0.2555297325788609,0.8536256844696318,-0.6548210102109363,-0.11725688574948562,1.186198583816024,-0.5525525442510898,-0.20854009271670948,1.361343405252493,-0.2802597844645317,-0.2583558928767564,1.4693601813640433,0.02905565895504188,-0.27973241447448133,1.8472830253881523,1.5410016883363034,1.5209059376147214,1.5183509620349047,1.4960326860076318,0.8672195489232476,0.9472660863376865,0.6570364992872225,0.8645626413460503,0.5537556409387575,0.861112659688396,0.5254382089630351,0.8924955122841147,0.7793730049383413,0.9204339568864681,0.0,0.0,0.0,-0.2188778020454866,0.0003695783060446476,-0.0170369672499818,-0.4960714309978842,-0.201709184829789,-0.019084904166604733,-0.692954649108117,-0.26282957211121594,-0.038513521339273146,-0.8350577827661426,-0.21902766824845857,-0.056847459995270425,-0.4704275362742982,-0.8179485620639165,0.06182394674291221,-0.6055922772105095,-1.1341349021748939,0.026060955377325612,-0.7195461382086598,-1.2787089032949464,-0.01462413534615709,-0.8100636749005801,-1.3538615793920767,-0.04441721854689892,-0.40667225365915116,-0.9132604423316466,0.023938307709446157,-0.5825458800158652,-1.254496162063778,-0.02217042070546516,-0.7338840715832684,-1.3949161195229203,-0.06653908563573192,-0.8382720690900681,-1.422561621753723,-0.09313090127960688,-0.31459995823034365,-0.9710366134159292,-0.027746027796722254,-0.48158583129117294,-1.2893540784315538,-0.09379943000624741,-0.6063220843714041,-1.2298490838278495,-0.1334738519301923,-0.674397638390024,-1.0778947909251093,-0.1435510822797112,-0.2068852060014247,-1.0094783944136752,-0.0828871166441933,-0.34836302636484806,-1.3017601127071172,-0.1311109328191822,-0.46329747980299485,-1.3028852091648417,-0.15100021455276638,-0.5381486360990999,-1.1915604688393795,-0.15698162907344712,0.8651741175766744,1.5783273497126267,1.653800167576566,1.2795609669700005,1.316838462873331,0.8917769907183302,0.8099529028495098,0.9096562223768282,0.9341326416708409,0.8872597301121002,0.848081799938508,0.52734191156539,0.7688387388872852,0.6515290939524914,0.6849255635008226,0.7890774114086144,0.6142937723957034,-7.32197686655809e-07,0.43952258601344435,0.12884625691861015,0.07716518902178701,0.06749579898595054
heart_with_two_hands,0.0,0.0,0.0,0.2433336360435969,0.45834374459114957,-0.06667747334002923,0.6137134683160085,0.7963450263143368,-0.11234870027787867,0.8450296030470644,1.2337692613136906,-0.18165977716667742,0.9921640247235739,1.634392549462795,-0.2457528919879876,0.9729346971638049,-0.007140251423234316,0.08182213731399715,1.309242704115657,-0.08340742367769996,-0.009777063111277995,1.4739695106180029,0.09177527169640835,-0.11037406907071302,1.5560830647150494,0.3119188856759615,-0.17667211372268748,0.9722238089427799,-0.23079125268843473,0.03893922196572601,1.3653582497666061,-0.31058967050321223,-0.07327077933932628,1.5141084068217907,-0.05203865251265985,-0.18462861360651014,1.5603298376053487,0.2593794303052956,-0.2456345118682108,0.9374486063395159,-0.4334915960588051,-0.029208857229558727,1.3487259395860693,-0.5001206880786229,-0.14566592482093854,1.4907445286266263,-0.16655328997389168,-0.22569196272606365,1.5365926215936734,0.21014478779557838,-0.2578370252643777,0.8744910376986399,-0.5880812867481019,-0.10859102201820366,1.2059447693960477,-0.41464046633446017,-0.2044969508121282,1.3720279629950665,-0.11685650384752312,-0.2526130019801196,1.476556807959409,0.20918935225924126,-0.27088879935187543,1.9276988721311312,1.596840922353118,1.6007008478812548,1.5721824474821458,1.5157047647362663,0.8899590700253739,0.9575270109183945,0.6857828626635972,0.8745970752117369,0.6239302934800987,0.8738136007520114,0.5914318572307031,0.9019505974837098,0.8157155022825757,0.9313160592192392,0.0,0.0,0.0,-0.22249184214964432,-0.02822691561136939,-0.006500322441665259,-0.49519075033457716,-0.2668162012752258,-0.003477800417191082,-0.6874201162416445,-0.35348818860238157,-0.018949845953191845,-0.832064690954559,-0.3259313512703366,-0.031619461490101364,-0.44081257891566705,-0.8428777494242247,0.07700013896460392,-0.558076277797446,-1.1571414286084107,0.03784751374370885,-0.6632722362030761,-1.2416181181397405,-0.0060900020312409315,-0.7427274276998383,-1.2508562288426475,-0.035207543947623134,-0.37224352135446526,-0.9273026002225279,0.03930201559928479,-0.5239502990349056,-1.2689164213325186,-0.0035903974553200303,-0.6538040828782908,-1.3392448300924662,-0.043000188299311154,-0.736636838237333,-1.296724274208964,-0.06472268257777179,-0.2816296798345276,-0.9753545995397843,-0.012638618295446212,-0.43098722638213954,-1.307460431962715,-0.06588984137986946,-0.5599092320827791,-1.2522367483842636,-0.09605566410686088,-0.6340267488450643,-1.1085013960294952,-0.10323667241497902,-0.17743857503753788,-1.0008774591026988,-0.06810432725634433,-0.30365441420695294,-1.3037541604090814,-0.10519341146118888,-0.42683485153309747,-1.314972695380842,-0.12083917044235583,-0.5136113077573448,-1.217255496479373,-0.1259546921331203,0.8941826916347339,1.4551717796339,1.4927547355179023,1.2811803439725806,1.3271669464071971,0.9025856330056189,0.8058401819965496,0.8218170184979925,0.8311248291494605,0.7897916557819227,0.7008719284654312,0.5152095722299214,0.776071533921789,0.6572876724926757,0.702143456443978,0.7427785657730012,0.6695371552252525,-1.0390311416233147e-06,0.46625738745905426,0.08011949420762013,0.08582862943727883,0.07149993887333761
heart_with_two_hands,0.0,0.0,0.0,0.22210159734558077,0.4425417373958802,-0.05948116695507394,0.5884995568317853,0.7850716260456819,-0.102467557387266,0.7913352543786438,1.2341256631167425,-0.16953511177264827,0.9091717598625576,1.6454070486667798,-0.23372170550141153,0.9919066417460042,0.07747119253926535,0.06502140235538459,1.3380602147259886,-0.014567631296927383,-0.03691440682435274,1.486268772489968,0.18257117216433194,-0.14039008072928072,1.5431295763362267,0.4390150261331295,-0.2055722764741418,0.9895657162762098,-0.14293282887418013,0.018163138516680864,1.3887725320755593,-0.23730688675860231,-0.09591855761990338,1.529406245538364,0.03783197364579586,-0.2087855627930717,1.5530672361901374,0.3726598366125311,-0.2708253139999232,0.9457277605736769,-0.3513723876541351,-0.05226606906542015,1.3697688754704795,-0.468112418883495,-0.17015796672015304,1.5146869159666498,-0.15708629980184896,-0.2548446504865,1.5520384022918736,0.21043549654258678,-0.2907859229434067,0.8611878224508509,-0.526406804261611,-0.13261870452719435,1.1911387938389861,-0.3890012213302312,-0.2362198564919352,1.368877949094749,-0.09779766685651708,-0.29224588202520896,1.4785490158397188,0.23657225557507605,-0.3154351961147945,1.8943556900319407,1.617480461516941,1.6199504759882344,1.5930043168101855,1.5302199146843105,0.8741210579186288,0.9540343600362577,0.6445963333934924,0.8623975184312337,0.5994485543249031,0.8657661992652036,0.5700405295143351,0.8853869447404107,0.801592134646643,0.9207071546114629,0.0,0.0,0.0,-0.20790088840795926,-0.06102158591174522,-0.002402108233316854,-0.46304059379308804,-0.32449199499092535,-0.002831393916212806,-0.6432762068585582,-0.42744106496385,-0.022246954172074184,-0.7780102847506113,-0.4150618697455434,-0.036814688970930085,-0.37458245381229743,-0.8941017040924694,0.08179343771917953,-0.4708726101204508,-1.2388684026546977,0.024566328360042022,-0.5648690545104412,-1.2707861439030048,-0.03148694014796789,-0.6209242641808982,-1.1893568711221731,-0.06037949884815098,-0.29919717192829015,-0.9531415389049125,0.04474661019661981,-0.41721384946475265,-1.3180784541616137,-0.011776318073839791,-0.5207285983904675,-1.3323947810832555,-0.05678477845689919,-0.5753319904039181,-1.2128384219251795,-0.07407043166075805,-0.2116441682656848,-0.9819024266424875,-0.007156097087184989,-0.3289879303178737,-1.3400211982331236,-0.055534497987558384,-0.45178875698268406,-1.3151911917912191,-0.08227033928231825,-0.5278049596253491,-1.1844622358704786,-0.0852965451394185,-0.11567222199151375,-0.9876837005356077,-0.06291370790450196,-0.22571290128421626,-1.2840332301173731,-0.0923967236954316,-0.34747435849003344,-1.3383434089573272,-0.10657895808360571,-0.44284488030091984,-1.287108593862922,-0.10868061599804983,0.8825710624184435,1.343042215500045,1.3444219448248027,1.2995400587212118,1.3654931697735586,0.9055479340531437,0.8066011642660756,0.6903198563170541,0.6190446172540918,0.6496672869180404,0.6012782725413406,0.5446900179207439,0.7266810629713601,0.7480106308951876,0.7089317987238775,0.6882305599219332,0.7254920374393895,-1.2592735862528892e-06,0.4899672238211471,0.056612645951115335,0.09925930980161637,0.07842315111391056
heart_with_two_hands,0.0,0.0,0.0,0.2233383937388588,0.5001850627629228,-0.04273463470244471,0.5792378445099157,0.8784767406011273,-0.06442542698428992,0.7717895228623732,1.3406772193495138,-0.11217512034883191,0.8734055398268161,1.7355372252026255,-0.15785227611684474,0.9898734615686684,0.1919052587970948,0.0988880946011365,1.3220115266676633,0.16892412514584965,0.010082549555910047,1.4793311524478552,0.3614576530168814,-0.08841627683757204,1.5574368289532117,0.5936009983718191,-0.15312243560164082,0.998339021050132,-0.029736611629685203,0.04934504004912172,1.3935493530628142,-0.0508246282001536,-0.06394638684969736,1.5249041684619333,0.23465379748469598,-0.17680494595118085,1.54606369355561,0.5564955099636962,-0.23569572736870864,0.9676550854983115,-0.2436030782301861,-0.022924822733675757,1.3799867885081447,-0.27201732888176605,-0.13863664298233144,1.5115602844063718,0.05425003953817913,-0.22357038572430074,1.5418195424289247,0.4125223924050554,-0.2575910850068209,0.9020688675668799,-0.4285689487490911,-0.1045473395269818,1.2235366363924058,-0.2515521143727569,-0.20609762250014588,1.3888608431619418,0.038108575857530566,-0.2625283439754286,1.4931075865306522,0.36201091467962426,-0.2855592547752832,1.94931886517816,1.673743738369896,1.6599857448304893,1.6167051038226856,1.562679191417862,0.884383802799498,0.954468977870693,0.710415126862408,0.8847369281945693,0.6403906667571051,0.8762412109951564,0.6147890460566224,0.8958044554418128,0.826572711549539,0.9271832088931662,0.0,0.0,0.0,-0.21341254400179085,-0.0792331658838934,-0.007602543699035167,-0.44867288539483285,-0.3557268630777237,-0.013590239858254225,-0.632199933157316,-0.4632211399546858,-0.039545601298134225,-0.7761074512472472,-0.4713573087171401,-0.056677060433187,-0.3301887767249489,-0.9080099888506884,0.08704208943754801,-0.3866004963133829,-1.287448333647151,0.022401223678592104,-0.48346616145747107,-1.3011352834071273,-0.03605396725470396,-0.5383038357808421,-1.185874161336924,-0.06373588069758838,-0.2649071524533104,-0.9630062955049847,0.04942747613265927,-0.3404831800949912,-1.3665046956947189,-0.006382709457388066,-0.45167805949059586,-1.3670860610870803,-0.04314038242342069,-0.5046870419124186,-1.2207878850130587,-0.05451599420165792,-0.19126393452790286,-0.9890549029351489,-0.006540617575550566,-0.2783940928734438,-1.383464726474668,-0.05419942785357073,-0.410367597572299,-1.362847925793832,-0.0741023983927985,-0.4842787224219162,-1.2249653667680123,-0.0716853886563667,-0.11248800300961746,-0.9932399970774997,-0.06817472748133188,-0.20726075274120453,-1.323100213339944,-0.09541387546630758,-0.3316719644630114,-1.3804783377865146,-0.1047559400125876,-0.42014435859932214,-1.310689689053883,-0.10276771794813282,0.9097982070447878,1.3038906428957981,1.3221210474433722,1.3191682325308278,1.3802137323281736,0.8882608616673492,0.8504196693056842,0.6055773123389537,0.6170877760071884,0.5707094116801789,0.6107020321217227,0.5250372932541638,0.7024088602654573,0.7273740384945736,0.6490266766561482,0.6542416821870232,0.7562855421649985,-1.1350541793713378e-06,0.5092826808157813,0.03893611379992119,0.08550620978810994,0.07016346743588865
heart_with_two_hands,0.0,0.0,0.0,0.23620802653492845,0.524702811059064,-0.06533995548234361,0.5576600967642423,0.957806035139016,-0.1122490112362049,0.7276576041994152,1.4429896092476258,-0.18338032722106745,0.8181856028106811,1.8745253326153335,-0.25232818192411616,0.9811239135584799,0.33486681020141446,0.07070211628799662,1.3251626581188105,0.3354275999672124,-0.04259824605474784,1.4804836486088375,0.5231655272280197,-0.15824147900271332,1.5480121569679883,0.7483426146613888,-0.22969380769102157,0.9939927500224325,0.10635164612725759,0.02584067082845902,1.3907430663723686,0.13232172242086176,-0.10170196577009226,1.523725783069478,0.3940487938608961,-0.2274344848182174,1.5416710555750117,0.6946143336925871,-0.2951560285016144,0.9692055757546238,-0.12486770663133927,-0.04387344426661657,1.3742002126472295,-0.11359458811428087,-0.1637324806561243,1.505207722918846,0.16739552290773235,-0.25230807436714126,1.5292239223501576,0.48875272101739664,-0.28903516595782447,0.908459424127148,-0.34112192679274134,-0.1251482312185698,1.2085859304496407,-0.15220243060383842,-0.21996070863257935,1.365440872026462,0.11929091458635985,-0.27179235262158186,1.4598864004121135,0.4258762792653286,-0.29212181481781935,2.060811106010552,1.734680821456941,1.7164952074881576,1.6312407407094076,1.548539331770935,0.9032945689406666,0.9586088758714437,0.7389673256729493,0.8725319947192486,0.6918477494114462,0.8629462350247823,0.6632394521375479,0.8756370586108605,0.8460446724709195,0.9219875304879903,0.0,0.0,0.0,-0.2254874067865619,-0.10091127797025595,0.005152599194772042,-0.4551412128480106,-0.3956131813522504,0.007879810285848889,-0.6413021031189211,-0.5048368965810499,-0.014223986399066546,-0.7911250353375556,-0.5126019744224075,-0.02981113217564062,-0.32658241546709427,-0.9083890651562233,0.12690990233811886,-0.4059339605598914,-1.2482338675522033,0.07597944103581215,-0.4946418782898302,-1.304862690721398,0.02075889684304889,-0.5486028932186744,-1.2275218830237256,-0.006075770533634767,-0.2599861413792518,-0.9619541128567926,0.08397315671468494,-0.35480939327170347,-1.35026717244154,0.03099236765732975,-0.46414521537457,-1.3761372709001127,-0.01733883446128719,-0.523984415309247,-1.230678841342804,-0.03321020271613671,-0.1841767423266865,-0.9921302650936304,0.023508359849847144,-0.28571802260206247,-1.3706505017751036,-0.02442379464661931,-0.4178826848875307,-1.353094996476499,-0.05488083725888017,-0.4943438848040624,-1.199856397767862,-0.05477297855862682,-0.10256054255989523,-1.0002050741062884,-0.04109527368902852,-0.1990294658729456,-1.3263634956265908,-0.0647665697820451,-0.3198148013514096,-1.392594464195305,-0.07464934168363595,-0.40762298955358006,-1.3165644445636462,-0.07106557476868375,0.9431480845133454,1.3445490034720158,1.3379958877292137,1.2988577023245562,1.3800538954037207,0.8748655394131017,0.8484083788979101,0.7442238492161467,0.5518245484043567,0.6542472938329073,0.5587196216081958,0.5487354981382612,0.6839240273870139,0.7518424373249051,0.6120828232695257,0.6210641546782746,0.7837597308950004,-1.0755180492601258e-06,0.5225137619158301,0.06786772757813317,0.08455680773829151,0.08167191443410524
heart_with_two_hands,0.0,0.0,0.0,0.18454882997529168,0.5241214903073905,-0.0713248914681211,0.49470735267071764,0.9765108964861435,-0.1139326114072333,0.6636027337279984,1.4586877778845873,-0.17583295216619063,0.7453255419092252,1.8960908788896305,-0.23498893852509908,0.951342159287344,0.44134834153168745,0.05542619628671374,1.2838097935163415,0.4812303917513563,-0.040039023312011084,1.457821915133363,0.6552473334545433,-0.1409701316153928,1.554488304997285,0.8547603400261476,-0.20724059254176153,0.9786150831923073,0.20503660622269707,0.01650784835137755,1.3652968556650995,0.25459519851488044,-0.09948662146058913,1.5011159290738862,0.5170651032555978,-0.21268961779155168,1.5198099759831656,0.816456868025753,-0.2743212798270498,0.9627697072069703,-0.029284652594675487,-0.045505268045759745,1.3732859293899595,-0.01154498274620932,-0.16593847920922303,1.498444724958773,0.27245865693987537,-0.25239509127512105,1.5062497590300328,0.5967523014111096,-0.2881727011904107,0.9114051162664208,-0.24720074814700999,-0.11783471764006496,1.2190918111381337,-0.03659102684260862,-0.2210119758266036,1.3611564016487434,0.25861208304953337,-0.27524594215212533,1.425078193430304,0.5841894041046299,-0.2963422816648065,2.0508268053787195,1.7860564919542743,1.746904789909949,1.6455835291861867,1.5684208189006563,0.9152481855356195,0.95179421433646,0.7971048347042063,0.8949977496865825,0.7092640840961614,0.8631612641358944,0.6609794801198171,0.8675409750296039,0.8344391590356566,0.9133702094428064,0.0,0.0,0.0,-0.20064658435159174,-0.1289940593947938,-0.0018446629679695398,-0.4092599181668735,-0.4335490976931378,-0.010053176975013782,-0.5842494988252374,-0.556959799353767,-0.04035637644480977,-0.7313123298291061,-0.5884586935846472,-0.06452742139305748,-0.2775238716303613,-0.9402912770223498,0.10004793668707587,-0.3349199650925607,-1.2925931586226007,0.040759500399589185,-0.41994148845317647,-1.3384231917256195,-0.01912831225820955,-0.4771360983820099,-1.2668695974475643,-0.050980982355738294,-0.20454064980937733,-0.9771899299474398,0.05712235451095747,-0.27290288075051017,-1.3897860984864652,-0.007203272691832952,-0.38065717993863574,-1.4073081479235414,-0.059244775002616754,-0.4475372617865692,-1.2719383798206716,-0.07831763215969408,-0.12654750597334802,-0.9868124665606121,-0.002053104996565446,-0.19627620276548916,-1.3910287311995508,-0.055746697555886786,-0.32584913114322334,-1.3859563266505628,-0.08562702037209062,-0.4138111821610205,-1.255354247550714,-0.08765697404531568,-0.0466977706124481,-0.9667105223524805,-0.06556447440122438,-0.13038972903884055,-1.284546494903542,-0.09300537141746652,-0.24894762056325137,-1.3663166626392105,-0.10521392937261748,-0.3450806212100151,-1.329287611382414,-0.10528995261873937,0.9408852990280283,1.3547016254061692,1.3506481756013875,1.3247028823188622,1.3773787289746817,0.8810117035469349,0.8729665277933532,0.7039009058631484,0.6025883288038651,0.6140341963014204,0.6025410937474724,0.5498675794742293,0.696324844105573,0.7749764801569046,0.6900238062109116,0.5740216379840539,0.8188401303825209,-1.1136048681003305e-06,0.5473308971460547,0.04986370197678032,0.07926889397460317,0.06782592693178945
heart_with_two_hands,0.0,0.0,0.0,0.16873836020647648,0.5112722791588354,-0.0621013496190762,0.47931928130231544,0.9725452187602469,-0.09557025937330459,0.636693021005638,1.4697276377509263,-0.14895366789737483,0.7198744675281596,1.8929199491299409,-0.19917025563555965,0.9533715005630836,0.44518511064457655,0.06820603001753572,1.2817571217460806,0.49198232558701055,-0.02307866167751106,1.4175861548850597,0.6947038571021242,-0.12202245144832553,1.4612625033368085,0.9182430375811751,-0.18549284443102515,0.9761050070877276,0.21547457823670274,0.02810197985876314,1.349794271967736,0.26035614889434655,-0.07650411888155494,1.4623395467167004,0.5286116111955133,-0.18703232331754116,1.4497473100363865,0.8317826871136118,-0.25060951421558353,0.9541665931809524,-0.011623964017995259,-0.03505757680493027,1.3567598634107605,-0.0004576901174749152,-0.14480498477434636,1.4603223830955085,0.28191813080795164,-0.23085533895133142,1.4411066495427338,0.6020585050470622,-0.27081892692426723,0.8942940716066291,-0.21888080790408013,-0.10790815119307755,1.1916872896624195,-0.02407970411155071,-0.20404011794153734,1.3311940527108757,0.25987137273543676,-0.25900749337539575,1.389501555607645,0.5799234507449877,-0.2837991391567488,2.0349530642113063,1.7357609210543865,1.6900990592728729,1.5851200932535674,1.5321774483218813,0.9082847944534139,0.9641385263382797,0.7453938830945445,0.8751117234289606,0.6816152068732872,0.8572459884227471,0.636476987853465,0.8627164078009816,0.8315712630236416,0.9075237762664167,0.0,0.0,0.0,-0.21322795232744934,-0.14867601283495765,0.004230616171081051,-0.41257726725599037,-0.456338541029274,0.004813011288722967,-0.5853122153137132,-0.5920006598047958,-0.02083966512292514,-0.7361635672870546,-0.6244713886022764,-0.039020443448175804,-0.2678760049849497,-0.9297343362294941,0.13335429420969103,-0.31657037099012836,-1.2727036006550283,0.07646097766721843,-0.40532482159571587,-1.3064590596711776,0.016697412279663603,-0.4641876486337928,-1.198424668592426,-0.011812817368014185,-0.20545556466432857,-0.9746343531329574,0.08874620353324204,-0.2725059438484061,-1.361375632123571,0.03940940049378404,-0.3817209452253574,-1.3856778791604845,-0.005055485476425788,-0.4495711845984678,-1.2382949261378329,-0.020739305849583806,-0.1336055859463887,-0.9886236864473115,0.02426353118784118,-0.20526508000982882,-1.3832936425816653,-0.02246155208405911,-0.33584263946915255,-1.3801020930195063,-0.0457732881650667,-0.4169183007401249,-1.2360715822361172,-0.04262423254544889,-0.060356454697180845,-0.9806851453111058,-0.04564726196133085,-0.1368569770628383,-1.3261554798262167,-0.07205654683879933,-0.25996267182948907,-1.3939978280053547,-0.0793392283759784,-0.35429400457521754,-1.3190284164701698,-0.07409501623172998,0.9661386587806894,1.2852359324611202,1.3175426721465582,1.3051860599561351,1.3677902896877607,0.8886504316318428,0.8565685499088087,0.6629971730275913,0.5743915439060564,0.6299961663016634,0.574072450323081,0.5548469287033695,0.6667690515207118,0.7301751980803683,0.6248405424411891,0.5553154759146807,0.8316397791162279,-1.0786351272879982e-06,0.5675346087260769,0.057502147859374735,0.0772603833091282,0.0793985871318967
heart_with_two_hands,0.0,0.0,0.0,0.1534782444695478,0.5106436424609876,-0.057936865444685744,0.469257290616527,0.9575433751690546,-0.09055106191423427,0.6211296021740732,1.4444927913059344,-0.14295289339748474,0.6926200605044758,1.8693132550550076,-0.1898263094883484,0.9479873188070355,0.4596556922469406,0.06686336567708809,1.276884981585405,0.47906288360065413,-0.02687144155203632,1.393340302225838,0.7116547308285497,-0.12740503302777603,1.4247214737626857,0.9296246554333314,-0.19456812180446942,0.9731940854469818,0.22860471792023643,0.025162571323726766,1.3586926984043075,0.23207808301349664,-0.09013054600968431,1.4454210507504957,0.5249702765834237,-0.19875132309632054,1.419780690619149,0.8049596009126474,-0.25838826719908947,0.9526842318455349,0.0075799110014066196,-0.03944742358923073,1.3721999961325388,-0.01272091108143698,-0.15641622315066842,1.4518258940082671,0.30957127176066235,-0.22999471431995214,1.4276210515347996,0.6331029527441994,-0.25839044461074157,0.8891491437402151,-0.18643743607504945,-0.11413153159645663,1.173216261650227,0.016809827825363808,-0.21755322024462026,1.3109394899535487,0.3292760601960824,-0.27493258197227133,1.3840820528165279,0.659336408328933,-0.30143202281894277,2.002520567063304,1.7122762720462426,1.652422968002619,1.5829361444558927,1.5624560450321896,0.8998311360562168,0.9570334282099856,0.6841793794474262,0.9006870689852124,0.6172518992150489,0.8765551003073843,0.57689771172765,0.8920396885860847,0.8299755921904228,0.9317170362313737,0.0,0.0,0.0,-0.22869584188347825,-0.15682370660295314,0.0012552097548968351,-0.431735952808038,-0.45246076675074937,-0.005964264297385271,-0.6087860219596729,-0.5822452717917314,-0.03949062940941344,-0.7608628276524586,-0.6554696128029238,-0.06381952943141309,-0.2822556947668574,-0.9347680972831591,0.12437819048084747,-0.3312205046916552,-1.2822452190126221,0.06325476479355749,-0.41917484368618113,-1.327223087746734,0.005646241351965313,-0.47303885911376653,-1.249500624881355,-0.020838477611016686,-0.21358575238014543,-0.9738284189567884,0.07771317013434155,-0.27878082752174044,-1.3826637460246103,0.01705378528985035,-0.3869606357828799,-1.4009590560624614,-0.026949141088608203,-0.44589693011395776,-1.2562294953802378,-0.0380497828803973,-0.13610670887833812,-0.9870358176549544,0.01093101627001297,-0.20724501293987516,-1.3833669823327641,-0.04560849497367944,-0.3487504953176157,-1.3790327777380835,-0.06808165035045338,-0.434239152483521,-1.237765578352023,-0.06053175592821118,-0.056114862918815116,-0.9756775128378661,-0.06127830943790428,-0.13015209061202715,-1.3212137559537487,-0.0929817833187387,-0.2595484645943965,-1.3988174123040633,-0.10123177360436386,-0.3580287928390087,-1.3350431022918665,-0.0943769084612743,1.0062929931924185,1.3362079987635516,1.333560798511108,1.313122752060323,1.3854355641203802,0.8854722707163006,0.9420617413475221,0.6953313110045656,0.5792601612750298,0.6130634137674666,0.5731109611752241,0.5527740971759962,0.6775230447633744,0.7396409245464194,0.6434911461640224,0.5592942880357327,0.8289691787816658,-8.0846100931864e-07,0.5644874343538008,0.045447493648528715,0.05771505874427329,0.06114761376217129
heart_with_two_hands,0.0,0.0,0.0,0.17085671120243964,0.5191852693870381,-0.06925736650354355,0.4587272577292331,0.9711721973376755,-0.10974716018608045,0.6150318625400895,1.4483118125437204,-0.16534036226151377,0.671482227222363,1.8886665939714817,-0.22017565497736893,0.917618562767339,0.5673876314044093,0.040823581318367774,1.2306841446017052,0.6390220340916432,-0.05991132741263656,1.3726171361753519,0.8133414180643239,-0.1640852230418655,1.4606147439899695,1.0134972253191172,-0.2355827654585705,0.9441855927358348,0.32940185688974205,0.0028254464550281867,1.3050896722558618,0.39722514045518176,-0.1109094574685487,1.446333994049153,0.5873598773269935,-0.2141003026829538,1.5218656509739927,0.8086744982572701,-0.27486127765084795,0.9231969935612871,0.0915737569188159,-0.05782851247319874,1.2896581242761112,0.13691269166138964,-0.16952575285162425,1.3941603714894215,0.38186184273426027,-0.22667664631065754,1.417460845395276,0.6693711973792374,-0.247559709411029,0.8609194546718624,-0.15141772182022628,-0.1308172305374421,1.135014138714721,0.005160295172084599,-0.22131997746463725,1.2762469484161616,0.24305541196342742,-0.25662301486664474,1.3635040820370956,0.5235915225429006,-0.26999145722492524,2.016538421083034,1.7933408196635525,1.7451585101926983,1.586990503384717,1.4853238203116026,0.9198281519355045,0.9400919681094886,0.7996768332309105,0.9119807448553693,0.7754101146537216,0.894378532478155,0.6781480623153214,0.8892676052057589,0.8322146397749625,0.9213532457865341,0.0,0.0,0.0,-0.2221089359433276,-0.12443145291112614,-0.0203581390532172,-0.4424038196013749,-0.3870757844476096,-0.030455804476857702,-0.6246649316505449,-0.524777013039142,-0.05894439890451249,-0.7716931419610406,-0.5807624043387271,-0.08116972182435625,-0.3408958997017725,-0.8987945306785958,0.07971311697341867,-0.4385518961183802,-1.2428771640556082,0.03233703904441727,-0.5413255119677988,-1.4166644920800144,-0.012566475512924417,-0.6257269523900457,-1.5045767559627063,-0.0382054119189285,-0.2779602597143644,-0.9594861622499373,0.04609119732020704,-0.4035195361252471,-1.3423109540936817,-0.008973318167238313,-0.5441169814436797,-1.5505370743554454,-0.05490257556582873,-0.6562851723236167,-1.6180605544099322,-0.07644114162740233,-0.1950284142711612,-0.9765178862105398,-0.003933451326304833,-0.2990357199659178,-1.3408527738791722,-0.07810870443449427,-0.4087253402095571,-1.315519830275293,-0.11065650663542204,-0.4838633634839722,-1.1635532794808463,-0.10647840205925933,-0.09986396998777236,-0.9660948632773857,-0.058447041806548854,-0.18267047684001234,-1.2755437581443105,-0.11233066510608979,-0.2924455959082015,-1.339869985034673,-0.13070297342574067,-0.38905389599570417,-1.2773618391700146,-0.12734831961144688,0.9692181381835798,1.629952479991515,1.747762407560741,1.2646413083628687,1.3413552089827279,0.9222780818339799,0.9104997862735529,0.9146862745591128,0.9280570542602342,0.9117852593839652,0.8634868897258321,0.5323699791394301,0.705476082595987,0.7549735010440434,0.6452917788704411,0.5850479533271837,0.8109987005585115,-2.8114723011685805e-07,0.5467249946704016,0.2229730288767489,0.04547856011635934,0.061180012902732075
heart_with_two_hands,0.0,0.0,0.0,0.17557820207142405,0.5003458359997377,-0.0796948040279512,0.4572139392447721,0.9510337813016817,-0.12373077535948643,0.628569836746561,1.4224317082872293,-0.18258600654370225,0.6840884973022369,1.8518666835379145,-0.2410430480175979,0.9119903420614938,0.5974301294302731,0.03826276871541834,1.2637796696593302,0.6754101836050372,-0.06893859529177074,1.3502723120769358,0.8421912141056264,-0.17458836792723315,1.3498023695783354,0.9897641366580312,-0.2368727833517835,0.9268773435131135,0.3752220623831692,0.010334117426987144,1.2946404937587936,0.502067269572778,-0.09559912358416824,1.3682361068684485,0.6846865867445256,-0.1946332310835049,1.3545326173876977,0.8464160520580033,-0.24953800813886115,0.9135302165380398,0.1211111064688158,-0.042276747529195226,1.2656163721471214,0.2585846987211103,-0.13211596875664094,1.3666358534365568,0.4621037901668666,-0.1816024602783111,1.3906928559525102,0.6661717812066754,-0.20082815676396829,0.86780139135752,-0.18101251916777297,-0.10873305716522985,1.145061976535812,-0.00695730235461635,-0.1679361402724747,1.3041997913044476,0.19558622562032574,-0.1872232712896201,1.420611261672031,0.42056834676967997,-0.1931168695655311,1.9888411290841108,1.6904757314515129,1.6166162074699528,1.5550380735604632,1.4940911004369084,0.9326497739474644,0.9302787480360181,0.7361915932809201,0.8581165620381558,0.7394685668225732,0.8559871017454925,0.7712043804591145,0.8853876986180184,0.8864139249294744,0.9378873203494831,0.0,0.0,0.0,-0.2679956196422743,-0.1200118098471887,-0.001343613536401003,-0.5032033793064038,-0.32223679294273866,-0.004711252319739143,-0.6867930140579275,-0.4660619740250719,-0.033090126876225805,-0.8357433260922661,-0.4988312238764918,-0.05621484307455076,-0.4354497847831223,-0.8474723584606421,0.13702144881286663,-0.557926456941008,-1.1694468955386126,0.07953598405786516,-0.6547823717406362,-1.1929605457854504,0.012327637743214886,-0.7213067184197195,-1.1272219872203177,-0.025127326555994284,-0.3720852417258583,-0.9230054756951137,0.09804827753023701,-0.5182055901475678,-1.2764681023215472,0.0453723980094661,-0.6243655888292983,-1.3124843295462874,-0.014178289593538233,-0.69453335755496,-1.2343374689873192,-0.04513589105186765,-0.28258228594327817,-0.9678406991566659,0.03971891392841123,-0.42186341279358247,-1.3243399597504102,-0.014318716850142073,-0.5082577428028368,-1.2782989959731546,-0.04623992228066156,-0.5570116222904254,-1.1231331464827838,-0.05106053049496909,-0.16369491954241572,-0.9959081984390722,-0.023692035836715964,-0.2763941739371564,-1.2978075510527207,-0.05346399163097822,-0.3795268437149383,-1.3092642878827006,-0.06093029871632935,-0.46101862968262064,-1.2079994871398874,-0.05716972928898122,0.9749151786713441,1.3384857761852378,1.4170401620150481,1.25471000229908,1.2942446893040156,0.9620433683544014,0.8584313211303818,0.6872454883621437,0.7097309194656515,0.7211805920209395,0.6543336440770143,0.4787468536330533,0.7410561073501966,0.6502024141966444,0.6790902411956175,0.6363925294157918,0.7713653793783012,-5.830914043973809e-07,0.5151047226471922,0.09698132760877125,0.07256353472340774,0.0937813997764099
heart_with_two_hands,0.0,0.0,0.0,0.16014898913346554,0.459213568657691,-0.09629062650525051,0.46335626592721024,0.8995772658100774,-0.13949747562632878,0.6607245939745914,1.331112119169685,-0.1910524689193183,0.7461818840499461,1.7436615539363387,-0.239465803827016,0.9050527376995576,0.6353209682437895,0.037256179506320486,1.2463691307236662,0.7117821347096693,-0.054092657509807365,1.3720210708244798,0.7907419908998217,-0.1485399505606406,1.4296300541292968,0.8604627894753468,-0.20692104002316014,0.9187099999199968,0.3944693446288855,0.019127785942368584,1.266203977732559,0.5100752491048781,-0.06770406751290302,1.3854803712517934,0.6105009305167138,-0.15592936834278795,1.4429031611927998,0.6922246863917806,-0.2054737596367136,0.9026486157108546,0.13162714993514849,-0.02443739280647024,1.2300530440800566,0.25626343255594464,-0.09793616420899641,1.3587530073735403,0.38783237079608696,-0.13194261684456546,1.4304773810400004,0.5131474396077493,-0.14272143421038158,0.8510196757024128,-0.1760725145991995,-0.08430356183904776,1.1180503804797894,-0.03226819258053791,-0.12775547273932847,1.2761512426113408,0.12204323531147751,-0.13029265941262244,1.4046309681562092,0.2940148725953319,-0.12489801666823877,1.9116712295691782,1.6813847330535914,1.613494349209076,1.526419090625545,1.440497281003459,0.944158759110816,0.9288914281179158,0.8601467679774754,0.9145428912801208,0.85678953732538,0.9253347491017929,0.8647038225991212,0.9126204151782823,0.9021329276359145,0.9490340649272513,0.0,0.0,0.0,-0.2666400610137542,-0.06943033885643717,-0.02456541822228199,-0.5140008909572318,-0.24002005796243542,-0.03770855168482703,-0.7047714825778493,-0.3673478310127338,-0.06741707062479911,-0.8622079215475945,-0.4074461367291332,-0.09517506373972792,-0.4684748405974805,-0.8142532817983528,0.09199322226723175,-0.6080310928396595,-1.1040149454782398,0.035883226936200954,-0.72770649336306,-1.2071623582644513,-0.032830730027623524,-0.829276428385877,-1.257122005411161,-0.08043836792849587,-0.4035506035536632,-0.9132864620394946,0.05526978041259939,-0.5698768692450813,-1.26457554836678,0.011919119326067994,-0.7143708321640722,-1.443852711745327,-0.04733221216667773,-0.8404011468604273,-1.548212971757532,-0.0914829903906917,-0.31112603928125726,-0.9669251799892363,-0.0014313189302869826,-0.468377991779174,-1.3329300231763774,-0.05864364999809138,-0.6176462329940845,-1.4473557177129053,-0.1112575353987509,-0.7471157334448676,-1.4536807613943443,-0.1428210965716689,-0.18630922975123715,-0.9958379735435071,-0.0642522830020277,-0.3040008085561744,-1.2762910972682275,-0.11184839049841078,-0.41867480977768107,-1.321733720792644,-0.13706771258041905,-0.525190350761411,-1.269505495347559,-0.15231772522203502,0.9583700470448664,1.5081529969470655,1.7639746684953934,1.6406607025326223,1.3822697987973842,0.9724867441708587,0.8924901300932497,0.854141500765374,0.9255280505631163,0.9136000360944274,0.9380885276328033,0.835744126796154,0.8135106733824551,0.7504020236732047,0.7376120031199664,0.6802622470218872,0.7329688092113681,-4.552312218409876e-08,0.48306037775379157,0.16990343951541625,0.06932681632979092,0.06575420075622071
heart_with_two_hands,0.0,0.0,0.0,0.20298083183520715,0.4628393846372075,-0.099560598131433,0.5053102156731092,0.8854172401976812,-0.16612297152938912,0.700592266154132,1.2966406527819951,-0.24238660270608967,0.808630498211585,1.7017293496081283,-0.31572832811716617,0.9724102839843068,0.5036980284575837,-0.017747810326821108,1.369438044732813,0.4863570752744461,-0.1567302893997696,1.4499208885751305,0.6315587529884394,-0.27793842595484536,1.4374047490375592,0.7814112835638125,-0.34485854151576867,0.9717374850033883,0.23164233953005275,-0.045476222098297894,1.3586127136482955,0.2954631290937528,-0.17515356953653352,1.4406720488569158,0.4561281131371516,-0.27482777556241766,1.4462297570270288,0.6029636666839195,-0.32680172276147157,0.927924670775191,-0.05749313548123977,-0.09952942074413725,1.289179768448263,0.043358256958349,-0.20649057149985725,1.394698506135265,0.25120072790382686,-0.24168906514612123,1.4321823107424239,0.4625145072246618,-0.24841730911879006,0.8405999718831294,-0.3763045128899717,-0.16901686283106626,1.130494096651952,-0.22792680828754558,-0.23854975076084464,1.3020917252506328,-0.028271112584359617,-0.24744101069831764,1.436022551534114,0.18969745746244465,-0.24315877960901341,1.9103534853872672,1.672023749918929,1.6006077156665344,1.525377658177345,1.4687654972742272,0.9427293268446969,0.9426309165526918,0.679614192084231,0.8252824468885035,0.7232510460271613,0.863780645450584,0.7395558654452107,0.8994433610272158,0.8653718251641308,0.9469081105379552,0.0,0.0,0.0,-0.2800091371574986,-0.043125643889460906,-0.01200130739357166,-0.5516904279944119,-0.2172009758344951,-0.02153131997328062,-0.7632885998251118,-0.327076515804913,-0.05182628455823636,-0.93500732844964,-0.3370854002024363,-0.07829498775458327,-0.4852335956036289,-0.8087033467609503,0.11067253064633088,-0.6276467989641915,-1.1462398737954778,0.04767892814053649,-0.7397807856064871,-1.1885805457470544,-0.02494224813219254,-0.82395615870482,-1.1310236245000944,-0.06768268782056487,-0.4160947523208127,-0.906245742894692,0.0747248993062519,-0.5759579015481228,-1.2611942468917696,0.025880140882048108,-0.6980914913002491,-1.317997696328772,-0.031825351280779846,-0.790806774080387,-1.2583883448715967,-0.0673804878628185,-0.32107911644860904,-0.973580641351428,0.01963401883595795,-0.47889841362554103,-1.333925511013925,-0.026132920448153324,-0.5979919597816118,-1.323749563437934,-0.05497551072660437,-0.6860038797107147,-1.1956981684027468,-0.06583527211481818,-0.1976526151957826,-1.0233696873019258,-0.041992052725471005,-0.32050564536966025,-1.3295239306384723,-0.06991288633084773,-0.4361772088785658,-1.355435879620635,-0.0782547161066593,-0.5355834563316765,-1.2695066243995339,-0.0790104730821474,0.9969931676755162,1.4009636458079664,1.4877690380515172,1.3800832279084723,1.3801229521122924,0.9577875020287223,0.8671415533190471,0.733142654772266,0.7261453783577072,0.7648553429718601,0.7003192190815202,0.6096736864298732,0.7176343567160917,0.69258778750355,0.7025328011681456,0.7157269500782409,0.6983802208908104,-4.4953564677595415e-07,0.45240724432324153,0.12744287419327063,0.08238866725586483,0.07493835902068215
heart_with_two_hands,0.0,0.0,0.0,0.2237476396390327,0.4996027511941854,-0.10709943276505497,0.517351988840023,0.9091624594673652,-0.17703180484558823,0.7273732583974185,1.2822307150280257,-0.25932413656175307,0.8665724236781471,1.6734614813230484,-0.3384305196245353,0.9653923771918662,0.5256688759948313,0.010596373332616975,1.3706398332381795,0.5251326494874359,-0.13022126439016335,1.467428016567818,0.6305130795297341,-0.25565519836133216,1.463856757378634,0.7301193739200348,-0.32405239123459584,0.9735367555574601,0.22821907680553993,-0.011926380871054652,1.3800969614143805,0.2753579215894901,-0.1489771977624912,1.447999973875723,0.42759061677403537,-0.2629500644407438,1.423618731666754,0.566452478283983,-0.32068604467054085,0.94519155122451,-0.08577754104352002,-0.06326572080643963,1.326497218346032,-0.027458350205200047,-0.1739987006157118,1.4369355686878171,0.1584362327956037,-0.21813925557058983,1.461803949537332,0.3509733391881496,-0.22744862342377983,0.8744994129191213,-0.4249307556460263,-0.13053789574082764,1.1766847887489202,-0.31656952332722116,-0.19924717641517517,1.3465353530975437,-0.1222935376894639,-0.20905366118660693,1.4638193570991296,0.09769093257617764,-0.20282724512332043,1.9146687211015598,1.6676213174942722,1.5653747929978172,1.5204558355970734,1.4810298848740453,0.9619163102229755,0.9465682926126444,0.7451094937976797,0.8028834669955178,0.696283818763736,0.8217311055548654,0.7265223153216914,0.8624410902173095,0.8305799848487071,0.9245365100824235,0.0,0.0,0.0,-0.30235057384592867,-0.019418552873689716,-0.023575218982662318,-0.5929373536956616,-0.1764721507277392,-0.030997906093753403,-0.8157857183871152,-0.2722536099252159,-0.056046063543931726,-0.9919527545798584,-0.25855901768160705,-0.07576911926670768,-0.5554919407881217,-0.7510655762978458,0.1303898763220331,-0.6860770768604604,-1.0478520683346757,0.08481680128841751,-0.779778318351662,-1.1271501705083455,0.018263941985742934,-0.8638865317450134,-1.1195085605432313,-0.025830287806633368,-0.47910004708931553,-0.87182190036625,0.10192997067004347,-0.6259730995332697,-1.182637086556704,0.060197671463533484,-0.7275595047075305,-1.2360503593549774,-0.00204870570344404,-0.8078404880815937,-1.1724798505821914,-0.04033930481884318,-0.3768798045705627,-0.9645961435346726,0.05331930543300195,-0.5229370267691311,-1.2913212148658217,0.013157777120437935,-0.6233552706140096,-1.310334542167078,-0.018745659886538237,-0.694262274816914,-1.2034533090485877,-0.03065403588661515,-0.24740365972189693,-1.0374907253793577,-0.00289169672933149,-0.3804700553280959,-1.3159676557661708,-0.024609189964591292,-0.49868355904558875,-1.381709528115138,-0.032157258679099854,-0.5965252137418531,-1.339690236152377,-0.03175011866984977,1.0278929868315567,1.414307802646998,1.424409531601924,1.3896904846799845,1.46684025357478,0.9617295155116282,0.8469685549924963,0.8226245157238415,0.7784792380505399,0.7721809677762601,0.6668267486073185,0.6948912223008356,0.6297678488712887,0.8037937055469351,0.7088566768535091,0.7520105992036279,0.6591510135661219,-3.9315861691208584e-07,0.4398869371991828,0.12024989333187949,0.09952999179136664,0.0761372326298197
heart_with_two_hands,0.0,0.0,0.0,0.16520763129957494,0.4888955375442256,-0.15665062618799372,0.4831955667216907,0.9210807396439387,-0.22055242201627148,0.7363648965162418,1.2863127071374472,-0.2799646075618614,0.9264971700052503,1.6275675600587747,-0.33870991783161336,0.9140577295490183,0.6061884200168242,-0.022117869597058828,1.2809747887709362,0.7500075893727918,-0.14896428787700053,1.5253736557862874,0.8801073484372898,-0.2720598236453342,1.714304022794889,0.9990633392797535,-0.3537440675560178,0.9475128121335467,0.3188259948866175,-0.023863273608974205,1.3421531296795672,0.457913358475936,-0.1310415136238874,1.596752275059433,0.5691469095097973,-0.24493617264152406,1.8157186394389824,0.6857650374670796,-0.32181380007051275,0.9292271442244652,0.009186352031658877,-0.05606174542921817,1.293174206843063,0.14606954744694237,-0.1658065548216673,1.508246824920465,0.2805888588587676,-0.22131785788558256,1.6821464070044392,0.4231336663791263,-0.2484293956101949,0.8654789935660128,-0.3332071491342648,-0.10759056961686225,1.1577970958080432,-0.20124239371327102,-0.19333312657879512,1.336302415827015,-0.052998736970303106,-0.20852278613290132,1.4838663830149934,0.10987663944371905,-0.2083878156018394,1.9031809102187076,2.015465381442864,1.9674023447516265,1.7522487833708527,1.5024505982656302,0.9899882546627942,0.9687397196195529,0.951635638267356,0.9696087832652817,0.9507669258821969,0.9634978707165709,0.9356455804676215,0.9497221036780087,0.8951257451887695,0.950293309904412,0.0,0.0,0.0,-0.32295226942448785,0.06229508978411947,-0.023403953184913673,-0.6624578965206706,-0.06000710522537471,-0.01941143421144169,-0.9099752464723778,-0.17249287668848046,-0.02912035593232296,-1.1021564800830896,-0.14791736907540684,-0.03543299955375365,-0.7146603197247641,-0.5864482870488332,0.13080281477083985,-0.9186393512649758,-0.8305423131652502,0.09532568685357087,-1.0574981692302503,-0.9349657716927249,0.035440080808216916,-1.1813304763622332,-0.9939596592663534,-0.012591098863283016,-0.6376688393284019,-0.763916477098466,0.09904578419618672,-0.8453536417773042,-1.0180306804882095,0.0686078365559808,-0.9843943360661438,-1.1365425337311976,0.011434698173988284,-1.1130145292527684,-1.2038632222513868,-0.02927911761596686,-0.5213937056840157,-0.8963002367220952,0.04702351283750063,-0.7287705918436505,-1.1567928460445518,0.006970039529771328,-0.8659428905787385,-1.2791466325425978,-0.030415357396639253,-0.9950825904633741,-1.3326008024008869,-0.054154375757090756,-0.3613667040489387,-1.004506853391088,-0.012086681349151748,-0.5293515295289091,-1.2300468822765938,-0.04514945183605722,-0.653097959689442,-1.301850969110447,-0.057118814934220996,-0.7718916069490128,-1.3203509258897423,-0.06370153581457452,1.1126023333252149,1.5439093349033457,1.6398003741143683,1.6640153114729523,1.5307518107261429,0.9702910905982637,0.8238417847697741,0.8999290123455012,0.9397956748827292,0.9126145361754897,0.9311014127267094,0.9406860745306904,0.8944072489452247,0.8713493746355321,0.8817516238758875,0.7991530647392864,0.6011275897156887,-6.422894912468727e-07,0.4308999889294756,0.2827861312517335,0.10728471574035729,0.0408154958755751
heart_with_two_hands,0.0,0.0,0.0,0.16634089742795682,0.4267969421590201,-0.1519253583685156,0.5149606202116821,0.8215539960614872,-0.20601571739195904,0.7870731395703383,1.1476180179016606,-0.25217909384524734,0.9901257341420895,1.4433443510078412,-0.2983308037535644,0.889591729063864,0.6687630054941347,-0.05113818991327752,1.2432131942602451,0.8054775749546628,-0.17220866551481942,1.48651892474827,0.8890215607436699,-0.2856138285085676,1.6882488783150553,0.9604545568093431,-0.3650484652458635,0.9171437738853575,0.3946580115540576,-0.05560891960397559,1.2984555694462945,0.516659289923083,-0.16653720632093058,1.5642777576832185,0.5791697539219769,-0.27932663788058726,1.806723875335991,0.6487157544691057,-0.35545651487453006,0.8905738471099374,0.09849668113148717,-0.08594150827993306,1.2567448291572014,0.20825823548784125,-0.20183147664833584,1.5000036339204035,0.2849062160873791,-0.267139108354984,1.717224475213479,0.37079441175802874,-0.3021995546475828,0.8207537671080904,-0.23878425002897744,-0.1332768858560673,1.1077269990831355,-0.12385069178052134,-0.23115569430772298,1.2984800704884587,-0.01957363342183806,-0.2613603662608984,1.475076938057589,0.1044388067641571,-0.27237184576262014,1.7755543228707213,1.976339447768585,1.952289073311703,1.7826028623595298,1.5036441932557747,0.9909496228387227,0.969710451973567,0.9643696262080577,0.980761100483211,0.9546841617797469,0.9654398987184462,0.9854467920564357,0.9607330503627659,0.9348199928169975,0.954990743480979,0.0,0.0,0.0,-0.35496152988384116,0.12845767092891922,-0.024928820169431765,-0.7199078678701568,0.058080970197513536,-0.01303944829884779,-0.9962161632190046,-0.03176094484646306,-0.016488595470757234,-1.1980207038207573,0.025259250729112007,-0.016434071699685176,-0.8286059417306854,-0.413246467819063,0.1541630518490326,-1.0792331682541134,-0.6336736544346857,0.11847655121991062,-1.244714721205791,-0.7326563854238831,0.05278103020697589,-1.3973836829688602,-0.797562977559541,-0.0002155103028684452,-0.7715562010901368,-0.6246997859047969,0.12021316920311685,-1.0322049000737774,-0.8585258374682001,0.09472662392859724,-1.2042009618697826,-0.9643427335468595,0.03271697769589277,-1.3653756986634624,-1.0408402462327055,-0.012176905656286699,-0.6703682691670774,-0.783118288504628,0.06527109518555413,-0.9200856500751784,-1.0271128259238347,0.0344869006205638,-1.0821278726922354,-1.1521683648228287,0.004641836714829685,-1.2307601954577267,-1.2370447511457547,-0.01760644540717073,-0.5127674173412707,-0.9192945186667024,0.001239067407391806,-0.7096389999863713,-1.1163520928352804,-0.016619539009613365,-0.8375118210146715,-1.187047381917906,-0.009235101951724854,-0.9565207665862971,-1.232805034322064,-0.004213358975192337,1.198399647548016,1.608971070916425,1.7169005485787054,1.7450960896123398,1.560371103921922,0.958179597502643,0.8122441554588232,0.9095436850524915,0.9581272036339457,0.9089707876549394,0.9629604352666877,0.9589594670814977,0.9560767230641432,0.9035071914025876,0.9559845427319532,0.8593937208362947,0.511314416564837,-3.299442716318693e-07,0.4275443139772854,0.3083698682094568,0.11604906994728872,0.09062921289175362
heart_with_two_hands,0.0,0.0,0.0,0.20208187565192573,0.43157836080018724,-0.12054721877108653,0.5607618812571785,0.7729430054159664,-0.13748479351308693,0.856740473538755,1.0230632294604742,-0.15529299142841657,1.0770071023383072,1.2618388115644994,-0.16868002295815077,0.8243371996605214,0.7971162042311236,0.05730016582005092,1.1482023234164433,0.9541854683127474,-0.015267706424330854,1.3579208263352254,1.0099727125562699,-0.10113305076682864,1.540569600969481,1.0392023308286318,-0.16731554111636918,0.8538612767630688,0.5176666989255758,0.054241210053236656,1.1907422686629003,0.6426133605891764,-0.016515221820361567,1.4171966691073397,0.66054757752811,-0.11603123959660777,1.6181605860167019,0.6714498418548157,-0.18747715691540967,0.8340862489700126,0.222236056119301,0.022459283391426287,1.1690192824547712,0.3213583829319953,-0.06580670673202342,1.3874384036776415,0.34603422986396415,-0.13432544230356458,1.5766066346859025,0.3663885241584086,-0.17634283391780828,0.787765609913917,-0.11063793214086988,-0.0243138691496546,1.0520952944173336,-0.024095792580867723,-0.10414919798088497,1.23070043040028,0.04374180998344136,-0.13831114938067424,1.402478848621201,0.1262659160078026,-0.15733126942697911,1.6675234436141602,1.8658217144545162,1.761941048000715,1.6281971091501015,1.4169132403625295,0.9808517739993934,0.9605139383010421,0.9186944904938111,0.9680334552265856,0.891233493012376,0.9759991799185757,0.9435783170929123,0.9729513060855564,0.9642976818502103,0.9636207771792643,0.0,0.0,0.0,-0.35732236740073753,0.21089065685541705,-0.06670008780171194,-0.7630950332327974,0.17461613688836283,-0.0636718098293484,-1.0802162311867813,0.09104129653941949,-0.06992716608024474,-1.3215521954569436,0.14117064888797426,-0.06813640642910761,-0.9219721399298169,-0.2123145508452692,0.1333795652842847,-1.2219073594365786,-0.3819157987474184,0.086891474291254,-1.4081987236912403,-0.4583950049136709,0.015109898418009337,-1.578315371201681,-0.5159634609336871,-0.04110618617554711,-0.8877959489214636,-0.4447808746994999,0.1182722561727216,-1.1979258430152844,-0.6153644687845493,0.08644981048031515,-1.393582709780587,-0.6932816359504329,0.023212039666607287,-1.5709540268342759,-0.7491765085570197,-0.02242224061373695,-0.8039768896527459,-0.6429488980854902,0.07698147348802997,-1.106596563525667,-0.8268105771511011,0.04435308399121281,-1.2868797516036088,-0.9215665411478557,0.022382841641929312,-1.4463734622292745,-0.9880093265870631,0.00493556077990252,-0.6649717787701944,-0.8267259797172912,0.0208394269127396,-0.8908684183073603,-0.9759656217146088,0.003873389735113774,-1.033310959329519,-1.0451206047892618,0.01446303881793961,-1.1616653900580092,-1.1014665985844556,0.02156694591653779,1.3308162635411365,1.6610199946213975,1.7405932184961117,1.7516229564105203,1.6009872827140144,0.9457001891268649,0.8525542287268555,0.9232756426789532,0.9772199767172263,0.92496967612856,0.9721340614865882,0.9797310718193312,0.971679881240073,0.9412241911485281,0.9867842905940953,0.8968036457370688,0.4424287750505173,2.7233315195117548e-08,0.42889953551705284,0.23841335825898213,0.07544706326545536,0.0644394223564753
heart_with_two_hands,0.0,0.0,0.0,0.2469850371286652,0.48160577959087264,-0.06608739701485422,0.6141444174823629,0.7719649009667904,-0.04913382598165145,0.9146966481244352,0.9392934912427764,-0.045758361350697115,1.1175969109384545,1.184211455563158,-0.03866586129696821,0.8197769060757367,0.7503196011814598,0.15918089671101276,1.123646728248182,0.8779842129426286,0.11233363585428516,1.3346119221856902,0.931010799389437,0.04033266026078597,1.5214673642531285,0.955630800261891,-0.018464769487679767,0.8571963338683976,0.4964876529544464,0.13680078825198336,1.1764853282204277,0.6121028376639008,0.08517188294632272,1.3990293992143175,0.6445799336817564,-0.0056262038041456205,1.6067610701069717,0.668819874942595,-0.06902526948881932,0.8550202833937008,0.22835725108512028,0.08537490858210385,1.1856748699407038,0.31063538922693507,0.018673549745521,1.4060884275562195,0.3544909212361622,-0.03929914194941898,1.6026257568725497,0.40056531637474835,-0.07335957034727578,0.829015293142923,-0.07729221530044432,0.021032115006423276,1.1085704465118462,0.004461662424733651,-0.033343871279185054,1.2936997601844928,0.08094510775801292,-0.055411568986039876,1.473972951200586,0.18853992542542197,-0.06779976333045541,1.6287647698965082,1.796784381780067,1.7417708372106628,1.6535548118629912,1.4875282761205093,0.948045257883018,0.881871998994381,0.9263546209137017,0.9646499589530293,0.9033809853572065,0.970270943488514,0.9760920451423987,0.9708728882639158,0.9586759435417268,0.9508614767777601,0.0,0.0,0.0,-0.36161078783350953,0.23042076249826976,-0.09492576980631538,-0.8024852355398098,0.2156923730646025,-0.06571277907796085,-1.1314570066188612,0.15398241274555097,-0.03628080812075726,-1.364755674892415,0.2373955084704011,0.007395029538810974,-0.9716661866675294,0.0026253663315546297,0.20278324167855918,-1.2620070512334252,-0.1578379553181032,0.204563363711367,-1.4259557384013926,-0.27484522095581015,0.1546799981843997,-1.5762267447592864,-0.37656762709783204,0.11147872747073065,-0.9445461002684084,-0.2414622366509053,0.22255033754026082,-1.23505077420321,-0.4216892791070997,0.24860257655981968,-1.3970176892022594,-0.5351495499663819,0.19993262491808575,-1.5549042252400627,-0.6357361308519474,0.15852525248470142,-0.8680692071347705,-0.45426907556275004,0.2089822393763286,-1.1385409588369295,-0.6400389372405804,0.22607301686548864,-1.2991122822518708,-0.7526954180102813,0.2090647463011083,-1.4471818994683188,-0.8523932929201783,0.1860989513166821,-0.7450580069318292,-0.6817105551640477,0.17560416082075295,-0.9652740078382464,-0.8116742184470266,0.20382709981843475,-1.0865479454449747,-0.881180581290821,0.22894969306677218,-1.1998843555436995,-0.9582581087771129,0.23919701297505613,1.385268698143018,1.6244141822057088,1.6873108289273029,1.6898350794220138,1.5540901777991514,0.9512636376785236,0.8309385304432455,0.9130988166316687,0.9918115299295797,0.8974505311386549,0.9844699793648366,0.9557896533488323,0.9854708889121782,0.9780166263704524,0.9591738396150267,0.9321250886063062,0.36213646487272394,4.146923608243737e-07,0.4183814037415561,0.22526898848100296,0.0441752579874916,0.12382604522294073
heart_with_two_hands,0.0,0.0,0.0,0.302764758623306,0.45043563558910565,-0.06854921165593016,0.6567935287200333,0.7214543454731249,-0.04842236939919863,0.9483790469713059,0.8211202146796365,-0.04391612856631692,1.160230466458641,0.9991569367184684,-0.03394483441243033,0.8315576028904262,0.7668967861373346,0.20096107605820387,1.128462392155975,0.837205892939957,0.1663117461991794,1.3262517563829974,0.8318733676043555,0.09257072648230225,1.4992261073414783,0.8203693963598494,0.031763222958307386,0.8548672761060819,0.4847122851190977,0.18508360515613054,1.1671110185584557,0.5313004449119961,0.14638668819323278,1.3821175512707111,0.49868097538066203,0.05036124077066865,1.5782565575762284,0.47181290672211074,-0.01787987059753616,0.8394213137662032,0.19778605064669097,0.13787273590654986,1.1560988216184207,0.22651362262060293,0.08557567921798663,1.3617246084126087,0.2184694190750122,0.02857875348263858,1.5485809117945686,0.22163076962761544,-0.007084276891279981,0.794982498109414,-0.11524593409156518,0.0760133442248486,1.0543044643402384,-0.06197681668469368,0.036571955910371906,1.2260104936977703,-0.016217441807614284,0.021157959874866298,1.4016029629510023,0.05807439363680726,0.012377153969591052,1.5315356904998185,1.7092962791016673,1.6473678612424483,1.5643763055605575,1.4028601836568384,0.8964597259453696,0.8822187703184253,0.888516374930256,0.9866745837109657,0.8693454191531793,0.9729644982035954,0.9472291687580527,0.9687495897828758,0.9732434834365523,0.953764472878597,0.0,0.0,0.0,-0.33333649479213895,0.23339358521023587,-0.19922084735151382,-0.7716571666571118,0.28562106649038216,-0.19771724574119576,-1.125966282803574,0.25792675514815117,-0.1721105779982243,-1.4186140033052073,0.261475238306536,-0.12981863633636878,-1.0010067541771728,0.29148319894455527,0.13861947044686346,-1.3441237322718456,0.1270118990590792,0.13734045736567374,-1.537010772717121,-0.020211251418827274,0.08377586564168808,-1.701002783987465,-0.11298251386241882,0.03971131734376494,-0.9758091537545652,0.0288334539014592,0.21671439127319567,-1.3032980778126089,-0.1977577277867234,0.23197214856916812,-1.4816167413937729,-0.3596568038327441,0.15549522986651512,-1.6426964086485591,-0.46570918708557024,0.09605131765805025,-0.9081391763564953,-0.23566708576352396,0.2550143283864756,-1.210965955241649,-0.4492881433784191,0.2544358380533138,-1.3827563916873673,-0.6020320579869608,0.19714121622602704,-1.545656898025595,-0.7155766542443823,0.15120624423756732,-0.8083997148065363,-0.5020789552010033,0.2684557321288521,-1.0731754709809898,-0.6424023466569079,0.27228395633115987,-1.2215352677232538,-0.7454647927286185,0.26404696335072864,-1.352357344852973,-0.8378834535217551,0.25475245145271946,1.448339693912074,1.7052133321954048,1.7101351974468642,1.7099615559450803,1.6111542078226082,0.9337818199612923,0.9634980365283621,0.9060680344569437,0.9572581767480329,0.8824188722146101,0.952862343419916,0.9150109185798299,0.963068118930247,0.9575915203820047,0.99532557320294,0.9580517075432906,0.28659540413757034,7.7963036041769e-07,0.41304570270302465,0.19520354751012967,0.049426746227155566,0.09252433390373548
heart_with_two_hands,0.0,0.0,0.0,0.33628776702881746,0.34848751756022467,-0.14910638425762757,0.6779655776558302,0.5996144969875039,-0.1368107156664218,0.9832914893066549,0.6860396158034336,-0.11850533858822304,1.2366771536703207,0.8286392556622684,-0.08724271735151357,0.7954605428467111,0.8264121314749929,0.24417780228313468,1.1149108403497379,0.9414506817350562,0.2975599099984351,1.315572942448306,0.9754689865269673,0.2757272389570788,1.4747805709643946,0.9801319921456387,0.24522665058172,0.808235611611915,0.5072099470899785,0.29915425067228224,1.1262867792793467,0.5874569542049081,0.3619472129037862,1.3442274408912829,0.5734747818487008,0.2921119495737461,1.5376263879444099,0.5695234140849869,0.22976057640793032,0.8021035101596191,0.19548899111926324,0.3147682183262817,1.1053766422432583,0.243019099030629,0.3546853174364346,1.3034152095407154,0.24737847503285187,0.2950603842250816,1.4973522103286887,0.2645595004239668,0.23969810092492563,0.7805756570159279,-0.12415219187838732,0.307540592889215,1.0285070155332083,-0.05057267820067502,0.33752064279485916,1.182989277432382,-0.004767194115737116,0.328422306238604,1.3409116609846683,0.07488719339088291,0.3128102160689267,1.491182312852966,1.7876723874012748,1.655729975136434,1.53932145785986,1.378949747298905,0.885799810423739,0.9232681718685045,0.8991138075478107,0.949095864586051,0.813547048580613,0.98675278796981,0.8593511888313993,0.9791508069275404,0.9453097449301323,0.9423195198817177,0.0,0.0,0.0,-0.3259622091740843,0.1847932310673473,-0.22709726148451162,-0.7490737466271183,0.25253054466347546,-0.23343810747773108,-1.068844867696483,0.16847701503628013,-0.20735927248453312,-1.3514088255509278,0.11943932314457226,-0.1664903685639535,-1.0108773548688532,0.3601628721351506,0.08888745756128431,-1.3886965522025914,0.18576380847106644,0.06628959243726958,-1.6147329626566806,-0.045949992173978355,-0.006827034087305009,-1.7907445671099058,-0.24922383960322916,-0.06440561549544137,-0.9812766521368158,0.06600117153429852,0.18094191699897122,-1.338430055891496,-0.18393501845698138,0.17415065779164052,-1.5292275950957437,-0.44930525484698347,0.05903267524050299,-1.7019115055933605,-0.6753770708114311,-0.032740802648333234,-0.9033535760277381,-0.21184855321636764,0.23436862012086557,-1.213147551483511,-0.43560417037443,0.2106469811829485,-1.3879998904838013,-0.6370011017365935,0.09302443641505861,-1.523701791371293,-0.8130648604146582,0.0017810701636144979,-0.7915620551296405,-0.47986339042200815,0.26419953817362457,-1.0373068263198004,-0.5946323663349227,0.24153593037010254,-1.1691675473469636,-0.6954791323423263,0.1839372867780114,-1.2785069716414317,-0.8001081396958089,0.13460715491114952,1.3668542747911105,1.8091508257101083,1.8313134414422194,1.7270624738208293,1.5142232985582105,0.8644594411563813,0.9664353799999721,0.8731625614330394,0.9812082253292164,0.8530137279306569,0.9878418063054009,0.8671022909332605,0.98104238706592,0.8957917693469172,0.9661337104777461,0.9665829538525937,0.2563540390191991,3.7086820035734946e-07,0.41020311880557453,0.3149965139592961,0.043500459765852706,0.08833805928950766
heart_with_two_hands,0.0,0.0,0.0,0.33637723166696354,0.33621696217084746,-0.1796173970862986,0.6561279340895285,0.5597777051153021,-0.16956856899280048,0.963636086151968,0.6242296536850874,-0.14390115653282126,1.224109791781683,0.7244388716204836,-0.10436200330611818,0.7391368007453247,0.8969974248701079,0.2574860826260204,1.0093812217275446,1.0405709893260529,0.3577541495170217,1.1693791898356882,1.069405546594918,0.36738695439909635,1.296790219548267,1.0574221820605427,0.35651901457911045,0.7456808403830553,0.5702290292096838,0.3446722189736244,1.033366016889049,0.6635439757290066,0.4694155709726004,1.2105156830369002,0.6356678157371392,0.43504746787285054,1.3686685843454487,0.6067488307872844,0.39139840151921834,0.7403255854229893,0.2569479555873668,0.38905387880385295,1.0129355913227704,0.3095551655820292,0.4792069907828903,1.1859831811821955,0.2787070438960005,0.4313315319580187,1.35814302828579,0.24262261726655449,0.3768115073159331,0.719280376086453,-0.05600613964332039,0.4078075115978479,0.952032825054252,-0.007587580084539815,0.4721007558033152,1.0913045129682422,0.013503241664395559,0.47076627971428175,1.2314473085229525,0.05103814300813313,0.45520994287530997,1.4262355656709103,1.71082212762934,1.5474464598646736,1.4301766085824068,1.3138810668407872,0.8705224474412555,0.9457998587998647,0.8732902938434364,0.9020991426298729,0.7641452853691272,0.9746941685370376,0.7824512141708275,0.9856209380212266,0.9112203372172908,0.9529666142860578,0.0,0.0,0.0,-0.3158649301369728,0.17254042851788656,-0.25753684238592867,-0.7308927628924479,0.24086987061895979,-0.2927741909333769,-1.0694172004801754,0.08186999024394846,-0.28921663876813286,-1.3312943658031435,-0.13595312266027662,-0.2672294006655749,-0.9907843417073009,0.41186563297194095,0.03510942128914234,-1.3685083730474503,0.3571460972699782,0.00044009450243127413,-1.612741293400292,0.23033649829999767,-0.07070805187001603,-1.8098091545495065,0.09468516662369696,-0.12562116754885402,-0.986407340322742,0.0913058094426644,0.13661554860056863,-1.3402075209995155,-0.07627467806087668,0.1289593311780013,-1.5628737392840706,-0.2581268653251061,0.04030214659605039,-1.7845792631504154,-0.44324879895471053,-0.031780885375529935,-0.9163976118950177,-0.198677757102722,0.19670060855743987,-1.2191790152560937,-0.36977569902962115,0.1616960797815729,-1.413018208292882,-0.542216218630788,0.07710655824531333,-1.5893498086381979,-0.7215616003482298,0.01395352594058428,-0.8158760305784789,-0.4615042635579098,0.2296114494805126,-1.0651578604231584,-0.54615890522035,0.19322630952230854,-1.2042166228603963,-0.6332326224923756,0.15603089328381176,-1.3289572402760743,-0.7410099856739987,0.12850788324232737,1.3646389605167941,1.8166329112966368,1.8390765804926466,1.7455310533478199,1.5270027574979042,0.8062156524116323,0.9171208112308564,0.883021876519768,0.960690824983048,0.883013902845576,0.9823168373692173,0.9048881232334249,0.9699608894622134,0.9224156201709636,0.9487968444328809,0.9676867582014463,0.2521553846369624,4.011200982449345e-07,0.4089845573420284,0.31114987127733373,0.10468855514706595,0.14333527706660637
heart_with_two_hands,0.0,0.0,0.0,0.3119712259226517,0.27412574339308915,-0.25333208674067137,0.650378851770405,0.49296510563960555,-0.26965802583739906,0.9785026922147072,0.5514614179597286,-0.24973385369439433,1.2756770497893448,0.608583585357594,-0.2142464077541904,0.794152434719018,0.8708174183793809,0.130766949617073,1.125984645163148,0.9754438537949838,0.19714152711217053,1.3418718445627533,0.9881174322137591,0.18703922027466285,1.5104205505281558,0.9612296124866339,0.16429428998370488,0.7946915738073963,0.5523562661881123,0.25172973150236094,1.1322619636699223,0.5839361385054774,0.33924351870248703,1.3689873255733198,0.5344717532987965,0.28364106006382217,1.566870513140546,0.46861668491406616,0.22657079014628395,0.7750052844748445,0.25119402631136484,0.3298623870571379,1.0792795147117762,0.26677293439874317,0.3776558778278186,1.292883968360761,0.21297517927695842,0.30334621275985907,1.4976733771148967,0.16357193738640166,0.2367410004461895,0.7441015197078138,-0.04669620984597981,0.37935258161952334,0.9914656327708852,-0.00757786843454797,0.394901638201879,1.1494980600548081,-0.002214354442615305,0.36262935035244726,1.3061834759245408,0.029545974287991928,0.3316969885405271,1.4295549793420068,1.7978668529955801,1.6510660572117273,1.525066432819024,1.3479655520753477,0.8695367839871265,0.9813508967521071,0.8917619150326156,0.9260521536606984,0.8208171797842093,0.9620882102660153,0.8205936801613203,0.993195709365257,0.9075840677343698,0.9480550664404039,0.0,0.0,0.0,-0.29957237845545176,0.10768941839401273,-0.2613584002290047,-0.6800636868996519,0.18327644538052326,-0.30845624584078646,-1.015875951331303,0.08062227041284471,-0.30851078617584593,-1.2925336189318344,-0.021790632058917594,-0.28679068298856697,-0.9794659194331281,0.48441022148295726,0.002329953538734265,-1.3506394474570063,0.4319140282963629,-0.012817817859414276,-1.5849357613381294,0.35045716623579476,-0.06491046393160983,-1.7745869010038182,0.2832435500324114,-0.10586827567242614,-0.9687499140942759,0.2185964675139107,0.11721428382570473,-1.3181475533826863,0.10834111313731742,0.13633566456871102,-1.5310953356742876,-0.0027950551983556573,0.08332159346774282,-1.7443324058800673,-0.09920921813292427,0.03886048665706863,-0.9002476517277331,-0.05646334259921519,0.19533459730654784,-1.1968131891358127,-0.16606560759379907,0.19720746011353998,-1.3953248669607767,-0.2708962158772405,0.16718606888757778,-1.582479802579121,-0.37655962270149923,0.1401561901353671,-0.7972260890784116,-0.32454378293162994,0.2445896999519026,-1.0488651337209052,-0.32558697268275905,0.2419313193466093,-1.2040348275829436,-0.34062117791961966,0.24466615603803626,-1.3433558472045657,-0.37854240047140697,0.24918946744268858,1.3241476064108564,1.80016490068081,1.747583516913888,1.6326920201474648,1.4177428087836392,0.8388901120579307,0.9701957664240136,0.9189926144422894,0.9972878410574272,0.8978908512447004,0.980076290515021,0.9391272630716725,0.9907829772726032,0.9692461402826087,0.9459925531521562,0.9738893920397902,0.2270230210182357,3.485883468409854e-07,0.40545046157188097,0.300980620549094,0.03117822586057547,0.09347570028807328
heart_with_two_hands,0.0,0.0,0.0,0.3552770470634695,0.18488581144102462,-0.23561347314580502,0.6939164955977214,0.39844904528653774,-0.24216809888532226,1.00505097926926,0.48663655988643206,-0.21292206698698596,1.3011996774222523,0.5226097058474733,-0.17049585502195266,0.8035512777611579,0.801747582414901,0.15772785717561696,1.1495175672085214,0.8976905424700347,0.25899119061848097,1.3533432911194059,0.9059933200004627,0.2692439891599373,1.5179454018653609,0.8721380065090355,0.2598556928331796,0.7928682076763297,0.5365752866045508,0.28887188693496774,1.143200558604692,0.5525301555130759,0.40701432571230717,1.3656416854098927,0.47937584335600814,0.36187642366080053,1.5434038448672411,0.3976653694793892,0.3111679822709537,0.7790296894585347,0.26603413545361715,0.38288205165859696,1.0937598948138774,0.2515590079828867,0.4749704649339647,1.2936213045436222,0.1729921280081646,0.4186629136566753,1.480105214510782,0.10593200195528067,0.35870266166694215,0.7661404358381484,-0.023703090691706192,0.44918019607330234,1.0241977851157646,-0.020294999259058217,0.516456569232035,1.1768615738399864,-0.041964904099885236,0.5103712274955636,1.3238379247636165,-0.02579147280600543,0.4922435613819549,1.4125545446988665,1.7698327397072184,1.6239023023645045,1.5266304839571396,1.4126272596951865,0.9028121519059463,0.9482763636259139,0.8985019725618532,0.9154777880935594,0.800204578394881,0.9595303448169803,0.7992483002250506,0.9850879827211532,0.8944144146722525,0.9162847060959552,0.0,0.0,0.0,-0.29059199579176626,0.07226507422938876,-0.31021253727142106,-0.66307349731159,0.14498994206945506,-0.3829451883403404,-1.0014653691466047,0.09300628896354389,-0.4006954375242262,-1.2951599070038913,0.03522968256774636,-0.399289487233438,-0.975590367084055,0.535239312786366,-0.07042313397406294,-1.3756254114348305,0.5273593386522485,-0.11202297104112971,-1.6236231168964717,0.47972780345455046,-0.1853475784960057,-1.8328494917843445,0.43549188564986674,-0.24593120511001088,-0.9728372843882733,0.22439307379076529,0.056880282513206704,-1.3462836020554254,0.10702198268752357,0.040292665815506286,-1.561906726253911,-0.01616761706288081,-0.05352684696955834,-1.7822642846182752,-0.13404819274928176,-0.13439519053684856,-0.9085164783267845,-0.08431807595048942,0.14673673425349323,-1.22068490283099,-0.24835852276794693,0.10919904545292554,-1.4255800503011218,-0.38416922388811003,0.026389996870452615,-1.616633118220516,-0.5120705419312582,-0.04240594077774553,-0.8060622115219558,-0.37207971451375754,0.2077538892498642,-1.0577617930233352,-0.4674196538012785,0.17523060268105006,-1.1999917565069498,-0.5531369869727932,0.14493084769183834,-1.322142510702043,-0.6430776471646603,0.11815937992165976,1.3557700431338988,1.8998612053641888,1.7923439863610662,1.6963245982577766,1.4749818025832755,0.8825354811237754,0.9776301589375882,0.9221557468665095,0.9939403362348788,0.878610846702152,0.9825085435647888,0.9235401239261274,0.9890307196282794,0.9401180349713727,0.9710227660846648,0.9844857878967606,0.17546433663039682,3.8647407307572665e-07,0.4073025501595918,0.3363868276407958,0.07890918253327364,0.1594944599265882
heart_with_two_hands,0.0,0.0,0.0,0.3648239788204586,0.2515047891414752,-0.2336969531670205,0.7120730433184081,0.4280517180169201,-0.24311305960413548,1.0255444559484022,0.4661158545526049,-0.22571284834227742,1.3085809549446676,0.5298065602679667,-0.19233808822506493,0.8272971757214098,0.8161214511507204,0.19875983129335228,1.1431486761403635,0.8720820519782643,0.3018938938835373,1.343820214106882,0.8612238784513592,0.31948196376231075,1.492573337915391,0.7996389705850196,0.3164486196725608,0.8098269605409844,0.4945443981684216,0.315604391954841,1.118216465854365,0.5027876379140548,0.44268863322946445,1.310133083372186,0.4020308911303351,0.4156104086271069,1.4735148222080119,0.30049289970655507,0.38289388074647374,0.7902069593303139,0.19746803504971489,0.3880283194034727,1.0737742248107525,0.18328711791641122,0.47692843365427273,1.251623894573892,0.11824713836131766,0.4324581546893644,1.41959512757372,0.051487802582322335,0.3858503591249241,0.7695348771571798,-0.10439158835358585,0.43011437532684776,1.0136045730559786,-0.09429575545497594,0.48673784350924026,1.1658705712046002,-0.10331024252675516,0.4805795890227534,1.3105676938734387,-0.08198760787182133,0.4675985767708359,1.4248063191637472,1.7225961166874932,1.5518213937028504,1.4719992594028826,1.3939003110220611,0.885963755430268,0.9629274398313837,0.8991392567036579,0.8871992976240843,0.7716071377535847,0.9731563980799257,0.8055050583550251,0.9889971802625376,0.9089402581015412,0.9329716046282518,0.0,0.0,0.0,-0.3204140065493114,-0.06283975200796965,-0.1913006024355597,-0.6706086481742145,-0.015207378709139583,-0.2269706945173593,-0.9751391613658952,-0.05519252934554829,-0.23520357019243202,-1.2240289062413612,-0.08155348825172021,-0.22989869472088917,-0.9480980426808565,0.47072450204746275,0.062240548769614185,-1.3270481677690238,0.309997603206916,0.04788624712381924,-1.56847079459641,0.18582828119786293,-0.0055083376459106785,-1.7481485513708193,0.1158149720319277,-0.048766427648341694,-0.9370301807227355,0.32271857511186075,0.13351839458474665,-1.3044653606336511,0.0795785015021533,0.1388961666765996,-1.5112067732480488,-0.09828356960938475,0.07427789966062379,-1.722213294280364,-0.2458776637477007,0.025802480860608188,-0.8864625837732762,0.09871755431110857,0.17426264523773857,-1.2048463201245543,-0.10537911353867828,0.18213749075733626,-1.3981954618169155,-0.27154806111118296,0.1569857970909737,-1.5775993054773205,-0.4073925925104632,0.13128012522749005,-0.7818547417595434,-0.1408406526636436,0.19009216740645932,-1.0426546988375327,-0.21052784727120402,0.20605023081631146,-1.1859571022726056,-0.2619466552268406,0.22311307230368213,-1.3001505548996906,-0.3177180234666099,0.233996134406847,1.248099012336287,1.7526593022810313,1.7398678755999297,1.6346323024933365,1.3587090927637342,0.9123963060015955,0.9827709722235446,0.9441662603528543,0.9666857930308672,0.9125223422509888,0.9654970247718748,0.9415532978620228,0.9798198180834898,0.9687051018392515,0.9642311262570249,0.9805467916706139,0.19628547919868358,4.5704181013648583e-07,0.4162354800611634,0.30372405565751304,0.04495916074405756,0.14837853186364902
heart_with_two_hands,0.0,0.0,0.0,0.3994233677497065,0.3562137746413356,-0.16660577737400944,0.7616204600032348,0.5533302925851997,-0.14678063729351848,1.0711087688549314,0.620882506201763,-0.11768962699962525,1.3255747574331649,0.7534695723766266,-0.07364087217807253,0.8845561295115041,0.6711696011227298,0.3035207477132223,1.1844414452140255,0.647934021999255,0.42943569153387334,1.3587309777888767,0.5940586381971318,0.45736376477962337,1.4871922113324982,0.5377861458253332,0.45893938435591675,0.8526981066190665,0.3521429631959095,0.38587727639738445,1.1577087119570346,0.2914432506664401,0.5451130078060655,1.3362023547264539,0.23368802242120765,0.5347842455099664,1.4956753059126415,0.21876952893922855,0.5052695862660078,0.8158435550105664,0.07063623616585941,0.4225469350777752,1.1116436894734278,0.02600233174218917,0.5362773805765958,1.2782262854329975,0.004469006006692577,0.5017032302286819,1.4351005727777577,0.006363171778187172,0.4522560119654291,0.781380817837024,-0.19742830466348826,0.4319668551576504,1.028480963336787,-0.21836471670956495,0.5100266499242149,1.1719075812698871,-0.21974421695600382,0.5146795798432873,1.3096560506420216,-0.18629492842841974,0.5030396210924195,1.5265280253230067,1.6466875752864296,1.5938011426506722,1.504689218510255,1.4152574436229661,0.9089276188218989,0.9139523634800112,0.8966749153704237,0.9426423485668205,0.828095177546323,0.9196669894753828,0.8196168913370065,0.9458180000658076,0.9101440384517433,0.9131789996083786,0.0,0.0,0.0,-0.3739999299597086,0.13257738340031047,-0.1954031460716029,-0.8101871807435995,0.2637516392186091,-0.20538416927602188,-1.1507718111221512,0.303747449043166,-0.19377964398616349,-1.423376316770688,0.3287604107930977,-0.16730839364928532,-1.0179096131519227,0.3670541096082449,0.11733407085324436,-1.3867290802638346,0.3259418348834395,0.09934302931023457,-1.6128973116531269,0.25836891079664553,0.03678030755897281,-1.8068562391131215,0.2169377341056664,-0.010381054612841641,-0.9714238505643795,0.1422783278214146,0.18998047264657528,-1.324832529036627,0.0054088073335566466,0.19631085891948438,-1.5357747829707729,-0.08773726173801877,0.12282943142488355,-1.7517705960726797,-0.17103741228152378,0.0646673367018308,-0.9068951773781163,-0.08409668674877709,0.2231150389048055,-1.2217078880756496,-0.19210547662504104,0.21889279638051387,-1.435415328021704,-0.2733860516132868,0.17604925154829698,-1.6258162294882084,-0.3557615301969207,0.14252323209985984,-0.8306379757308271,-0.2949428388669736,0.22932954599819988,-1.1020175939175314,-0.31321368325993243,0.23957478502592927,-1.2715245642454867,-0.333152756611806,0.24594573992066204,-1.4221775082204486,-0.3707579310917438,0.24837320916108435,1.4703998250251666,1.8198624166666526,1.7612881314824385,1.6703764695790886,1.4905500861710521,0.9414772835464174,0.9785110127537464,0.9124530144007295,0.9740252296952903,0.8954745110785822,0.9753539962586768,0.944096287500897,0.983828857309524,0.9841374172269853,0.9588399681985815,0.9904988993230869,0.1375206545931103,1.8924386233830017e-07,0.41386174544806664,0.27534755720931775,0.047816500900662924,0.13084917475298094
heart_with_two_hands,0.0,0.0,0.0,0.35559524293968064,0.4049617378183104,-0.04865420875271877,0.7232286611861444,0.5825527664172089,-0.00691692881324934,1.034733518038423,0.6422049324268961,0.012585061677746475,1.2691651899757939,0.8322320188988361,0.038263900096211605,0.9002118244038748,0.5388875761588903,0.338302380440448,1.151281922467652,0.6056318923710386,0.37780082107094753,1.2880545388967102,0.6174017778266689,0.33439767348132715,1.4143284020024594,0.62173277023972,0.28426660095468265,0.9173504125488202,0.22600291525624208,0.3277055124531616,1.1993753481031217,0.22329735254790126,0.36253340935448036,1.3725619677881844,0.18802566355344805,0.2751069965680172,1.5246327233543877,0.1574983464250135,0.20098541165184408,0.8891373617393195,-0.07076130295825446,0.2810741938648184,1.1904189224295452,-0.10879589314187252,0.28584948686259903,1.3650767777965613,-0.1292959497251253,0.2190044651007264,1.5201733004927342,-0.13842962104043835,0.1640223585425101,0.8224614255397754,-0.3571613970527282,0.22045434413568407,1.0834026530151393,-0.3574486705900998,0.22185393093049333,1.2480793510749337,-0.34647939304408315,0.20621706374932489,1.4103054102127535,-0.2984148303601092,0.18751092919291656,1.5181747392106413,1.570886363400967,1.545867331288973,1.5352501286807372,1.4536757236815254,0.9162712791406119,0.8436577144857303,0.8445483182137693,0.9724904806074867,0.8054757267650411,0.9956080126528204,0.879340176339352,0.9811680729129678,0.9616385090716599,0.9296793271372309,0.0,0.0,0.0,-0.3106825663219072,0.2180594259237894,-0.1142952707608707,-0.742529304806567,0.29049758583305285,-0.10756159494543883,-1.0724592398846107,0.33646178660044307,-0.09844541154135902,-1.32592320322379,0.5057637696641176,-0.08337842189183121,-1.0047205679504367,0.157848180181627,0.12580230411767315,-1.3678477546603824,0.04650341935638471,0.08337691030151535,-1.5846617938203398,-0.05007385463112706,0.01346539518398151,-1.7666882742910732,-0.12134336743948876,-0.03976248542433618,-0.9870745273734263,-0.08126036381837584,0.13813265610503714,-1.3500206819530016,-0.2521273461781934,0.11311779654493727,-1.5487804908395104,-0.34375185048397583,0.03404363296104278,-1.7315364062977785,-0.4012663909966212,-0.026884416210938632,-0.9147943368766843,-0.32428752890418255,0.1192317511096803,-1.2497313308660836,-0.491892871494613,0.08132563589559874,-1.436172382903793,-0.5871137311208616,0.03097626278632211,-1.6030246155042953,-0.6475758094314852,-0.009163717579000426,-0.7953527252328997,-0.5704055063714171,0.08289973654637944,-1.0834664832387553,-0.692467695866333,0.055418014445677136,-1.2157577024315567,-0.723575220347321,0.04819424949799551,-1.3206977628248402,-0.7340338567494531,0.03949411981997404,1.421555940787863,1.7712969052607317,1.7776264553367453,1.7289089971983502,1.5114920009994655,0.9903745862682238,0.8565501667545761,0.9325890012176752,0.9844987941325986,0.9094296616537295,0.9597671516114198,0.9569015275838405,0.961153919436367,0.9449851101354281,0.9571822814472088,0.9905281518734195,0.13730979697822723,1.6171461367544193e-07,0.4073415488855055,0.2568896171990066,0.05719064554809928,0.06020917344402423
heart_with_two_hands,0.0,0.0,0.0,0.2957106797824378,0.4228744440871796,-0.05497422505211397,0.7019722563534837,0.5997096155706882,-0.0085370633874249,1.0138984899242147,0.7074797157754509,0.019811543104836703,1.2439185684150411,0.9144719780041043,0.05524266802354424,0.9160346654314029,0.455811732149612,0.30251538101986664,1.180188567545127,0.5247761266466427,0.3298945966056352,1.3402958123333986,0.5283421621767636,0.28242362131889653,1.491742656583446,0.5090713477211392,0.23141627419664965,0.9391280015038986,0.17948972257917153,0.2929539832119464,1.220136075801042,0.20883960127092066,0.3183188142024528,1.4038917772498785,0.1903706054696715,0.23650584507229078,1.566479186565485,0.16678726910839092,0.16970821117757012,0.9162755705876501,-0.09450114008131438,0.24859160331618563,1.2152117027398424,-0.08838502559211228,0.24863387657795247,1.3875851349447954,-0.07331147410752184,0.19245368549796615,1.5453258760962008,-0.055656881558362195,0.14821406785352068,0.8562807981726835,-0.37741108667748763,0.18903148642644435,1.1199748630810333,-0.3611855451132307,0.18256372731499623,1.293156905628017,-0.3285626722381392,0.16872945907199602,1.465688743959756,-0.26008248511983423,0.15528269156695196,1.5448767445245668,1.5931111959007485,1.5844481411584885,1.5534146779617413,1.4966626565584888,0.9746116431911755,0.8729731683131263,0.8563015127234482,0.9535232570823826,0.8267482496222772,0.9838266157635054,0.897862394021331,0.984692145999991,0.9568036711719082,0.9391390426957351,0.0,0.0,0.0,-0.3404979166515302,0.237322658636748,-0.07152437527435751,-0.7582046337088929,0.3063640535336509,-0.0586165413240638,-1.0886984944584406,0.3578382124918694,-0.05510982665871628,-1.325542689414255,0.5398015058135018,-0.0448715070403425,-0.9894352611470028,0.09836745990624209,0.18141152594423468,-1.3277801928189774,0.05791523499925327,0.15057008468173919,-1.529105519598346,0.025701931191720085,0.08263912424433625,-1.6943900362920044,0.004585327734602827,0.02857170610334658,-0.9707461243819424,-0.16513620311103336,0.17430432128753925,-1.3187726822906591,-0.2480180996369118,0.15474901034340466,-1.5160679430084574,-0.289953460370149,0.08270817005816525,-1.6775212963766957,-0.30212167556270664,0.02903358291636031,-0.9009623488947502,-0.4285183708921312,0.13796637611335097,-1.2348466987769602,-0.5198029429662264,0.10976166591291737,-1.422051150305405,-0.5721480886761061,0.07926678701804074,-1.5653037858847885,-0.6025180375039747,0.05563362078560558,-0.7817417961021641,-0.704120765204351,0.0861401374714476,-1.0490544769921115,-0.8017732723746248,0.07322687509165283,-1.197787807372711,-0.8321895438009023,0.07935422600176974,-1.3142976754812143,-0.849112326747688,0.08149418275052266,1.4319436229412705,1.6946371182957456,1.7047575063859166,1.6781832520272062,1.5668476074693325,0.992981608583664,0.8405213980893922,0.9253342593211227,0.9901267677215652,0.9078761942994433,0.9589562208693896,0.9762773352538773,0.9799134682123772,0.9454313920669563,0.980397354780454,0.9860345903896321,0.1665406453546581,-6.674704593099687e-08,0.41362954311546857,0.17029696891083387,0.08125134423832134,0.04973432677654404
heart_with_two_hands,0.0,0.0,0.0,0.302116688347904,0.42744397503415166,-0.05702054226900976,0.6961137361270963,0.6073515443198504,-0.02973630542035447,1.0180459166315883,0.760036789878901,-0.021609011830237838,1.247071109314777,1.0006555973538183,-0.007773233199482585,0.9536830262980951,0.3439999570379706,0.27341177732872235,1.2278356169182256,0.34077640975561074,0.27794755348620004,1.3886338612498506,0.29840164375292283,0.21779552727285773,1.5355267245354078,0.23781286825256936,0.16148970422336925,0.9641368118949755,0.07050084379119555,0.25587074661579035,1.256192624348593,0.046232443611758996,0.26122928680476043,1.431583481521446,0.002118295787897321,0.18141264709845395,1.5829055835706596,-0.04566335229291561,0.1195873457612149,0.9304647179482206,-0.21338804514281784,0.20379397699759286,1.2395566340703026,-0.24593018923769203,0.18660043416431538,1.4130220484627654,-0.2550471762393146,0.14314544948150643,1.56163206504782,-0.25390570048730543,0.11219871636602263,0.8585908513042206,-0.5117075668573252,0.13627753092481917,1.1331871890792973,-0.5121045929528222,0.11815283428942153,1.3130780869737388,-0.48892744853197784,0.1119067611993755,1.483808775741076,-0.4348578044721471,0.10764413987033312,1.598924138087073,1.5622023577754272,1.5880731599986222,1.5861120273422211,1.5499603394683978,0.9864261988707633,0.8830197642376802,0.86112406315521,0.9599301781698135,0.8529181976615959,0.9775853516065006,0.9373604526786712,0.9774286896934328,0.9576053769441978,0.9430838881035482,0.0,0.0,0.0,-0.3119971278546344,0.25663571106931365,-0.07929271749872767,-0.7362808748288008,0.3299709235108888,-0.06995734457696898,-1.068047676606267,0.38880236987952865,-0.06702122714747649,-1.2710598259774157,0.6211186593976478,-0.05809791263080258,-0.9491871935608528,-0.06708940264550037,0.14938886869674756,-1.2507237159813478,-0.16237320141196818,0.10943152825719452,-1.4353780211695102,-0.1752082938809044,0.03913430665622833,-1.593686151091712,-0.1595055173520865,-0.0153685246212916,-0.934284974605455,-0.32586730515367435,0.14464468762580343,-1.255890619245378,-0.43866091701927246,0.1229233883400573,-1.4349791625305481,-0.4623639944477984,0.06731704678775445,-1.6000338057691492,-0.4444041973907751,0.025749265141819112,-0.8672079475331879,-0.5639045584358262,0.11046061549904071,-1.1780543499553746,-0.6875373465495529,0.07702660328135215,-1.34122283410627,-0.7132172696434121,0.06996261720385762,-1.4782981321686135,-0.7043914571455677,0.06518901878670316,-0.7570069168208425,-0.8054014945105612,0.05996343932888497,-1.0222661707730236,-0.9215176434719273,0.048731316440790345,-1.1579718377714647,-0.9407417777812451,0.07287812347116696,-1.2660576598521633,-0.9367389899141446,0.08949773851022463,1.4158943596602558,1.6017221200309082,1.6608029067044623,1.6388356539455813,1.5774637170135333,0.9956452985077375,0.7844171231728724,0.8950440896607385,0.9485568173754704,0.9014040097377888,0.9245148633153911,0.9270995911559178,0.9298513159389911,0.8903159466291247,0.9437459886929804,0.9860060935880114,0.16670927810794908,-1.8992513778982196e-07,0.39699132097968587,0.17728607634679114,0.07102110635529638,0.03243225795535199
heart_with_two_hands,0.0,0.0,0.0,0.2875833195428153,0.38365845749933414,-0.06947231514084079,0.699884277350817,0.5546087659793965,-0.06389165489729172,1.0100294054799428,0.7416272971172051,-0.07427853781865199,1.232540973862372,1.0134239886858807,-0.0826491694064645,0.9922659786520195,0.11762245420604071,0.17719924603585216,1.2997642420012112,0.06072446362829542,0.13899164595657004,1.4996434465689685,0.04850734572804192,0.06487111500338018,1.673634935883326,0.05273982445658669,0.0037260956382088855,0.9765912370755174,-0.15347536486395827,0.15071452500401278,1.299568023318787,-0.22676387772249545,0.11653902315172272,1.5132940045673142,-0.24847255252681932,0.03135753808935289,1.7067372363515596,-0.22494530627432607,-0.03231352935970291,0.9131689753071691,-0.4201810165968439,0.09293430052651833,1.237018934687226,-0.496010770136053,0.038014159042180105,1.4354143920266103,-0.48641358913272026,-0.010208694873853254,1.6111499314384718,-0.4244408406949606,-0.040990191641240376,0.810213032639217,-0.6963379377809192,0.020368297081410608,1.0812185871798208,-0.7321837511673448,-0.027476083253586425,1.2636124109675155,-0.70005043700104,-0.04184634893916138,1.4403440733075983,-0.6155217247887866,-0.049707924162955455,1.5978161090367011,1.6744698478866682,1.721800380108998,1.666623630168138,1.5671403641422414,0.9506229188610894,0.8911173118351063,0.9168637016908924,0.9738961345103103,0.9048467546265857,0.9306542410021451,0.9100322679428796,0.906318997355118,0.8987368757312797,0.912843261734983,0.0,0.0,0.0,-0.31881753049669137,0.2356264449787577,-0.09772852067809959,-0.7391540977907572,0.30915235214853715,-0.12389626463805072,-1.0690480450184632,0.39835746235424424,-0.15403425078090519,-1.2834573844558603,0.6499840595402375,-0.1799706370829813,-0.9298150337118152,-0.24886590415528317,0.07163957747278184,-1.2355028068452998,-0.4210626791104747,0.008752935726300589,-1.408815767165002,-0.4588541381719064,-0.0661836865188682,-1.5477431223040574,-0.45787640546769964,-0.12177028223821014,-0.861247730066728,-0.5043934407290094,0.06196454150931602,-1.174650721621291,-0.7246102473506634,0.017889986917865135,-1.341859938298089,-0.7946509809270536,-0.047267515339852725,-1.474218234667859,-0.8035600731715168,-0.09831324230307432,-0.7460098494030282,-0.7277681506645424,0.025396635849625673,-1.0176978088629278,-0.9768208333718701,-0.03499690618120929,-1.1496436019458134,-1.0094236821327294,-0.059762619420953844,-1.2463565574422175,-0.9737650873228102,-0.07622872396305919,-0.591257701832674,-0.9382881733970304,-0.02458553120509998,-0.8131306388033516,-1.0909665896635716,-0.06492050352822801,-0.9188285398426475,-1.0749800992063219,-0.060282078152572964,-0.9934565628135191,-1.013158029733322,-0.057207840313187146,1.449872948082948,1.6186375681294152,1.6818720784396104,1.5834879007826528,1.4201119224919063,0.9699138118104103,0.8093532059179759,0.8849019456972899,0.9344628526190372,0.9008370006829435,0.9015113103437233,0.8432119889448736,0.8131190757935641,0.7533964009717484,0.8276532354520627,0.9878609137122238,0.15534096420281285,-4.367117056354769e-07,0.3901988823861695,0.21255599334069444,0.07292257623008207,0.08879895700636492
heart_with_two_hands,0.0,0.0,0.0,0.2658279529312993,0.3298967476072624,-0.07110857962944651,0.6581947837309823,0.4755720291444527,-0.08638553600398756,0.964351324052201,0.7016436560532044,-0.11738647009280295,1.1887392847884366,0.9946488813990231,-0.14650422691030715,0.9676631170121901,-0.08521263856194572,0.13678776423937816,1.26634097058519,-0.24760013246151577,0.07638855444140297,1.4313470436388385,-0.2643779635788171,-0.004145192652854068,1.5456849471203404,-0.23742572852443622,-0.061347159874252544,0.9432650765655225,-0.31383619736272395,0.1084335582591671,1.2737170123217918,-0.48129669983243384,0.05017692165896747,1.4508232660635396,-0.48076249322888776,-0.03434220097309792,1.5628433258759014,-0.4184925575240492,-0.08820234885270767,0.8738673807453683,-0.5373102266628582,0.04924784545537053,1.2068770080335944,-0.6863736163891156,-0.017973583916232213,1.3996519508031862,-0.6867516956102622,-0.07200286657935662,1.5411052105699554,-0.6141979228096661,-0.10102176457711766,0.761553167893703,-0.7659391337007146,-0.02374637909566322,1.0330407898623402,-0.8503703125449587,-0.08084988564207099,1.2103107819392527,-0.8265768285895586,-0.1059404585086754,1.3706171945111079,-0.7417042144849335,-0.11810520373188754,1.5568850223989692,1.5650164236660284,1.6203070500004015,1.662061898771478,1.5629028999981935,0.9097288820458564,0.9107751323200726,0.8516388107665845,0.9048076573568561,0.8301266201259322,0.8530300385408434,0.8670023825400214,0.8496124782008277,0.8622955692957214,0.8857592374568698,0.0,0.0,0.0,-0.35869444388006555,0.15864525628791631,-0.052217719386843324,-0.7345465104430561,0.21293405349982888,-0.07272021846419548,-1.0281654460914564,0.30560357902974533,-0.11227841282404488,-1.2187990429441693,0.5094896966892711,-0.14754571148627416,-0.8371234094713785,-0.40602341169380585,0.1102830984616967,-1.0581673468421782,-0.754025915189962,0.03814161180886457,-1.1501161426716497,-0.824918685424261,-0.04157016579566987,-1.2017913588347922,-0.7999942052258804,-0.09645734426046768,-0.7588676898369636,-0.6464951323840875,0.07851033769632694,-0.9977657451042127,-1.0142609584779807,-6.7850735203896e-05,-1.0882679587957218,-0.9834922233931608,-0.07794392640849325,-1.1028868712024762,-0.8177171022419317,-0.1241641233456752,-0.6441309892250832,-0.8442479545692698,0.02212599776139477,-0.8989576043345313,-1.202417514927743,-0.06699789949721005,-0.966992281339018,-1.052409587400926,-0.1092289065532315,-0.9524413437126501,-0.8037623723994747,-0.12233547861056276,-0.4936994507480321,-1.0090144876022438,-0.04148286068711108,-0.6849040357559906,-1.147720474976814,-0.10395534427951446,-0.7417348927260059,-0.9635651702374494,-0.12114201632963714,-0.744556732739612,-0.7198312511736671,-0.1253037476302513,1.3292180389582964,1.4469268184074642,1.3785635420596067,1.2522557381881967,1.0431791732987765,0.9434571809494102,0.8379623571986002,0.8301120750103351,0.7286675526607068,0.5966509105601624,0.6559882150481046,0.35928613502116663,0.8353416472292576,0.4070965616324079,0.9057364850489772,0.9860050643647803,0.16671536535827616,-6.796743839709203e-07,0.39387441637122206,0.0705660232644281,0.08081262293367378,0.25496332269152977
heart_with_two_hands,0.0,0.0,0.0,0.2517419077696245,0.28456129107972666,-0.04840242709104658,0.653887077379233,0.37196929902197434,-0.05382736685638779,0.9337417299308803,0.5801835400101889,-0.07832176497145159,1.1181807733513036,0.8549072245640951,-0.09866567235447218,0.896656647637186,-0.31129076428154084,0.11604016249921249,1.174986070410991,-0.5552070091236461,0.0453721012153759,1.330327739264987,-0.49931372105610405,-0.039194597105009416,1.4004693812860547,-0.37211048465798835,-0.0917185990934053,0.8576996485387748,-0.5082342969392507,0.07777668230985378,1.177876995992192,-0.7561568532011085,0.005044583839119995,1.3381147741115174,-0.6444436704199031,-0.08380811734992732,1.3891206442319526,-0.4398633661507092,-0.13599345970952928,0.7883892828205858,-0.6752491787276547,0.013425158765865669,1.1172255009084506,-0.88570075816674,-0.06326869755636454,1.2937013654330345,-0.7618780582763583,-0.12899961629227769,1.3733431976924855,-0.5394119868073292,-0.16139212309362772,0.6817765518531407,-0.8184992925301341,-0.06190063578304525,0.9554327493889215,-0.9226069924454562,-0.12398408590031643,1.1470071719295942,-0.8792060257696894,-0.1619977027620542,1.2855494883615648,-0.7444123714572762,-0.18265845094374772,1.4110030189214917,1.4519617770905004,1.4634309570993076,1.4842790329167628,1.4967135248625558,0.8634478400648498,0.8920090696602949,0.670018498560289,0.7865485655424422,0.6106280619528001,0.7773330091994676,0.635437267584681,0.8024585708712764,0.8171149182936587,0.8252257632777029,0.0,0.0,0.0,-0.2908412248984939,0.19733638295271583,-0.07411882025577136,-0.6569860608404365,0.2292898564812356,-0.10399260243671674,-0.9489092749568182,0.3199620904727329,-0.14322391460420694,-1.1511062318090926,0.5021182967685826,-0.17495678671471454,-0.8023928749210822,-0.4069326164076234,0.06585855137980025,-1.0612553949884713,-0.5904948764639383,-0.0018181931389057544,-1.2207607907471982,-0.6163289706373646,-0.07313125746301226,-1.3396201349977341,-0.5944768885227015,-0.12134741430510845,-0.7611406807921944,-0.6466631070507545,0.04991683105585897,-1.014599168356688,-0.8600219585036656,-0.011439352045551812,-1.1507145552603693,-0.8965405237241262,-0.07179179315101995,-1.2332481172117589,-0.8588364815212687,-0.10725809724594522,-0.6864617416072786,-0.8627183568478972,0.010328780240142662,-0.9248569444089135,-1.115685228251084,-0.05017301742545831,-1.0402836487905667,-1.1311973542325855,-0.06787850189587968,-1.1011914218723533,-1.0701963436029647,-0.06764915329777212,-0.5820112452088,-1.0692162651931745,-0.04200029914282436,-0.7884186756799636,-1.31971303149719,-0.07870924797005899,-0.9234700112449385,-1.3478707709430633,-0.07659317574527082,-1.0120523837520041,-1.2751224206450107,-0.06592029163186995,1.2679819470627527,1.4706155418862932,1.506653682842544,1.5370488506902817,1.6292736725113237,0.9306262443769837,0.8634301890411447,0.8475157196733363,0.89894793120022,0.8495765441112592,0.7969165593915705,0.7859196595182313,0.7043283512005821,0.7813942107026954,0.7151600910104048,0.9918422065787385,0.1274717115629102,-4.912726870824974e-07,0.3837999885889006,0.10837097419953905,0.09532736106918843,0.1174127183234772
heart_with_two_hands,0.0,0.0,0.0,0.2392158879003029,0.2060017367854314,-0.051010906507607784,0.6241292647504454,0.24394079392802834,-0.0693769188477837,0.8826183066560932,0.457249312089071,-0.10519560137263458,1.0476528521735595,0.7278816060924261,-0.13768022397822358,0.8176894197965774,-0.47462180618256805,0.0764530366272695,1.051017798699021,-0.7165422552892814,0.00407624793524888,1.1988420778985072,-0.6526073886734375,-0.076881707696681,1.2906690007390673,-0.5200002160385488,-0.12931358903899293,0.7691487157397195,-0.6378774950146354,0.039019923498049905,1.035881011653314,-0.8925556846701699,-0.036218384586583274,1.1797811086441643,-0.7809154369939262,-0.11533831270622572,1.2544952077479035,-0.5871342708760348,-0.1609980284376383,0.6950385135021858,-0.7658769751614537,-0.0210682242858163,0.9785274028468421,-0.9918039545297694,-0.1020192512559518,1.131833709868603,-0.8599950343441588,-0.1548399816756711,1.21911048783243,-0.6340253355833785,-0.1772067390406004,0.5910090256884301,-0.8516125009946643,-0.09227499314004194,0.8432223770093187,-0.9355711119330425,-0.1565175342645797,1.0233246877441713,-0.8554699562183756,-0.1869564915411816,1.16491899670042,-0.697917659333173,-0.20037152819678872,1.2830993629605534,1.3974794089570928,1.3944193212446516,1.3855037842120983,1.3726886308972348,0.8113271622003767,0.8944905284538854,0.6315151207935762,0.8296252385461623,0.5682523399960691,0.8249229545054094,0.5743175176418588,0.837413006272418,0.7677202598398332,0.8640335903332073,0.0,0.0,0.0,-0.24286162753447507,0.11788258152397056,-0.05817153491529273,-0.5543168238288011,0.09654591406396236,-0.09536688502558675,-0.7982501630107867,0.20553360742636506,-0.1513154863908359,-0.9762141433703727,0.36603990293375527,-0.1951304486065701,-0.6026570038188069,-0.6978128611048628,0.07423802632530875,-0.7517229912278549,-1.1144875770696254,-0.012045355253992885,-0.8564126062341619,-1.0742666228302644,-0.08949522786341119,-0.888167155805,-0.9228595665713051,-0.12997894465955218,-0.5534591862895138,-0.8314170652533399,0.04928075402500188,-0.7347358670818317,-1.211592564861798,-0.03170506215453919,-0.8470840377922704,-1.1143350262172502,-0.08538413955280584,-0.8676899699055716,-0.9288905220274032,-0.10545892019212628,-0.49383594292592176,-0.943978304242206,-0.001985608140673058,-0.6854423280836307,-1.3041235416572048,-0.07967032432682752,-0.8103531453063146,-1.1722889273962798,-0.10495959904022768,-0.8470974488562154,-0.9611567036877458,-0.09735128243892147,-0.42857234134363176,-1.038340394181013,-0.06418154606137037,-0.6120999015808303,-1.3261346179953508,-0.11688673923716965,-0.7532367650706547,-1.2573643584680234,-0.13123251242963652,-0.8176105425601894,-1.0692121604676668,-0.12500335611678146,1.060686172357076,1.2874025020628674,1.2754783689405174,1.2848632491806684,1.3517867740283458,0.8440948902321932,0.9016976581432872,0.5286797372704407,0.6953105645904446,0.4420842029965829,0.7571078944180297,0.4085316815504641,0.8058678060291713,0.5402504738659425,0.7465175422549257,0.9869564672416579,0.16098736524716212,-8.019408964795907e-07,0.3761544493070562,0.043631040020364706,0.0636001814287551,0.089196220471742
heart_with_two_hands,0.0,0.0,0.0,0.2479461246898505,0.16028158594639597,-0.02483501033964639,0.5858846513983597,0.15378931293157352,-0.04154582585089205,0.8126718105033279,0.3259709073361952,-0.08189466279253904,0.9768704412584716,0.5439972522272,-0.11804367705147271,0.7154239122665823,-0.5966630663034063,0.09485024168166535,0.9080030368414153,-0.8756201719391891,0.027341452477434282,1.0518691479206632,-0.8226974038842005,-0.04834334599177792,1.1490955926942847,-0.6841964463745792,-0.09852973092001735,0.6592814994806161,-0.7505105636273922,0.045626728200522514,0.8868546354618594,-1.0758754106303308,-0.031717369175614046,1.0336535324659175,-0.979202692742042,-0.10849612411950386,1.1227860081710173,-0.7788011804386903,-0.1523566222668097,0.5867603427567901,-0.8533571656345931,-0.023875226891029784,0.8434273002066001,-1.136098532144484,-0.11408918010326541,0.9940525523798358,-0.9858635054633774,-0.17038273213062555,1.0799908999729766,-0.729015981365606,-0.19201171343151943,0.5018021908916919,-0.8849087088407591,-0.10127359025361278,0.7526720000371485,-0.9349011288644743,-0.18090895710717658,0.9245399188066977,-0.812086716054488,-0.2202657212082061,1.0546624863351666,-0.6215732999365315,-0.23672022268772297,1.1243412200604836,1.340989771122883,1.3749153570841575,1.31708509338076,1.2468772157297567,0.7862695499707032,0.9129402119848452,0.59882550102694,0.8129991327042027,0.5324326479815675,0.8145614563624317,0.5046499316799936,0.8439483952715221,0.7453778274081004,0.8835246851867814,0.0,0.0,0.0,-0.21435337477787475,0.11038897654025845,-0.04619927731533557,-0.4891483393399965,0.049026412563084557,-0.09170802769037438,-0.7080056074784161,0.13781981867501458,-0.1609037324634115,-0.877664216690505,0.2781747921176559,-0.21843745743873108,-0.5229821681032084,-0.7739751528846186,0.07359021495966746,-0.6643982181058656,-1.1524504147082202,-0.010680019511194192,-0.7861458763588891,-1.102857585970427,-0.08410763154597924,-0.8436383356674249,-0.957838323873285,-0.12163555934988105,-0.4695382288763245,-0.8824007481646519,0.030046152202020948,-0.6350689320768583,-1.3039119505402323,-0.04058641608736898,-0.7810609559162915,-1.198719099681802,-0.08340315751656346,-0.8434042364630884,-1.0129875183306474,-0.09788413939645835,-0.40733862225174516,-0.9615580985396933,-0.04035442481081085,-0.590472708963938,-1.352260254659133,-0.1176692256220401,-0.7439867525909748,-1.1669074204950218,-0.14543300366143783,-0.8038737772698035,-0.9333824248172149,-0.1418769624754551,-0.35187026064062044,-0.9965153437342562,-0.12052640884611748,-0.5466818715325109,-1.2551571385103342,-0.16870454662677578,-0.6788971084937205,-1.1120585613552896,-0.176430287107196,-0.730743426174228,-0.8866146961861225,-0.16945952467793152,0.9462508203647467,1.2821759260672636,1.3217623550105195,1.2399777712608187,1.1613733701502416,0.8082664480147318,0.9057794684444613,0.5237627764217004,0.7474618441982367,0.4351596492532835,0.7979576858124239,0.3700653846807704,0.8540536439923918,0.4454670592433327,0.8330807041602344,0.9912835041718557,0.13174602216272835,-1.0316344258455168e-06,0.3573516055739813,0.035142438738673606,0.06496160757252219,0.08239223357991629
heart_with_two_hands,0.0,0.0,0.0,0.25793563245148443,0.1544774050758218,-0.023966845716776576,0.5815569990949871,0.12696209146727566,-0.04422281725068471,0.7995393271141551,0.26084137144408814,-0.08689283439637087,0.9542072801520427,0.48460824708734984,-0.12499917794329782,0.6963994886299147,-0.6375285449464546,0.08296941039663837,0.8819609498774432,-0.9246858894983294,0.0047646536294243015,1.0182248193877501,-0.8185652358112877,-0.08012560748526656,1.1015746001782578,-0.6287846324653302,-0.13492104907960265,0.6325103383250981,-0.7737125628046221,0.03604916185119411,0.8597449676773442,-1.1259184723360034,-0.055101313136767124,0.9924595095359909,-0.9810356346943901,-0.13968307476942046,1.0578739829685357,-0.7416442958773313,-0.18468864020415285,0.5537960242272123,-0.8587016510419904,-0.029525156778883878,0.818076183584901,-1.189073300584872,-0.12844250644103958,0.9610912754257883,-1.0050950940558394,-0.18859399270975083,1.0355626485014704,-0.7360394927564845,-0.20892140505082113,0.46553646283320393,-0.8578264143057964,-0.10215545019992835,0.7224279957899998,-0.88912450421961,-0.18962740617452076,0.9002807977406104,-0.7554601974161059,-0.23702893217458398,1.035162607381439,-0.5773158586492532,-0.25706208726322416,1.0774885062620079,1.2755549393370673,1.3050837211725366,1.2875528289577138,1.2128215619277178,0.7964723431655146,0.8691209905482596,0.5068425545506234,0.8398756951922498,0.4541833256274979,0.8386989643062487,0.4479103313245118,0.8647389324372815,0.7626570013930032,0.9044475613129142,0.0,0.0,0.0,-0.20659328967235305,0.09117425372528674,0.002019266956724017,-0.4701369277975372,-0.008738267023183664,-0.023686285427620735,-0.6840971782837425,0.08618240221491642,-0.08389766386970396,-0.8526028051791724,0.23336684708978084,-0.1380749194134427,-0.48730976244962326,-0.8097930353356816,0.11862566106839964,-0.6345167913148061,-1.155479700008839,0.05624092149770973,-0.753404759760774,-1.1266849544229183,-0.0031865177067988354,-0.8167748048741038,-0.9991886953455991,-0.035383371042514974,-0.43062299917050795,-0.9012060792243346,0.04890230418394447,-0.5985425478276758,-1.3271796191292988,-0.004955689382695944,-0.7432020078269455,-1.2520835872106675,-0.044158393806060535,-0.8117172544828074,-1.0755770684724486,-0.059012880184527265,-0.3705577972837666,-0.9585943675733393,-0.043383352320134745,-0.565053174995575,-1.3532930291374206,-0.10997401955105328,-0.7198847485082412,-1.1900799524766,-0.140033438982927,-0.78632416321484,-0.9643343335042558,-0.1419265261783639,-0.33012676913380895,-0.9621627959736436,-0.14099219254394257,-0.5428809081930117,-1.2082558005728254,-0.183929688276734,-0.6821320552660401,-1.0670322657019922,-0.19270133775413825,-0.7485820512827881,-0.8428872673022122,-0.19079526081601822,0.894682240849257,1.2910271545284797,1.348789624617778,1.2523535983354197,1.1433445956634378,0.7505532854374342,0.9071353814097063,0.5697192220009675,0.7297948539202485,0.47697205136317244,0.7679923450472028,0.39637736195843554,0.8448067515354926,0.4767629058131442,0.8431332894185822,0.9909775118750781,0.13402824686099735,-1.116598886201637e-06,0.3641767801102959,0.07629401287935868,0.050860349748466656,0.07148132876837941
heart_with_two_hands,0.0,0.0,0.0,0.28269547998402395,0.11548941163817153,0.010213283713462125,0.5704071023753801,0.034313432703716,0.00369826204641518,0.7731478253985296,0.1062665656928525,-0.031825144480409406,0.9217889123320372,0.29549996678923895,-0.061690132169030285,0.6152298338240654,-0.7149272589013123,0.112625046578694,0.7951649951142837,-0.9534711281234249,0.04656554575425977,0.9298981491472241,-0.8081359827020621,-0.028950836876027692,1.0106573715774452,-0.6167080868758374,-0.0793558877234673,0.5541417778754536,-0.830901757235004,0.05029075299509497,0.780712006405169,-1.1135087971929651,-0.032100706428975806,0.9122164868215958,-0.9225260567057498,-0.10546176886419699,0.9697281636233536,-0.673512675938657,-0.14398455398198615,0.48803087624125074,-0.8824009538297006,-0.02838221823351922,0.7483546335443996,-1.1517346378956177,-0.1192422133408858,0.8926274895573555,-0.9481501667509583,-0.17249552451119246,0.9614622286690788,-0.6875969122652632,-0.19049157419108317,0.4221726809895879,-0.8371252825898341,-0.11143512859518193,0.6753947114077106,-0.8361742820161795,-0.19246835653402408,0.8510782644034325,-0.6954854454457275,-0.2357120875418343,0.9802190103335453,-0.526063186813521,-0.2547778326714342,0.9699591237148882,1.1866147412105856,1.1894215349319028,1.1972828282205643,1.1412640048474436,0.7997917735948173,0.8219450098779324,0.4733019656291269,0.8868888736073188,0.4356721430869681,0.8733294059874168,0.4596398249308008,0.8782713291272716,0.7897988624022821,0.9166484722639847,0.0,0.0,0.0,-0.22321799849552806,0.07663576930501015,0.015816575871380092,-0.47691507521222115,-0.03950949390773371,-0.009141060006775148,-0.6784054365644078,0.07688783464631777,-0.07175333527094531,-0.8289877207580285,0.2449749773824596,-0.1272497703417813,-0.453483488524021,-0.8325709101604888,0.12202479867750336,-0.6335811342931198,-1.1710717070429235,0.04820060598322788,-0.7648054692052579,-1.0562380045656807,-0.012204373550782192,-0.803657586432766,-0.8680856701067033,-0.042368548255187134,-0.4058332570825124,-0.9129678957163737,0.04229644000404962,-0.615801101885842,-1.315724678584953,-0.019302040843055784,-0.7609393524203046,-1.1260479417271267,-0.05384618698097698,-0.8012357523633871,-0.8999354486398282,-0.06200970997496204,-0.35251748462220434,-0.9442838977637742,-0.059928322797409894,-0.5935130830488576,-1.334039247626753,-0.12502120410421014,-0.7503409017939007,-1.0869680839198366,-0.14408136509420538,-0.794784217487796,-0.830853581996791,-0.13902518785719867,-0.3205793767987901,-0.9072160017941588,-0.16751722761939244,-0.5627784428019158,-1.1209838304370445,-0.20430453366406756,-0.7056266690685156,-0.9385295713654068,-0.20597361138283313,-0.7587926922156825,-0.719892381554402,-0.19969770888694394,0.873742459059398,1.1837370234797908,1.2065271429665685,1.1581569971050194,1.0648429770227565,0.6969985313610365,0.9022423833594841,0.45220639178006145,0.7924582190280388,0.37043216529159906,0.8450597809092129,0.3613752665712019,0.8718784020580765,0.48163810417079234,0.86404943695153,0.9970082313036459,0.07729545077965781,-1.24305497490811e-06,0.37242873132308213,0.04507807678824017,0.07247107666984223,0.06536431935177567
heart_with_two_hands,0.0,0.0,0.0,0.2902324627009523,0.06323237837272909,-0.0010019877847595871,0.5614113016116175,-0.052844631833118536,-0.019060473944083067,0.7397288698549538,-0.019981249317213776,-0.06249587962846112,0.8848760736184226,0.09791782470313973,-0.10063783494425332,0.5869086638552654,-0.7560287965227857,0.062263161998063234,0.777078435886361,-1.000630984791537,-0.02476921524042597,0.9149446968343744,-0.8344302745073653,-0.11034103314937085,0.9899364672238068,-0.6316264298293104,-0.16455332904553963,0.5158713780323005,-0.8566651623744957,0.0012332481234366565,0.747542777234504,-1.1643051055445495,-0.10158700229417789,0.8782394694923293,-0.9566427052756032,-0.18691377647340002,0.9207310888880356,-0.7122102500487683,-0.23181340430035152,0.4348112646786502,-0.8847512699111312,-0.07430313650360866,0.6986856765833048,-1.1752505664538697,-0.1819378175077202,0.8536745843000041,-0.9517558842817085,-0.2428532414215659,0.9214302708966582,-0.7018285503366659,-0.26508960583959956,0.3491760935075164,-0.8073933618553505,-0.15260404203589717,0.611455408565066,-0.809020380326743,-0.24340218437579145,0.79424228545644,-0.684083502206322,-0.29040660035923105,0.920338185723898,-0.5557543538538005,-0.3134056208967365,0.8959472863283964,1.1857503759638626,1.1868979032472822,1.188221173568519,1.1198697965114874,0.8074669110357633,0.8443516621769176,0.4702019158433813,0.889397074695572,0.422911835655904,0.8704035719317044,0.4507734718113804,0.8843937892885039,0.8104242542822668,0.9335995356461392,0.0,0.0,0.0,-0.24020346468065346,0.056659099699531014,-0.017886475119150404,-0.4863589732031292,-0.01864326879826897,-0.06753976804234317,-0.6791520576062557,0.056221609836748274,-0.13746390342631942,-0.8130124729442086,0.1824664290003159,-0.19647720238992417,-0.4032186752640639,-0.8849987888501879,0.03887956034200849,-0.6286750858200827,-1.1015502425240205,-0.05343269803753813,-0.7665430977652392,-0.949823361254393,-0.12676164797706752,-0.815884863736206,-0.7360814307347958,-0.16197419045700587,-0.3711716816147113,-0.9285387904695992,-0.0068773076535174425,-0.6629337859312525,-1.158513202472735,-0.07969018598644859,-0.7931065406541746,-0.9328806764109305,-0.11815435249450798,-0.8105200151137552,-0.6780336452011366,-0.12920921573055733,-0.3457826291645188,-0.8996091991594127,-0.0701364311353886,-0.6363499612967414,-1.1107068134906746,-0.12839392796584642,-0.7685692155155808,-0.8693708701297862,-0.1407996559799731,-0.7914266255117832,-0.6058305938316396,-0.13374742847731427,-0.3440319520462901,-0.7826654891159842,-0.13957212229264251,-0.5895673961963179,-0.90459081355167,-0.1669303635506483,-0.7012803178311535,-0.759650479425118,-0.16190924158466033,-0.739829662452876,-0.5748434509522304,-0.14892888649621142,0.8560879452100445,1.1107293198257773,1.0645972667419583,1.0056217910405778,0.9486689284364737,0.7906101933710895,0.8833473919228594,0.5224250570846477,0.8323204260371162,0.46445085883646015,0.8521739344911642,0.46242385390915824,0.86607612026622,0.5610904549796986,0.8560200030364182,0.9997027113187802,-0.024382144694545107,-1.4048847370157052e-06,0.3766117493833056,0.07518103783903957,0.07735190495773496,0.12314262514570838
heart_with_two_hands,0.0,0.0,0.0,0.3115660912628634,0.02438785224664347,0.03863167247061677,0.5566991034696852,-0.13927370985785648,0.02918819765902552,0.7429381100667253,-0.12298961324069964,-0.014627517797773078,0.8867287380568869,-0.04803533441972015,-0.05065358672440222,0.48467434943260396,-0.8634252158287508,0.08314949481669161,0.7013271815649138,-1.1637246975191857,-0.0005620159161253918,0.8472768964223173,-0.9502654613397927,-0.0816329961411079,0.9046505208721027,-0.7156889587249878,-0.13148519346285925,0.43096118150388774,-0.902369140131846,0.001547570510901029,0.6946072208844376,-1.2096325634985903,-0.08558406072522293,0.8398324760067701,-0.9737413006238419,-0.15575934746427686,0.880568201057931,-0.743965135899972,-0.19486416169457718,0.3863236481866777,-0.84471951175917,-0.09185166385266932,0.6691927473046786,-1.1310072437364405,-0.17755566849502666,0.8319445886139946,-0.9181232067436866,-0.22077640639418508,0.8930648281128057,-0.7094843312117256,-0.23826697521531504,0.3542506979463926,-0.674231875106429,-0.1864502555894537,0.6249338261103197,-0.6929723661872973,-0.25754282221989433,0.8056237650734787,-0.5942723116613471,-0.29156896876061444,0.9148756100232478,-0.5019416510354554,-0.3102146382690486,0.8894723346438718,1.1609873412983405,1.169126392509379,1.1652055419218363,1.0886578547257193,0.7779952221580667,0.8779305797874585,0.41965064910179073,0.8847130437648381,0.42375175819745514,0.8799429626305657,0.4680144765654116,0.8810935095363186,0.8205864001709661,0.9355674877864699,0.0,0.0,0.0,-0.2798281625408751,0.08388332728787792,-0.02792436940245531,-0.5466608600242174,0.011896116209360316,-0.0856451876363763,-0.7471007446169525,0.0864908713934995,-0.15440401540123472,-0.8577282517127562,0.18919258064227185,-0.21012917683133683,-0.443715510537079,-0.891644838352209,-0.01196966559055025,-0.738098068222155,-1.042091413639435,-0.11167021183932227,-0.8908458001226722,-0.8384712042646877,-0.18971796501452956,-0.9548611421721936,-0.5706874053867959,-0.2303573404934204,-0.4203558667318377,-0.9059304378274005,-0.05090173987183657,-0.8089165410342647,-1.0641842412632883,-0.13312537402782898,-0.9142766705405216,-0.7681068011079549,-0.17625889102314543,-0.8991229260628462,-0.48009407895876766,-0.19186559224037594,-0.3928496752271199,-0.832059254580868,-0.10179231547717213,-0.7343155676537867,-0.987255401289791,-0.16174774060802816,-0.8578278841768212,-0.6937017009121494,-0.1672088538772559,-0.8707478829424239,-0.4170899004275228,-0.15740540805053163,-0.3938245188258721,-0.6527637813476738,-0.1576920986993456,-0.6659182343797784,-0.7492012230756732,-0.18585996282357028,-0.7795113971612613,-0.5586335731066603,-0.17238370046560186,-0.815163708515106,-0.3530720145704082,-0.1534369975438975,0.9031311407055561,1.136005466455466,1.0371715221258402,0.9782342884866122,0.9014957744594222,0.8066639190794475,0.8813710307608117,0.5773237824026368,0.8644042873422564,0.4944371242115331,0.8723371689560722,0.49195983988706116,0.8868604111795727,0.5603546772857252,0.8835136564567043,0.9935136110621373,-0.11371325618693133,-1.279649306085467e-06,0.40157210837122415,0.052684311449262666,0.09986966361903431,0.11172106671905048
heart_with_two_hands,0.0,0.0,0.0,0.3427707283926022,0.012418336323119353,0.06905083765696288,0.5774915746899894,-0.15005176409856044,0.06277904713137844,0.7622778321011042,-0.16062125843496605,0.019972622246966467,0.9004005647792384,-0.13719095271030415,-0.015249684312517681,0.4021176463292696,-0.9108012710011383,0.08037720251792652,0.6624960254254855,-1.2120113882597092,0.003798758215912437,0.8567433818178216,-1.0434427718926378,-0.06981732986664752,0.9525225753777549,-0.8158395926053982,-0.11507798737216161,0.36714947212731047,-0.9300994456593882,-0.010783612601358196,0.7034162050810536,-1.258121451212545,-0.09934180723302047,0.8711169307586749,-1.0215106195711627,-0.16692726434173996,0.9215264410975338,-0.7688475900118457,-0.20041845891706456,0.3673357210812478,-0.8237110193008946,-0.10498324723892269,0.6908960473111337,-1.1245691099805797,-0.1730301789468733,0.8725257060718975,-0.9335220377870577,-0.20047791608581877,0.945488332378225,-0.7334968160370534,-0.21056512999516477,0.40126487498737357,-0.5867319713367857,-0.19813110567646414,0.6808339208147642,-0.632310649432896,-0.2433372189649319,0.8564729729558193,-0.5598564613628915,-0.2561835131035458,0.9655574599621839,-0.4897679828866839,-0.26179580153556936,0.9109199127431367,1.2594190885660101,1.216760106587819,1.2150322793118429,1.1138720425844104,0.8152281461483579,0.9300723717845074,0.5159731654238185,0.8549096942172807,0.46586530042820545,0.864869139030235,0.5084850436796454,0.8685404624677047,0.8228598563284272,0.9423238363724852,0.0,0.0,0.0,-0.33390243206056397,0.07935900114739479,-0.011180618851576056,-0.5966409703947988,0.04618696229088644,-0.0792391852053068,-0.7999181907155127,0.12253654889450803,-0.162009923075475,-0.9126151548929348,0.221043340279695,-0.23462059122666554,-0.48554517449183443,-0.8856716704670267,-0.03406480857907497,-0.8039197755714467,-0.9904835101390802,-0.14348463850414825,-0.946060828022043,-0.7298090404006797,-0.22764520224809712,-0.989029986256313,-0.4531282312385437,-0.27316982125183165,-0.45414894613309786,-0.8871059302720209,-0.08241239714029007,-0.8818906382095372,-1.0085112418987663,-0.18393351576061662,-0.9750660609176304,-0.6695780029584787,-0.23703266116905725,-0.941657791034417,-0.3968370492351792,-0.26078057608066896,-0.42062593546548505,-0.7811960381669085,-0.13760974512178686,-0.7883839296092316,-0.9189505054335245,-0.2114228801713741,-0.912756612281545,-0.5953183578726639,-0.22252663483888405,-0.9174218938315547,-0.3196309845460458,-0.21707193036458874,-0.4260769664067014,-0.5646285727747401,-0.19422276553396686,-0.7179508053149176,-0.647561693110698,-0.23053518302502063,-0.8391454776095177,-0.4384480196796022,-0.22225442428006117,-0.8736951089473525,-0.23642352686895624,-0.20914725825430308,0.9678705497378307,1.1216627206528225,1.0546115625776475,0.9954632692950353,0.9289681388998088,0.8488386894070987,0.8916014413941545,0.5802437307936184,0.8867647142923218,0.5080450768097211,0.8750473321112273,0.5045398886534143,0.8873987058058587,0.5771187447128863,0.8864701532125636,0.98709853563881,-0.1601139623435616,-1.5367358469438383e-06,0.4272895063898148,0.0856432523684569,0.12818860622792863,0.06401948703138313
heart_with_two_hands,0.0,0.0,0.0,0.30928259077815107,-0.09301970009531488,0.06837028682600083,0.5209168143769054,-0.3031289901837976,0.053509921420208974,0.7005707265475701,-0.3671347713744709,0.0030384113258793382,0.8513448263826969,-0.40760472528432473,-0.0393472071158881,0.3049529888073579,-0.97857202705885,0.042029868836613055,0.5696208867490995,-1.282559647613662,-0.03385127919397217,0.7490787395942472,-1.1225326921228833,-0.08763392255299718,0.8324234842296719,-0.9183318040687324,-0.11800725660966131,0.27506588436603857,-0.9600120759849031,-0.05211116215443247,0.6116977558288161,-1.2673282887625559,-0.13337177345604054,0.781640760036371,-1.0309894083189621,-0.17460864153276062,0.8454203763451978,-0.8049816476198013,-0.1913383271757089,0.28834367873855526,-0.8211673650468619,-0.14862799738182167,0.6135346923774105,-1.1308038827165714,-0.21392163082667262,0.7891838191375138,-0.9385347472188873,-0.21375889598835282,0.863563701352421,-0.7595853299469556,-0.20639766760526768,0.3377503177610397,-0.5836118842391221,-0.24320538011015078,0.6074559824645046,-0.6940459070272377,-0.2894643401548028,0.7660478235014987,-0.6572066583300838,-0.28778785253710026,0.8600311502056048,-0.6227673947267595,-0.2820668327102938,0.944710446745729,1.2450654087531858,1.1829376235418096,1.1684657192048953,1.0986603230179688,0.8468590103671196,0.9753138025167665,0.5092356439488971,0.8550944477862074,0.4717345216505077,0.8875604944924509,0.49346813821915464,0.889146675514684,0.7972702892506299,0.9581331344725874,0.0,0.0,0.0,-0.35587576678458277,0.08467529965521374,-0.009777405719690928,-0.6420283528815525,0.08098951608672098,-0.08068798417852431,-0.8490786135442042,0.15226845536331893,-0.1647100043042063,-0.9491003068108451,0.20165727818845242,-0.23627727255116135,-0.5136090247139963,-0.8908875468141602,-0.05467898821634864,-0.8717697889304756,-0.9890472894811849,-0.1698382973618614,-1.0306927878903833,-0.6928170788093654,-0.2550299327033517,-1.0874318378661811,-0.3755254790169462,-0.2997905172192667,-0.4910879805290177,-0.8653992143242801,-0.09958310713594949,-0.9772846890208665,-0.9702826715780387,-0.20173907498282265,-1.07201597891997,-0.6119763539376158,-0.25568047114843356,-1.0307784421803077,-0.3122920089281295,-0.28234287081678555,-0.46802445917451885,-0.7518997008002037,-0.14916613303487708,-0.8789258957917755,-0.8589398948094517,-0.21255342579233671,-1.0030436714062287,-0.5269618220860527,-0.22189498640796007,-1.0050830382369509,-0.221889645633548,-0.2199610317510494,-0.47434521595057805,-0.5288298803369262,-0.2008071982525579,-0.7832641824890619,-0.5951015757886229,-0.22781208630482733,-0.9114752618245858,-0.38044471379481204,-0.22012985679800703,-0.9536962040028629,-0.15306259719911142,-0.2103066011807994,0.9986410765430346,1.188865737419715,1.1134397120657646,1.052525431559726,0.9885309679979821,0.8883949003002062,0.9257478595157145,0.590083506185279,0.8954625106262302,0.5234347900193979,0.8737825010519703,0.5336418453547979,0.8877694176426624,0.6027963389309889,0.8870699505521035,0.9578522787009145,-0.28726122638737606,-1.3734627375657802e-06,0.4424730648867762,0.08315406977314607,0.11006622600637314,0.0818680643560662
heart_with_two_hands,0.0,0.0,0.0,0.2548036021096883,-0.13365645110287966,0.035658114367205146,0.4416824871003346,-0.37222668284407245,0.006868021317592505,0.6190852178260307,-0.455621541914921,-0.04769155471902767,0.762828607760969,-0.4930340407842927,-0.09364857068529024,0.22202081345401867,-1.0226775195356494,-0.006984968002586724,0.4888553696551362,-1.3742355945589053,-0.09837167353386479,0.6771324876804476,-1.2453480002364787,-0.16402956010770317,0.7629438904540707,-1.0514209023546532,-0.19707149737137278,0.2138893469151971,-0.9735868007470478,-0.07987545735279934,0.5457794346505527,-1.3294016684360832,-0.16618955232803034,0.7368577084119067,-1.153674514072638,-0.21211979192984534,0.8046011906895275,-0.948569981440999,-0.23058988102785133,0.24777052675030165,-0.8194574018421278,-0.15479974691159903,0.5584528137186799,-1.1606508385285204,-0.22099129084399144,0.7450835025507997,-1.021284629159264,-0.22235616194584346,0.8194042720736797,-0.8638546546948898,-0.21396680826000464,0.31820961758150623,-0.5821905412697007,-0.22960010905938605,0.5956134952944688,-0.7133740539435202,-0.27414348361609764,0.7488526886042527,-0.6767446700522118,-0.2670654705642918,0.8282920809362964,-0.6255274545425531,-0.2541660970509335,0.9131046517141524,1.3139278781446344,1.2650453663732464,1.2097313836416734,1.068621903489897,0.843657392677051,0.9428377823512731,0.5325612722964869,0.8234810324736533,0.5118652078350695,0.837156344912676,0.530894017966597,0.8436723574241592,0.7770345536630153,0.889055033505772,0.0,0.0,0.0,-0.3646720937858395,0.12191880102208302,0.0008548507642134524,-0.6628752995600959,0.15000950916878314,-0.06972705990796946,-0.8734394718661435,0.2598948133462492,-0.15526933150925837,-0.9452891349413866,0.3281052624691144,-0.23157817372004075,-0.5797147148928322,-0.858057517256046,-0.05824341347967861,-0.9563424828591396,-0.8538565813970472,-0.16586801948378485,-1.0865378655739553,-0.5238362564277446,-0.24875430902002424,-1.117582263746198,-0.1996867065852815,-0.2948507338825091,-0.5574699321886257,-0.8228035527955105,-0.11055129222534966,-1.0675382730847143,-0.8184097714819474,-0.20397634963273212,-1.1279036619795357,-0.44042166929833454,-0.2530939455498068,-1.065052263046591,-0.14643517223661368,-0.2796670745454739,-0.5232754273241541,-0.698698500352758,-0.16426114142964965,-0.9593144753468054,-0.7305799757662449,-0.2236818145178758,-1.045163438739081,-0.3755699451757994,-0.22428053195006847,-1.0151622809078495,-0.06428092538510533,-0.21754312408166646,-0.5183078712630598,-0.46006303836592144,-0.21862603835734104,-0.8492129640354797,-0.4686659395662619,-0.24758151923929028,-0.9466963413177876,-0.2382575831042237,-0.23116993953439455,-0.9552418055231728,-0.007040495897156577,-0.21356362197426776,1.0270603986337272,1.172945801091426,1.110852490330492,1.040197820023482,0.9788492714572643,0.8765506352079862,0.8746286135050991,0.6365000813656502,0.9078953423563625,0.5592557792080278,0.8825737263912007,0.5518824706576766,0.8936438389479139,0.6164414013650832,0.8845998979904166,0.9014441022308357,-0.43289551920898445,-1.4234895314822748e-06,0.4693019387168655,0.05143851314837378,0.10642770287828753,0.12185263525135939
heart_with_two_hands,0.0,0.0,0.0,0.15863847437311776,-0.2590150193723791,0.018717393826396592,0.3042796606726268,-0.6147737668757434,-0.01506256022603871,0.46673253631738987,-0.7977316463603608,-0.06368772568687278,0.6116957098849644,-0.9097306609598732,-0.10469898420000515,0.149920836588523,-1.1022130573117979,-0.08811785243747305,0.41324134663796275,-1.5618770119190737,-0.19692988075987772,0.6076946293518581,-1.457552623077546,-0.25983426313189883,0.7031861817012773,-1.2777340304052067,-0.28594412951102693,0.17737437263794414,-0.972988785125756,-0.1477537002947846,0.49470098862354206,-1.3936328385386343,-0.24471768188681192,0.6876801183853551,-1.278416924438307,-0.2836549518049115,0.7734850946687613,-1.1221647656645048,-0.29651867527537007,0.2386545325551658,-0.7515617372507766,-0.20728318154887937,0.5367325306047309,-1.0776469329344978,-0.27934949163598316,0.7291670291889659,-1.029436273840007,-0.289463730700388,0.8386649871036335,-0.9640031639071569,-0.2885479375854127,0.322151751679894,-0.48100097623084676,-0.26493857874474847,0.5826253648568893,-0.6239667213613613,-0.31212102225678834,0.7393595521208178,-0.6375477215300072,-0.3109012766198429,0.8426431255212602,-0.6406019516694704,-0.3022324213387742,1.101246291378396,1.4862163717954981,1.3947961420080985,1.309931667264114,1.1008009511166272,0.8882318439516971,0.9413018473486735,0.5259208660398487,0.8101690252299355,0.5432342159407888,0.829561753099318,0.6580921999497551,0.9049044950719908,0.8581477225156985,0.9698126624100729,0.0,0.0,0.0,-0.382795618810355,0.13982704277292657,0.024283809165006005,-0.672899745992177,0.20070358138843414,-0.03379934936424267,-0.8732761057308533,0.35276831141372067,-0.11992325269314401,-0.9975273051025679,0.4933959172767828,-0.20190048939110894,-0.6865627203547395,-0.7418137244253242,-0.01973512603215112,-1.0573098027433891,-0.7133734575088059,-0.13725565836280876,-1.1588923121401715,-0.3480613657432003,-0.22681037291833397,-1.1440829784880606,-0.05045312050071116,-0.2755466052277464,-0.6560623810935549,-0.7489487507055529,-0.09304794963053689,-1.1339870915988495,-0.7119663579784739,-0.1972847138018124,-1.1886468832327033,-0.3085087197075944,-0.2511984470396748,-1.1127670617091026,-0.03842548044736782,-0.2788474961863529,-0.612737089235081,-0.6431306248357487,-0.17156534753091948,-1.049024005718069,-0.6172310467362228,-0.25209710697017645,-1.1169601115058314,-0.22042077542316826,-0.2609029333403721,-1.0576243317842158,0.07475404902658675,-0.25574518721941986,-0.5889082638462729,-0.41578092323956667,-0.24902087131995074,-0.9208515641262456,-0.37680904145651084,-0.2932684282657796,-1.0102870919881504,-0.10542140444675363,-0.2820282717238563,-1.0012705412218155,0.1358558040566626,-0.2672726881748099,1.1310455619589155,1.177878308946602,1.147816613097109,1.0906708925307278,1.045195764466494,0.8574309741607397,0.9357622798023807,0.6259835206338893,0.897422131934053,0.5744015977132524,0.87039446877946,0.5728971751362019,0.8822336709510077,0.6353349996705374,0.8867143356109439,0.8338010489341573,-0.5520650421776419,-1.3029031305260881e-06,0.49476499350681735,0.07969666672155307,0.17113048981188878,0.19059095738314075
heart_with_two_hands,0.0,0.0,0.0,0.24556123125335838,-0.2326146290299137,0.07628545161613784,0.38659931890971483,-0.5274730464019753,0.07744357694185479,0.5218426310147266,-0.6609390489956345,0.04571820755846543,0.6444511252432512,-0.7433620458903427,0.01830036724992671,0.16047805502493317,-1.0330089974573111,0.05187595168289736,0.30331790073433124,-1.4113611217339836,-0.020865298366143717,0.4657341701804271,-1.3439940289233685,-0.07976166514997583,0.5691261629936935,-1.2065551121290694,-0.11626750644661898,0.12408920157084227,-0.9914961066020259,-0.03920893579957356,0.34473111273870444,-1.341827270372134,-0.11280364020125416,0.514920343167114,-1.2702136700442472,-0.15816249083834444,0.6125442601212443,-1.1429132022572686,-0.18399258454217998,0.12138132925751337,-0.8638640391082839,-0.1334934934553883,0.3623662594424862,-1.1358223922347157,-0.19732120177355833,0.546138670344165,-1.092531092468987,-0.21941687235098187,0.6674210275073247,-1.0224512062253026,-0.2310463028468866,0.16131752475937422,-0.6684103558083287,-0.22398098841277617,0.3916604811533748,-0.8064934157652448,-0.27260047352041994,0.5474092615792684,-0.8277120276297846,-0.28312792657275226,0.659507866964747,-0.8311761818130066,-0.28869248271921977,0.9839915078592147,1.3391034168666847,1.3097000914972703,1.2426744107487386,1.0996125778565038,0.8779200837885941,0.941124142554944,0.5083359802800055,0.8326816262750601,0.5633222065434533,0.8363894884717289,0.6607139442434576,0.906714269797514,0.8673596841698914,0.9663367409258897,0.0,0.0,0.0,-0.38891797035807296,0.24289417695808896,0.04808984521308082,-0.692865353092402,0.3459325440959709,-0.0013841974496026374,-0.8884432639099321,0.5562915140519576,-0.08337914792401949,-1.0111698143695194,0.7666685324724352,-0.16189093816788627,-0.7758203705281498,-0.6538630962875142,0.0057808034635033366,-1.1657029838172934,-0.5484603803013458,-0.10136755971135916,-1.2429619691877105,-0.15348081731207294,-0.18652786400707722,-1.2046556865047637,0.15337220988540062,-0.23338587330142174,-0.7374901815457459,-0.67053251560328,-0.0805877015577432,-1.2261868713627555,-0.5239659225497304,-0.16833263700245638,-1.267621712877294,-0.09659902331128814,-0.22062998249271337,-1.177028870244822,0.1728121476604264,-0.25122058618583676,-0.6783387139753191,-0.5640723812457642,-0.1701393437099314,-1.1217225172102416,-0.445528087472313,-0.23166180956293062,-1.182119170510665,-0.02756934614932661,-0.23759318410602856,-1.1128820943269242,0.2552556336157394,-0.23603191276764796,-0.6290869874979248,-0.3179016955432189,-0.25701511299652957,-0.9685336417272995,-0.19239109027600365,-0.28539331533079626,-1.0481989307099508,0.0878292110872941,-0.26692142436391614,-1.0256848961365337,0.30737849082593627,-0.24966535079226937,1.2792395037819948,1.2366031391073136,1.2158835399380838,1.1659215489091914,1.0994743426616507,0.8412097887052972,0.9318830090441872,0.6559321364853099,0.8989247161329146,0.627748798095793,0.8667927391077315,0.6282640302967555,0.8777450740324966,0.6977845724309545,0.8795193399265405,0.736133029894137,-0.6768368801254909,-9.323721135884388e-07,0.5428899536727643,0.029667724202240488,0.08391810540056768,0.15325538886804957
heart_with_two_hands,0.0,0.0,0.0,0.24736693064048682,-0.2919038133069818,0.0907272328775064,0.3742331138303906,-0.5996018285996423,0.09850529929953522,0.5186209245163396,-0.7689636410289097,0.06477015714910855,0.6430787155995692,-0.8643165257044284,0.03470378198824307,0.04255416654751196,-1.0238874506913507,0.11975167008605846,0.19656673893120846,-1.4153901941327531,0.05278429378051631,0.37617017607556325,-1.4361859909760772,-0.012083034545716225,0.5051356534789365,-1.349404536177085,-0.05276148787428355,0.024582951618706075,-0.9995035259203489,0.019707363154490995,0.26293801140430373,-1.4654449236758533,-0.06544704520456374,0.4537325797611841,-1.3973073924602897,-0.12969758156180752,0.5585634908731767,-1.246142006799838,-0.15964583026412055,0.05865744029366851,-0.9208003241767337,-0.08386863808111755,0.26372863092248217,-1.357778402638611,-0.15010415757139875,0.46256376894261897,-1.3161029751642221,-0.17451114447384733,0.575483804324359,-1.2022100706272385,-0.17976360044290765,0.13285812999705665,-0.7963958961217358,-0.18445237349377178,0.31730479767433395,-1.1023796045329095,-0.22329876342371432,0.4652491156884699,-1.1573546038876916,-0.22878457157719898,0.5647824004130387,-1.1521782333528607,-0.22852820952678152,1.0778671734250251,1.441817743431393,1.3748999474755526,1.344918441765665,1.3033491411659233,0.8858021339271449,0.9326335144352649,0.6632268997072023,0.783504339479122,0.5544943548926491,0.8024412470276113,0.5779828888029017,0.812959600258805,0.7852611728076274,0.8696945187262094,0.0,0.0,0.0,-0.3838648580545511,0.2805178089756763,0.030415534328570554,-0.6838475739395586,0.44408496045060764,-0.03775191924161536,-0.872665602102197,0.7135069136146084,-0.13340956725023237,-0.9881812319357245,0.9637408480321706,-0.22623202949323484,-0.8229319494131455,-0.6089995187512264,-0.020967310334467786,-1.211534715363706,-0.33940366343141903,-0.13957858272634935,-1.2647469627389343,0.08486882218540666,-0.23611959232429608,-1.2245436524806952,0.39685906037175067,-0.29137302314792946,-0.7841001574711588,-0.6123700057084649,-0.10094512946308246,-1.2945545959605305,-0.2828892449888861,-0.2087221429116134,-1.2704684776176953,0.16025363382383148,-0.2699279797748833,-1.1503322667164304,0.4069907717437121,-0.30321617757567626,-0.713290698156732,-0.48695928805253974,-0.18273042885694063,-1.1818625319861658,-0.24180027082885022,-0.26356447676090067,-1.1850729848344586,0.19914404978209369,-0.2672610204108114,-1.0839052678014822,0.48065752148580426,-0.25862203487262364,-0.6478429724598915,-0.21495898131250718,-0.2618278781712497,-1.0004891235247524,0.0014534658658848056,-0.30728906928706007,-1.0538161762651868,0.31068254440394005,-0.28996112202476687,-1.0147925955387718,0.5429003100348079,-0.26891947334435856,1.3987421136451141,1.319811543080403,1.2573169300049638,1.2135763838549,1.1818893525791723,0.855183970712895,0.9440922699544629,0.7403900373306811,0.9196049362604528,0.6694563628350387,0.8740149171984842,0.654261788319058,0.8872531658062897,0.7249418894034374,0.8923884896911297,0.6595958011092814,-0.7516205020873067,-1.0151229142676545e-06,0.5858999361632872,0.07819861530368173,0.0961782838857077,0.06416476080894395
heart_with_two_hands,0.0,0.0,0.0,0.25215828398564655,-0.3175696533827913,0.07817176625144419,0.3553089886034827,-0.6441089286573956,0.07605760395806153,0.47776869680256784,-0.824193012726756,0.03932296365530856,0.6044301400091421,-0.9128641320001075,0.006680644785306349,0.007246294696598188,-1.0359436469924594,0.05029531477268278,0.14815983168818397,-1.4735485992814066,-0.017686792504138377,0.33509123461003343,-1.4829540153910183,-0.06871070839175057,0.4567083227421955,-1.389736130923427,-0.09694379987107689,-0.02817538601316855,-0.9987916084432557,-0.04026748721168566,0.1754318592117887,-1.5294199130889863,-0.1050792662215764,0.38000806465172077,-1.485257529320519,-0.13643408267499865,0.4869129746982148,-1.3526566190198834,-0.14975510507395423,0.004338621121874154,-0.9123158474747546,-0.13138130932921527,0.2025329310706237,-1.4151055498241527,-0.18552892590767378,0.4013865092856612,-1.3951069087652954,-0.18459732590175149,0.5017331498225732,-1.292360651207185,-0.17727932392028622,0.08966307445251143,-0.7872418497267561,-0.21954692263989614,0.28349497538540214,-1.1457647413935252,-0.2551179252464032,0.43182935735344685,-1.2216212693153576,-0.24549701724828374,0.5170855394283481,-1.227659271152502,-0.23474229892987578,1.0948522040250586,1.4660651779472322,1.4454033227454117,1.397626618632163,1.3526376780348393,0.8944859811230602,0.8858142384904067,0.622802192613848,0.7801218818577613,0.5535017143782003,0.7839726110124304,0.5870138560348781,0.7777654081194528,0.8029620280666824,0.8708033166079907,0.0,0.0,0.0,-0.41263278612742266,0.32334682933096326,0.046640325309619896,-0.7460309409896508,0.5390545393256307,-0.011396365017495582,-0.9471319687149847,0.851226797641991,-0.10265207006632912,-1.0383259292045242,1.1163845874847935,-0.18578338013178408,-0.8891781238238089,-0.5241150250983289,0.022814309039635154,-1.3108846975429767,-0.2654329043148061,-0.08328261404164225,-1.3508044062288402,0.18899698895404604,-0.17449287514681439,-1.2946385559064697,0.5359991718913888,-0.22756514307125328,-0.8514611605749133,-0.5209026394890135,-0.06061627014095005,-1.3944768326656785,-0.15573075910410766,-0.158358789846981,-1.3660210309218968,0.3004732399436995,-0.22451834177685911,-1.231293615060428,0.5427118652085918,-0.2655067803667384,-0.7835020643415564,-0.41842133433794326,-0.14561875677520034,-1.2659033150375574,-0.18177448556629205,-0.2025231559728188,-1.2806143711467837,0.27175787584589023,-0.21074446710850103,-1.1750022666309674,0.569978636841661,-0.21170219065172252,-0.7196475629241825,-0.17431894990811653,-0.22882860711559438,-1.0882144623466143,-0.0020715088478441422,-0.2428898633008838,-1.158956306534398,0.3297567969292746,-0.22190656316216065,-1.121455742274666,0.5927999977257752,-0.20665236804506312,1.5358876087673934,1.4195668343015357,1.371537088651808,1.3229980312043277,1.2852159431018328,0.8640914892725937,0.9244549625995255,0.7096513094438686,0.9207758292433348,0.6724911323114395,0.8597779479644072,0.6552114104319691,0.8812497343668569,0.7045682815979168,0.8882569995774937,0.6187451755706638,-0.7855917563894084,-1.01637583225065e-06,0.6016958556087783,0.03873385984382152,0.06901112344947646,0.07285108907607053
heart_with_two_hands,0.0,0.0,0.0,0.23534799007306323,-0.33394959926951906,0.0822594087126211,0.3406837159989449,-0.680425233960349,0.08373106468654402,0.470281458939936,-0.872276629709046,0.04645922367352717,0.5981354674339848,-0.9764560074451583,0.00855606247922377,-0.017466807730678945,-1.0225049187556638,0.07570267177660217,0.13743737133855086,-1.4613865268105606,-0.00022211637061533634,0.34466723243043135,-1.4898382769891707,-0.06923956502808634,0.48819830559033,-1.404052116471181,-0.10894307762707758,-0.04824834767777629,-0.9986493329458686,-0.01927710437633435,0.15024666117764013,-1.5556750172817635,-0.09510617499926004,0.37295274613942225,-1.545523997343516,-0.15349053696849727,0.4977990488883276,-1.4079918947043812,-0.18388743651909242,-0.016720048456243107,-0.9405852567210014,-0.11499615981499327,0.1479920040301944,-1.48023090510981,-0.17541182966554797,0.36575097516579264,-1.4988302868663927,-0.19738735146524689,0.4868970159009898,-1.3869689574594775,-0.2029830354423278,0.0702952441626257,-0.8468633794724632,-0.20709674869436848,0.23125679833959104,-1.2620796994155967,-0.2456473122087972,0.39191581258056,-1.3441520797893818,-0.2440061902890987,0.49733911929012187,-1.3154500093255928,-0.2376886042176938,1.1451225166257797,1.4904927123308356,1.5046792541724368,1.4838981453344093,1.426271642845756,0.8918580357874795,0.9060996139217865,0.6592585452824612,0.7918128997941994,0.6012731189140966,0.7531665957662521,0.6237122778512549,0.7353932218738624,0.7663383908234717,0.7647056787364854,0.0,0.0,0.0,-0.376148006035868,0.32765604004195975,0.057035582313460315,-0.7019734783010272,0.5806131046757659,-0.013166869721318624,-0.8982356892763618,0.9432582682079684,-0.11287555907055842,-0.9817745023547795,1.259225280410934,-0.20922887530484674,-0.8823585492774876,-0.5176967091386937,-0.026686677861122342,-1.3171067022636194,-0.14617090332648694,-0.12348809578500881,-1.3166473186592473,0.2917748547989412,-0.20635115508377808,-1.2334566717428002,0.5989517910508382,-0.25603895739210025,-0.8524562345957936,-0.5099232651107866,-0.11531102201227816,-1.4311013462135809,-0.08153076183648687,-0.19684216742868382,-1.3663216231012378,0.3262716690139444,-0.2502156129373109,-1.2086578360455853,0.5414363666428349,-0.2877830362374138,-0.774875723901433,-0.3920871823113392,-0.19672257343021762,-1.2918328080204862,-0.15006741181188227,-0.22501887009298013,-1.2820698904591479,0.2482743209851239,-0.21107930630122615,-1.1636815355128305,0.5114161166866479,-0.2076323742147114,-0.7005275686136069,-0.13255112078271225,-0.27439765212509903,-1.0669857238791551,0.07134287919322004,-0.2706544926710241,-1.133346459746534,0.3402288360138637,-0.2360395773091306,-1.1049425533660115,0.5473147185313848,-0.21588755315252914,1.6103745535003036,1.3948887255879108,1.3552956060224708,1.2879488977915188,1.2518222249849522,0.8689731060982865,0.9252994929504958,0.7292922037305909,0.9167505522306583,0.6554829238738638,0.850196164146328,0.6307158945609492,0.8730533199096386,0.7368235070408882,0.8799987148590601,0.5754784244612243,-0.8178169617822337,-9.506275094109121e-07,0.6166056430156839,0.02701505003297869,0.06612428978183703,0.0720389229331571
heart_with_two_hands,0.0,0.0,0.0,0.24219074236997035,-0.32467551560049485,0.0706208248537412,0.35088741098389725,-0.6789870809231827,0.06862543023742423,0.4820873740452638,-0.8813222689421615,0.03188600796348006,0.6053057090083844,-0.9938769585724537,-0.005864626135683381,-0.010203497993379242,-1.0207685031407063,0.06689534870524334,0.1258892592271102,-1.4486909367328806,-0.005642043943582369,0.32108876362563094,-1.5073241604838798,-0.07679168224046716,0.4561919633463612,-1.4525938755943761,-0.1202693272466902,-0.04406428199021824,-0.9988311239089285,-0.01986768641571742,0.14064305901461732,-1.5497760407328602,-0.09839536034848617,0.3488036200336833,-1.5579902985992,-0.1642449275133877,0.4623590594002837,-1.4281178688015856,-0.19991454817031948,-0.016929858443905522,-0.9379487321248716,-0.10692541424175538,0.13038992804319374,-1.471322780593455,-0.16959973024863645,0.3351479498854074,-1.505898403556578,-0.19916218667263422,0.45040773608507273,-1.3956524415329965,-0.2093740105980804,0.06760170435170089,-0.832822511052521,-0.19060704951308585,0.22255032772910682,-1.2432461433734674,-0.23271684686914018,0.3760464668205339,-1.3465615548748477,-0.2392629651598984,0.47879735282963803,-1.3355613979508787,-0.23872112193858824,1.163709931202396,1.5272867399124725,1.514352129978375,1.4814014792068422,1.4387351830106863,0.900501195623387,0.9170068776419946,0.6964059988101039,0.7949439419290882,0.6226362369896526,0.7241664963368037,0.6421890263969653,0.7045563837756214,0.8030108522970621,0.7771422467858222,0.0,0.0,0.0,-0.3762495874487093,0.3624491222325835,0.036581893878063786,-0.7016126063134113,0.6394064494859312,-0.04252018040684404,-0.8936890061356881,1.0201319971027707,-0.1469557054888385,-0.9726800959874454,1.273660980162628,-0.24136320873427577,-0.9036055929480638,-0.4996330498662892,-0.031288027421837485,-1.3422006651206582,-0.09844574641199935,-0.14161494011629217,-1.353556918600027,0.3518593781679138,-0.23843528366350344,-1.2685118627422034,0.6965742261447718,-0.29621798576459424,-0.8741008716380266,-0.4740470595325508,-0.10595778192367136,-1.4529386584497328,0.05004845896707518,-0.20598988684391892,-1.3667288016034538,0.47199858516210574,-0.2803655856389052,-1.1949066076653188,0.6763510003251173,-0.3302878173219516,-0.8008689428169735,-0.36523741043024377,-0.1747361101909566,-1.3499951175156424,-0.11140530062238298,-0.2188388479916475,-1.3253367164531802,0.3324114778983312,-0.21104958640534063,-1.1861117298899972,0.6125029000798017,-0.20612614557170122,-0.7350056552917792,-0.09693200772911721,-0.24099330182066814,-1.1348504343557533,0.12810256665566372,-0.24609298296797424,-1.1789115838916833,0.4540174591159429,-0.21253446666378997,-1.113364194151715,0.6781836029696124,-0.1888578905839042,1.6206711757939911,1.4771875620710175,1.4122119242359927,1.3507438048264577,1.3172623622466955,0.8747591968007746,0.9401953887041411,0.7489689711065269,0.9149480918540913,0.6738217835774326,0.8441013027782047,0.6193693404973588,0.8708474362790414,0.7042423494408278,0.8673693877542357,0.5528139878830471,-0.8333046830539972,-1.0580501464934444e-06,0.6545596810671221,0.03749377424882362,0.06920412524417577,0.07107023620848872
heart_with_two_hands,0.0,0.0,0.0,0.24261943508804507,-0.34139780226067545,0.07176355502367279,0.33984228222228224,-0.6945916434318324,0.0759074429550589,0.4596640361998418,-0.9034812269493865,0.044842994214147926,0.5843503342630431,-1.013523022206382,0.014941533962368943,-0.014943964916563149,-1.0217826017285165,0.08900899395185856,0.12564977861687265,-1.4016764052934263,0.025051658205758696,0.30583402914007884,-1.4617952586819913,-0.03708551649772136,0.43001716774779986,-1.4227318403863431,-0.07624461887810403,-0.0556868524038098,-0.9984429642272927,0.00325908796647837,0.1132851035429785,-1.5024956185812819,-0.06647129388753305,0.31050809552991726,-1.5251151318219163,-0.1180606108012422,0.43144455519965874,-1.4337313535909808,-0.14466033813243181,-0.03495825102788874,-0.9347597300210764,-0.08605342535963838,0.11337955351488092,-1.4309047869805673,-0.14970671813588565,0.3138860625584279,-1.4619224350551934,-0.17291278458724754,0.4326577508650722,-1.384594610324405,-0.17877393006585973,0.04135390780661548,-0.836352756106729,-0.17272340653677648,0.2078755909946015,-1.2049814104032754,-0.21947990771847783,0.3586191087548861,-1.2975986082116036,-0.228217880770785,0.4627449555566593,-1.308192017613994,-0.22919759304577297,1.1700074696910432,1.4882519598894597,1.5042129543086133,1.4615933368739085,1.406424823977479,0.9084294569431148,0.89597311547692,0.7195122225847383,0.8097847057532171,0.6448124396819931,0.7621623194425963,0.6441180857988885,0.7670795407038387,0.8099667733040092,0.856409360087381,0.0,0.0,0.0,-0.37549647754150717,0.39590952185190753,0.06287485848892331,-0.6932262965340017,0.7163360336789463,-0.009593203754601355,-0.8774821819380341,1.1285511673060518,-0.11824836414509729,-0.968141961402139,1.387005696578824,-0.2191411223541114,-0.9464245049007867,-0.41303952680919537,0.015980985211490314,-1.4016767212645085,-0.010905544094502064,-0.08821371382995537,-1.4243887116685097,0.4537094234086681,-0.18198807287015906,-1.3420842030437146,0.800250740050887,-0.2377342581593184,-0.9140013799771451,-0.39822141434299807,-0.07759627928281611,-1.4882537081112142,0.13576310724008675,-0.16105166000059204,-1.424785623158002,0.5878812095844008,-0.22891916051497316,-1.2562372259651409,0.7906107689548677,-0.2789572791508979,-0.8450436048625498,-0.29790094954689006,-0.16832401689309923,-1.377139789965322,0.04173651270233864,-0.19933731045203554,-1.3603015383398518,0.5264487994674493,-0.1973166910231783,-1.2228918163893578,0.7962914811230836,-0.20311389988751574,-0.7744593445975154,-0.05807369698238265,-0.25619352403822404,-1.1842226811154961,0.20582733995175834,-0.24824819461104153,-1.2144436655887023,0.5687539513575961,-0.21091719480546384,-1.1297330481091492,0.7951632234631374,-0.18988518740733534,1.7056102987717647,1.5805406772728237,1.5103027906612874,1.4733634221836693,1.3945026698916698,0.8848061447864856,0.9550568927927995,0.7502376495412224,0.9105617544147263,0.6964421730906856,0.825697988400651,0.6694772823415084,0.8609389773422341,0.7079320250124661,0.8601450284408411,0.526439475617593,-0.8502126078284845,-9.806155637936432e-07,0.6872368664221862,0.03212884250120523,0.07131674085708915,0.07798165251050385
heart_with_two_hands,0.0,0.0,0.0,0.2537454087150408,-0.35594526738087906,0.056855100833082886,0.36519104668814495,-0.7281642443364665,0.057607987152747855,0.491470405674624,-0.9427579783746844,0.02824523791784449,0.6204052655439918,-1.0403572141015553,0.0026151687995863426,-0.011728573752197581,-1.0270363410163663,0.06559057957826057,0.13006504742899355,-1.4445333997708607,-0.01074678351647506,0.31776148230670387,-1.5251394520664054,-0.07766623240311288,0.4533951414057027,-1.4969288999915311,-0.11796677414560394,-0.05020684449178299,-0.9986743207611515,-0.01135226049871688,0.11933003753252487,-1.5626174182197232,-0.09747078991551127,0.3215082876381329,-1.5974738349638216,-0.15881899635759877,0.443632481889444,-1.5096351770570136,-0.18873722082069613,-0.02810936677050082,-0.9385412549091556,-0.09153825933823234,0.11043965828649331,-1.4694227542579528,-0.1698080971004405,0.31621651678006885,-1.5233297641735404,-0.20417375396638363,0.4401277976512623,-1.4469569897847006,-0.21330137223244144,0.05015641292323045,-0.8482071389055583,-0.16913140953527525,0.2070751925852057,-1.2390913969796349,-0.22710631402944212,0.3593333518499995,-1.3536526898232857,-0.24729680934280404,0.46742071821735853,-1.3722464002439962,-0.25465823229723006,1.2113020538064445,1.568527795635918,1.5847491553297854,1.527381577716713,1.4718672243372317,0.9145629922967481,0.8760976473152939,0.7378754177833021,0.8142465342814764,0.6538235478801071,0.7533107057968426,0.6669965660800229,0.742540221513017,0.827861603372481,0.8489855619135224,0.0,0.0,0.0,-0.3731943328813107,0.4582794592171527,0.08369730063446257,-0.6600221611671747,0.7786875815532757,0.016088966178846253,-0.8312578812871506,1.1937905802302649,-0.09231775726997858,-0.9284172432847568,1.4637671356729616,-0.19677862548306485,-0.9486146725345491,-0.3708170500376834,0.03499500116082704,-1.3897000847739145,0.06571402758915161,-0.06080453672924865,-1.417971739878218,0.5539255170118177,-0.15654861383980676,-1.3419004497081768,0.894350877400253,-0.21786271448983863,-0.9180084975045872,-0.390758321023957,-0.06758944488534085,-1.4645746840317009,0.18666785102859193,-0.14312134058751816,-1.410225111514891,0.6514506277313449,-0.2194929459263237,-1.25224027809169,0.8425260778696333,-0.2841234995247642,-0.8447017042079374,-0.29158457404344656,-0.1645641035687548,-1.3636828739351519,0.0685637149030455,-0.18679132502924903,-1.3583759958152302,0.5726764695991025,-0.1912574296801469,-1.227144314664148,0.8511765969304173,-0.20996968601911287,-0.7699091091340206,-0.02216393653434342,-0.25638181113226766,-1.170765180520998,0.27710387613520576,-0.2446944541048325,-1.2036180018726357,0.6583148307050578,-0.21165192471024522,-1.1258100341399109,0.896318810115403,-0.19909478250865453,1.744504122251277,1.6272751676340698,1.5358001396496028,1.5081352847876588,1.4527471819828004,0.8911548185958307,0.9616405606664742,0.770074446688724,0.9128876871334483,0.7233551920924067,0.8188311505110575,0.689731519629238,0.8622898673032224,0.7312265324553686,0.8718537514843197,0.5143109333982273,-0.8576037918444575,-1.0260871785577857e-06,0.6922465416611935,0.03528682647899877,0.060086476098184106,0.07091941998781415
heart_with_two_hands,0.0,0.0,0.0,0.23428470180350386,-0.29774048897668226,0.04723626797090926,0.35545403233943756,-0.6497392100282996,0.03770801557925349,0.49039042480300515,-0.835923697356051,-0.005752669820950872,0.6210142567068859,-0.9368592217799965,-0.04810169362871253,0.029135403019501887,-1.020522830675736,0.0800412327566493,0.14563562382622774,-1.3888796082939432,0.0060532005112806245,0.3200345532730419,-1.4330203719227244,-0.06905876626839788,0.4506890575930916,-1.374551585096099,-0.1165285294896125,-0.010720692630809051,-0.9999350903237156,0.0038577051233226398,0.13843750035433125,-1.4706919413431254,-0.08100842864321575,0.3272570356376563,-1.4782561078276428,-0.15797163998158442,0.4480942936864034,-1.365910256125478,-0.20022344686545052,-0.006956631199893825,-0.9410125778938543,-0.07756248162991713,0.12314258930946667,-1.4059116099310096,-0.1534527591294189,0.32631509563143696,-1.427845921180276,-0.20200374268902993,0.45939441699930955,-1.3233704889658509,-0.221806580151714,0.0477921003965872,-0.8453954902397185,-0.15748830206872924,0.20097054722880006,-1.1901868059976493,-0.2122208847087711,0.35318220044568593,-1.2817106573582524,-0.23698447899142425,0.4699568946170692,-1.2807235803709427,-0.2482508909160526,1.1250234137107447,1.451237949100477,1.4514092298513768,1.4182915216676892,1.3866293221178108,0.8933803415978852,0.9089094024361751,0.6851606873492613,0.7997408574892418,0.6220794105119833,0.7584673303186876,0.6284783820154757,0.7551755422521009,0.8073938211198238,0.8257121284378285,0.0,0.0,0.0,-0.34354810853317436,0.420550108502192,-0.013858645283784414,-0.6520282575812062,0.7272847007147606,-0.11578025760245865,-0.8384384319252896,1.1286649477313726,-0.23717434379124078,-0.921325824269399,1.4289608976580235,-0.34766844865548463,-0.9213632230557148,-0.43322031305271874,-0.06084647253211763,-1.3564981858833747,-0.04407375531444301,-0.20512373099239717,-1.3913523419698932,0.44596447475371287,-0.320624692922175,-1.3116666219032902,0.806076463725089,-0.38559951634920414,-0.8921903208005547,-0.4345239759141393,-0.12322883520333842,-1.473819775358451,0.07043292416318475,-0.2582461646770793,-1.4194670686778545,0.562255874739665,-0.34543906077997505,-1.251504328926831,0.8008478612714776,-0.3969958510040383,-0.81744737560945,-0.323881053295134,-0.18950896031500875,-1.3415114416788898,0.00013295478640841925,-0.2723520834216083,-1.345626989017967,0.5170383048594707,-0.2905826680856984,-1.218541458879083,0.8204157466941184,-0.2954408964914579,-0.7390062367261101,-0.04696917775524128,-0.25699097316399055,-1.1296861447033375,0.2262902230581597,-0.28386395511349366,-1.1859338352802278,0.5899849317163822,-0.26941201355332617,-1.1330242174981264,0.827287542563569,-0.25925210798676046,1.7354088485690693,1.58710918950004,1.5379291556961,1.4984026854455743,1.4266605100771834,0.8903485269646254,0.9446374677819606,0.7620072178517435,0.9082056414390708,0.6975700197523074,0.8422763573150571,0.6786538027707574,0.871072003979044,0.7414368254129281,0.8814250767000169,0.5422099741068332,-0.840243026735732,-1.021254920479783e-06,0.6756110434701524,0.05062246580156387,0.07435470405847115,0.05912614493076977
heart_with_two_hands,0.0,0.0,0.0,0.24272797533315302,-0.2718952557690852,0.048391136792258774,0.38736043222957245,-0.58822960394348,0.030088655241955278,0.5429436393198696,-0.7407133212921492,-0.023999017125524474,0.6882825515416945,-0.8366851984296814,-0.07528612006415206,0.08715255458527539,-1.017575785835118,0.08184010244304278,0.19241881670059402,-1.3783457870488458,0.007509126545415207,0.35849626980482163,-1.3967967435204918,-0.0664697830726389,0.47070525041136824,-1.3043225105053606,-0.1115580259504404,0.04220324179111891,-0.9991065816162068,0.0022192236251517244,0.1950819846529019,-1.4448904488898606,-0.07535853185442855,0.3708364760843081,-1.4111213206616098,-0.143691019122199,0.4614858866039483,-1.2853806800784866,-0.1817936051741573,0.03618759962200915,-0.9385028512722526,-0.08359114395158619,0.18357388997939966,-1.3818231771271619,-0.15226053383591312,0.37537390741802173,-1.3675198094095666,-0.18812986074040616,0.48023444377052127,-1.24343025557114,-0.2018999714824565,0.08082081318687093,-0.8276325961031586,-0.1687497261118784,0.26877993061327293,-1.1394550693438055,-0.21704870669573773,0.424163320094119,-1.2006832356884156,-0.23138792502674266,0.5251188385318678,-1.1788448858815102,-0.23619317310140472,1.0860216350986636,1.3911383242976934,1.3777596420043237,1.3481496652589835,1.3119497987993896,0.8697523506755339,0.9395385875172896,0.6391460634513701,0.7597491079749038,0.5598999077738069,0.7675547897906859,0.5850462122817429,0.7475361494360888,0.7929203869733218,0.8127251241343031,0.0,0.0,0.0,-0.3648110783796998,0.3887737807986824,0.04558059386049592,-0.656527343229928,0.6370364458415841,-0.025419531399965316,-0.8315068268248798,0.9764301937366362,-0.13624248540326403,-0.9115722404188498,1.2719059203100693,-0.24051785487340283,-0.8836021544835205,-0.4807057152029315,0.04713997587558559,-1.3071470078986671,-0.208832406558116,-0.06994976902082234,-1.3426473687095546,0.22066520210788151,-0.18103375448407807,-1.2785366355539771,0.5527527424679582,-0.24806873506056779,-0.8587267313556135,-0.5098677011988514,-0.051218435445677175,-1.3727255301971832,-0.13959428221020823,-0.15156032393298827,-1.3551606742110984,0.28741423771641894,-0.23702223162116715,-1.2291067550701729,0.5345893042361233,-0.2976569391911367,-0.8044117880147794,-0.43367049272905955,-0.15587472042301642,-1.2870755424890914,-0.21119827471151223,-0.2152400729362218,-1.30769204101126,0.25248029676869405,-0.23555964521658818,-1.1991138938146237,0.5600898785345265,-0.25225535599803417,-0.7539691626347714,-0.2114549157183475,-0.26021048689933113,-1.117052027054981,-0.015871272111170908,-0.2708365761765731,-1.1597487004056093,0.31738826218012023,-0.2500993453346022,-1.0962902631424047,0.569381434576225,-0.24201385807574682,1.5832111224138583,1.4148249432612086,1.3729853579013247,1.3472963916695482,1.2588162163722036,0.875344151188816,0.9342018439938188,0.7168190079069949,0.9133494610588911,0.6907392967169623,0.865803146545269,0.6521906124711437,0.8779637466971011,0.6967111407002685,0.8806513869835016,0.6172966258264017,-0.7867304975287636,-1.2180247496663474e-06,0.6266728215400378,0.030648666534728634,0.03404280531061051,0.07096672191609975
heart_with_two_hands,0.0,0.0,0.0,0.2529196091808169,-0.21301506189171418,0.028827052765034847,0.42808657906987896,-0.5013341860375754,0.008970322756725928,0.5980390167404547,-0.6272240154067148,-0.03919715139512368,0.7440247177821662,-0.6823693879856012,-0.08344449002028645,0.141979433843687,-0.9907717220503677,0.07703743440395033,0.28599863694186045,-1.2860794471484551,0.004977557365126431,0.46256237493601454,-1.3172391395445417,-0.07180629558840072,0.590937834149035,-1.2495446930910743,-0.1187903213582285,0.10479598575541811,-0.9943865054925748,0.014604076958706125,0.29503211111129163,-1.4090128061129372,-0.06018889735076441,0.46892966658039975,-1.3895636654086692,-0.13022378676631308,0.5729597143920994,-1.2730855432923363,-0.16755398605187832,0.10190979299126854,-0.9525210549882984,-0.054414444472181474,0.2729917032578401,-1.3514099736382503,-0.11663653497503416,0.4607973362901611,-1.342774559484293,-0.15546909059442918,0.5768673376952771,-1.2216916814646337,-0.17047292515375753,0.14533676162800044,-0.8514972412177609,-0.12502601419463774,0.3382552647752381,-1.09727738808677,-0.16695893270609846,0.49895313835285776,-1.1437766478206162,-0.18255077812418652,0.6194768379954602,-1.114883703790293,-0.18683214400507858,1.0129974063369667,1.3873285855590272,1.4060952930360346,1.3617516322993704,1.2890397495126167,0.8672601555383854,0.9131791404672771,0.7097141228194258,0.8017194174671634,0.6128856696350734,0.7743137275359261,0.6204697005723343,0.7580024203500844,0.8023916644065878,0.8347648956923275,0.0,0.0,0.0,-0.3563598720586409,0.3192624523469617,0.10600749631221884,-0.6346373969566433,0.4654476093380973,0.06461238980520878,-0.7823834912350037,0.763025941790345,-0.03614082551128494,-0.8839233335446549,1.0742122336971824,-0.14029419537421597,-0.8313326247742687,-0.507718482378962,0.1072071342005286,-1.2303373922268908,-0.3615990909211898,-0.013164000656528925,-1.281934506142637,0.024327894335922032,-0.11401293087218822,-1.219030997025368,0.30387377636923274,-0.16945701304454677,-0.8026352989903036,-0.5957641549010521,-0.029011179737835905,-1.276700869703269,-0.39855717946799907,-0.1291601192526267,-1.2923305840079298,0.06631949327464359,-0.1974836642134185,-1.1839921914510638,0.32601657262338113,-0.23722518337039492,-0.7551122069233183,-0.541254163158161,-0.17263243682217985,-1.2181043147773478,-0.4223236196807188,-0.23738099415438085,-1.249323825237349,0.062314831122116124,-0.2500081677390264,-1.157501987555394,0.3574020263477992,-0.2551907020648246,-0.7097731423364005,-0.3342505703435775,-0.3123969850861763,-1.0407507303218935,-0.2181950512758211,-0.33415771035652614,-1.1083683281649594,0.09438485816591675,-0.3160860873858852,-1.0715959890141267,0.31521573084170185,-0.30381085499417176,1.3981898454305426,1.2677111354498474,1.2507598101423416,1.23801023988194,1.1575750326667908,0.7987006379604652,0.9555841537586667,0.6672930614037471,0.8882898314209939,0.6417392087827408,0.8649038745496963,0.6007041513727697,0.883488739440012,0.6731758718682109,0.8798524306659397,0.6992102824366527,-0.714916065655555,-1.5615306093734335e-06,0.5933573243219681,0.02507355174555365,0.031219646483212037,0.05106723510024962
heart_with_two_hands,0.0,0.0,0.0,0.2762544686860873,-0.20230449632613118,0.06237359888096271,0.44954698755064715,-0.4160063866238259,0.05999230114065944,0.6125321320028169,-0.4900620261950103,0.019065126158728126,0.7583479617362483,-0.5252289178224008,-0.021346437781151088,0.2296650218357904,-0.9573021445352665,0.1378907191897661,0.36193289882769125,-1.2083024510701212,0.09210523960855042,0.5046494248827358,-1.2297105075320516,0.037444703030928485,0.6086030092507005,-1.1716449687444142,0.0009820945537123127,0.1728409472249401,-0.9831932228332665,0.05879705381327011,0.3330152886141704,-1.3454676316592242,0.011078683356961461,0.4822937786197327,-1.3405866502310568,-0.03611553987677776,0.5863799994443774,-1.2535094353141996,-0.06237172312393554,0.14900294668122557,-0.953123669262357,-0.028953758186381535,0.3364355614688694,-1.287638538323328,-0.07967254430303583,0.5066553441240251,-1.2693796058218847,-0.10653825698064769,0.6223758563705015,-1.1763040691178253,-0.11630771547922392,0.16592888530414038,-0.8612243331699747,-0.11666697897519457,0.36332801739266907,-1.0387059743838607,-0.15779876960980976,0.5115641485726395,-1.0705322955635006,-0.16997137872192394,0.6270998436435834,-1.0552721221791899,-0.17260971923573873,0.9227202813379346,1.320284257333556,1.3852861220757104,1.3358781584770614,1.2396159005599348,0.8385666080640694,0.9401128612782912,0.7061206095980131,0.8010999578112121,0.6276467215059423,0.7922746538916707,0.6327992272856069,0.8173482571811318,0.8337524921659902,0.8895149208199048,0.0,0.0,0.0,-0.3766180120203112,0.28359082949504605,0.10309355450947537,-0.6417628803533988,0.41191154683786113,0.06768106050428904,-0.8001389156328181,0.6714214783897869,-0.026734980000368867,-0.910687338544996,0.9407167636942197,-0.12428043736199303,-0.7813592252112885,-0.5820510842577356,0.13800879532484642,-1.137480597593066,-0.4936667359234734,0.027281775113601237,-1.2273585509256992,-0.20936695888155246,-0.07867316463571424,-1.2251222317629922,0.058545106465447354,-0.13930609001782274,-0.7479691888157298,-0.6636775665054914,0.0086127985979078,-1.1794865725543493,-0.5322324528187603,-0.08223633299999457,-1.2496434585113905,-0.18221269307023102,-0.15845797979420925,-1.204997024916531,0.0900284646230206,-0.21007627352098757,-0.7068991396953761,-0.6270886352198692,-0.13078941660079463,-1.123154769440604,-0.5382465448022661,-0.19590629420718894,-1.192861938564194,-0.12014450190313132,-0.21972964598226333,-1.1468907330582692,0.1911376794666204,-0.23476720402059476,-0.6797011135591835,-0.445155160277882,-0.2670752890966851,-0.9920243061174796,-0.3948241242044291,-0.28565565426682277,-1.058547419492312,-0.09855188568529809,-0.2701638557282391,-1.033764085054114,0.15251639150134136,-0.26318889149023084,1.3151977361569562,1.2344060105844588,1.2264807357625043,1.1861735143605534,1.0775888946292165,0.8131444906701164,0.9515001968512807,0.6922204205741889,0.8967509678635147,0.6649690047320683,0.8872631218135425,0.6207849807415518,0.9008417669586836,0.6197565429641358,0.8981853789817821,0.7687482959952597,-0.6395514501603224,-1.4876127175719745e-06,0.5463097439085064,0.053871898588932834,0.04654617526544284,0.05691014435039956
heart_with_two_hands,0.0,0.0,0.0,0.2561622484684355,-0.13419016210918744,0.05420069154709792,0.44203947097691954,-0.33269929809420523,0.0547423516116685,0.5918559373716911,-0.3799799329347699,0.0214865855185968,0.7233740274818711,-0.3863864573535847,-0.009638696671524647,0.29020207866009273,-0.943899670964069,0.11886137192467494,0.39928917270081155,-1.213520206670854,0.07033249641285472,0.5244788899396258,-1.1747767647669365,0.014463502151662625,0.6097956476178937,-1.0540820381652893,-0.01932235741424578,0.2325396540768508,-0.9713395253728223,0.049242621074824036,0.3709508007891319,-1.3017459441780643,0.009112920883028423,0.5095734222845166,-1.2702717476831233,-0.038128227493925304,0.5921855656794454,-1.1400057845439238,-0.06725936700071627,0.1896927302488039,-0.940898871828258,-0.028539568317992314,0.3690386662268504,-1.22840554817473,-0.07339971430809208,0.5279358818367154,-1.1642297603499596,-0.10364529563248226,0.6254696138337607,-1.0252589864772776,-0.11728515630113956,0.17561423713614407,-0.8401230271408184,-0.10573380937584195,0.36948259305018843,-0.9908021143956458,-0.14809244874375396,0.5166894686318695,-0.9755816374282053,-0.16316937668850187,0.6254301625721399,-0.9100134403544577,-0.16658038383457796,0.8201569255545684,1.2179133912279891,1.2863983657646758,1.2066996457571169,1.1167078284668936,0.8247251258907624,0.9198275428919971,0.5450220644486212,0.7943097262469495,0.5633974826512638,0.7558088943511146,0.5614046796453184,0.8160923214705573,0.7583058960552489,0.8583952085518699,0.0,0.0,0.0,-0.32069091589378157,0.24166104900297272,0.04525891398229539,-0.5743037136773815,0.3543215927868368,-0.010734063326392236,-0.7341895592783747,0.5808248017850572,-0.11293208253402424,-0.8425046910933536,0.828222208885411,-0.21739813230716973,-0.7311839153938359,-0.6126525188310903,0.07040569721021432,-1.0623638932885746,-0.5921167193536121,-0.05717657358732649,-1.135067483733813,-0.33586596756219134,-0.17363783920761464,-1.1100143079664826,-0.09176208084471824,-0.23955694978075542,-0.6851393641667307,-0.7276029754594361,-0.03432144769358246,-1.081611864303894,-0.6779808352412982,-0.13708559664540926,-1.1247564786781266,-0.36526623077009046,-0.21496984073319406,-1.0518621890921875,-0.11961329432344486,-0.2630226161279974,-0.6252063712085139,-0.7380490844590534,-0.15325342240462825,-1.0054114121396447,-0.7184198674779405,-0.22958343803258255,-1.058771377367998,-0.3439106686925723,-0.25346692513089,-0.9978449820170907,-0.06844728310679245,-0.26375020874599553,-0.573961003560308,-0.6214132556327436,-0.27381846080208827,-0.8673283272400486,-0.5976011474360422,-0.30894148793939125,-0.9369351890674104,-0.3253916801751702,-0.29990669728078473,-0.9144343659364362,-0.09159818925095328,-0.2921562318253623,1.201261058111842,1.1392715109048945,1.0908264305633284,1.0343808830962344,0.9643317383940138,0.8284075973233953,0.9396523458330361,0.6406654099846673,0.8768623061389402,0.5979417448540704,0.8664672323689727,0.5641524754381765,0.8854953903002141,0.6033606441986235,0.8898302531552329,0.8306483876299199,-0.5567973205084858,-1.5442879249229182e-06,0.48100847959126597,0.10338936543959984,0.09378791288090824,0.079657801299071
heart_with_two_hands,0.0,0.0,0.0,0.2827721108502143,-0.07182347951352337,0.059666620025956546,0.49851571267451505,-0.2625918963030004,0.07049395955126582,0.6592869181723086,-0.2989241956769696,0.04671720061078516,0.792048072396102,-0.26282422753157314,0.024854343692386767,0.36782696989106034,-0.8942765562069553,0.12890230210060777,0.4842708119021108,-1.1488091333026311,0.09037687558834769,0.6086619223644711,-1.081325668664726,0.04274792523339559,0.6892552199469035,-0.9533063082985692,0.011125344924380965,0.3047647094477499,-0.9506500090203915,0.05816383949463724,0.4591899066624597,-1.2710809862458672,0.019615072372036177,0.5945482750200163,-1.1904080292276615,-0.021773186002305205,0.6685645519556229,-1.0302398087304554,-0.04617468956449834,0.2596239756426294,-0.9399991731753723,-0.020908915744368615,0.44856755829778316,-1.269977993210672,-0.06842054977546957,0.6073951790718989,-1.1815879887860004,-0.09926007387423989,0.7053764960912141,-1.021135843068045,-0.11328206011296249,0.2472271737801616,-0.8499501423028905,-0.09899150024012005,0.453795749504975,-0.9904932320828196,-0.15001397553062798,0.6108200072642109,-0.9624157604386752,-0.174134641664357,0.7295383108076603,-0.8816169309610294,-0.18462433860436364,0.8348858975718347,1.1764308092555156,1.2290259255121374,1.2462372311801806,1.1591206608021176,0.8306422815588066,0.8464658024453322,0.4935317629571971,0.838532274933036,0.48168588092154535,0.8089913588666031,0.5104000413080747,0.8347348767954379,0.756983620294134,0.8647350667147851,0.0,0.0,0.0,-0.28187156961685983,0.1799756324492681,0.029052385091396626,-0.5915731444353561,0.21261745636675414,0.001134689720667005,-0.8000065217593548,0.38935565206471034,-0.06671768801163305,-0.9220906243311568,0.6240548779602639,-0.12817632681267746,-0.7201782942856852,-0.6508008379387029,0.11124185099165362,-0.9878678043244867,-0.8932770697715242,0.00549355963454371,-1.0911457593521607,-0.7083274511927669,-0.0869245216412005,-1.0945060598877967,-0.46895748424268774,-0.13191776071307948,-0.6858115842621358,-0.7271613988649474,0.029979507878418347,-0.9932557567285971,-0.9759108733865862,-0.05214969695044319,-1.0925632463411377,-0.7169740898713558,-0.10448724255270346,-1.0657862908176285,-0.4565178855642892,-0.1248386638094751,-0.6444528224916751,-0.7442682236391522,-0.07159360479571866,-0.9413891856376865,-0.973211065548474,-0.14136326363172938,-1.0335558768411497,-0.6456113209313812,-0.1626125171850019,-1.0011377321148909,-0.35638501973612036,-0.1586174770158679,-0.6057951467261338,-0.6841501271838704,-0.17617763160807864,-0.8443665789635317,-0.8092318504598186,-0.19474162645634688,-0.9331493235454293,-0.5940281833299255,-0.17900297939226714,-0.92751005159289,-0.3648375368308942,-0.16108539743528913,1.1207697269915051,1.1980262654674534,1.1661447978345671,1.0744517415739718,1.0096186554108262,0.8061747166290438,0.8799080398749759,0.4727889159987166,0.833592218199035,0.416443993988713,0.8482035658692422,0.3845186153315992,0.8748741575097696,0.46949144287221856,0.867934850276139,0.8993014917618251,-0.4373291974171336,-1.2008004132464187e-06,0.4569909299405565,0.07715331730175364,0.07810714997318828,0.09443654259035925
heart_with_two_hands,0.0,0.0,0.0,0.28630613575247765,-0.021508316663615325,0.0532299044892002,0.5198552030411498,-0.1895409838461424,0.06600823057075346,0.6834723811559348,-0.20279102774833635,0.04599057094233925,0.8098152619433429,-0.16062608231463077,0.028619316299192066,0.42399815332569013,-0.8675751567992749,0.12778107328336216,0.570063277374143,-1.0999610924222096,0.0831803416604054,0.7026434876215385,-1.004891566788495,0.030218093963597127,0.7812890283662955,-0.8580346916504265,-0.002237225776267077,0.36163753974942825,-0.9304014999350273,0.0597606790676943,0.5428338681348441,-1.2169720404490543,0.015325610250795884,0.691325511470678,-1.107924992020127,-0.03299445137202848,0.7705235980134996,-0.9283042537222874,-0.0587766184694642,0.3136849534622809,-0.9243326004809623,-0.017205706509630363,0.5202552514014197,-1.21906982858588,-0.07083940153599252,0.6858967327469717,-1.098916046014807,-0.10836699418115603,0.7845993174530915,-0.9178262599046948,-0.12227001596264857,0.29699098199368856,-0.8338575072481802,-0.09341475317679895,0.5151545535193653,-0.9666061475014981,-0.1456812448617716,0.6706680156220501,-0.9063762710464897,-0.1680256961976444,0.7822506184644573,-0.7951474362474099,-0.17387500801207062,0.8260875026663609,1.160448655951812,1.2078535066196012,1.2136519637532022,1.1288968039063856,0.8196419852565374,0.872742895013951,0.49756198697753246,0.8541198428723956,0.48926309805691,0.8322462863200766,0.5034291441254669,0.8551703706182969,0.7120019982535492,0.8651460585323338,0.0,0.0,0.0,-0.24887536684345682,0.07382826128291178,0.015876724580780623,-0.5538640713060737,0.036353767841172266,-0.012913574634067101,-0.7765344632468283,0.14001333424974383,-0.07631830738279174,-0.9330012883989592,0.31501050649145174,-0.1354992258179331,-0.624134275391475,-0.7269431259976359,0.09003782408689613,-0.8642551293443623,-0.9853220055142196,-0.012725485483102988,-0.9734617634841243,-0.8540192613282904,-0.10074467268738874,-1.0005750932671542,-0.6524692762190178,-0.14589675102730046,-0.577242419663121,-0.816389419783502,0.017306189847054357,-0.8640142473155276,-1.0814293115638531,-0.07101178936957579,-0.9738350304539501,-0.8868667546729686,-0.12536910008083393,-0.979641474035767,-0.6494156380108715,-0.14714936069451862,-0.5178806422462771,-0.8542570610534933,-0.07427976808262629,-0.8106848463367203,-1.0966489563223816,-0.15493139715701762,-0.9240177603485378,-0.8229276022475374,-0.1766662034243303,-0.9320243522628212,-0.5465255687040096,-0.17163717461167766,-0.45585837444953875,-0.8324738048259663,-0.16883017848727838,-0.7031209259175918,-0.9748921064845182,-0.21073663926376932,-0.8216509120831947,-0.7854193575810282,-0.20885905400638338,-0.8599582439662798,-0.5519758521011576,-0.1979909862510064,0.9940236735366911,1.203392095551847,1.1845214320124575,1.093992189262269,1.0408678846544421,0.8181200555875783,0.8749558097021084,0.5060524091448267,0.8142320039237853,0.44694500949783633,0.8395284191409647,0.4122744733122331,0.8807438963022087,0.5110882287411351,0.8733228946622518,0.9596892663862053,-0.2810631814751358,-1.477135016084912e-06,0.42960495600293236,0.06975977769021496,0.08987501357127414,0.07802484728332437
heart_with_two_hands,0.0,0.0,0.0,0.29642583201983597,0.02889393972811514,0.06128764013761342,0.5604057686824528,-0.1172771856289684,0.07233844399301867,0.7428906889865465,-0.10418111758971102,0.046815373143618985,0.8838512090587937,-0.02946564784745379,0.02270470140680984,0.5021520571391965,-0.820920426595017,0.12642121667981987,0.6791131228157683,-1.0500111230274674,0.074763059867408,0.8240688631783819,-0.9279464994156632,0.01662608001804905,0.914298596064829,-0.7609551835177469,-0.02023103658092756,0.44084264878213036,-0.8963572680314515,0.046919154531469526,0.6617921183015083,-1.1700547831380745,-0.00698584529387873,0.8270044249396208,-1.0161137267733884,-0.06129912886710945,0.9122634858191234,-0.8068899997637061,-0.0905350535126928,0.3864082214288865,-0.8972784905607472,-0.04086228984041007,0.6281801270040985,-1.179676590367274,-0.10170642748920071,0.8063079622753614,-1.0083480622442886,-0.13971221097247882,0.9081412816554317,-0.792573831148476,-0.15356141070871354,0.3571046997645287,-0.8050771955031324,-0.1275258571981353,0.5987070689571403,-0.917128057242255,-0.18671997638947982,0.765503361877191,-0.8246291191712138,-0.21061305596835148,0.8806592094844029,-0.6885211570168411,-0.21699068346831674,0.8846336459934893,1.1897075308367953,1.221266856666502,1.2151028648336706,1.138730426229821,0.8084139051634495,0.8690080584704674,0.503773118057976,0.879329922630608,0.4895921294376401,0.8600955270290097,0.48984669386529756,0.8809873384275247,0.7039493016459181,0.8816734583415352,0.0,0.0,0.0,-0.21739288751907637,0.07307899015477749,-0.03337250579166331,-0.5003518680245213,0.025350737910517562,-0.08294388427310836,-0.7258845028472878,0.13780678176319994,-0.1576216086503941,-0.8967139958549394,0.30067916491380653,-0.22398148795093603,-0.5607503867809948,-0.7509589584740963,0.05416292953356335,-0.7702661527413516,-1.0377306645090965,-0.051567456580240985,-0.9035646259304598,-0.9391648212719795,-0.13681799164727848,-0.9501319223100956,-0.7623975852783252,-0.18042425778829843,-0.5221107861749672,-0.852857147235254,0.005917209604366152,-0.767887663923044,-1.1662161832599474,-0.0815708956373841,-0.8902010274515239,-0.9864358045762822,-0.12659223618975984,-0.9140465446637245,-0.7672578123506774,-0.13996718385267484,-0.4693428209206495,-0.9073489878795583,-0.06623139015845322,-0.7270615164003187,-1.2034580146153144,-0.15057547246672487,-0.8471102956478811,-0.9339213106838247,-0.1653471201183386,-0.8544549622676547,-0.6555876947988012,-0.15271636940125213,-0.4138132334040757,-0.8943478129286818,-0.14635442018068565,-0.6351438563073134,-1.0605283800347918,-0.19359713369944037,-0.7569294171243297,-0.8667468976352566,-0.19297002093841426,-0.7906669206106641,-0.6277606212209927,-0.1803266735650601,0.9719422089404861,1.231484332271165,1.201564167650022,1.0877549345319124,1.0255512108630933,0.8016109218823315,0.908475608561515,0.5400834807819858,0.7851060304449796,0.42065879911509085,0.8392293055294973,0.3684842473708386,0.8714352788250118,0.47382970187094314,0.8651781374861822,0.9904666051383573,-0.1377530547892866,-1.3846754808602412e-06,0.425824312522452,0.07736724611000756,0.12230044877567782,0.0889664620340545
heart_with_two_hands,0.0,0.0,0.0,0.31580231292018246,0.033978409398650065,0.04842270560896752,0.5990298184076593,-0.05374822322180491,0.046079491799286276,0.7996387525745404,-0.0007128337636080433,0.010608915151058036,0.9583385662181333,0.10804645959193952,-0.021585952713103075,0.5493334129079986,-0.7731673955241125,0.12490326200689876,0.7775362605213707,-0.9026871302693801,0.07753933876022844,0.9412106968863957,-0.7884784562214603,0.01988438069624266,1.0493298566959988,-0.644741764214321,-0.0184581630320476,0.49591570856713674,-0.866731762715321,0.05332599269349901,0.7749162654566921,-1.0712264422221438,0.0018424324463736268,0.9476700996123454,-0.9110031757745415,-0.04854254524687088,1.0425197276803624,-0.7039680533581512,-0.07527257019435098,0.4531459150197202,-0.871267280767447,-0.02716169685039919,0.7425636233856323,-1.0795949805362253,-0.08316637231271738,0.9194193292471566,-0.9010663567267092,-0.11405342561083932,1.0202893715063501,-0.6873734738019901,-0.12326325699885318,0.43651057224247297,-0.7813107489786899,-0.10822511971248439,0.6999362107756845,-0.8399565977265422,-0.15330046681804996,0.8660494723338944,-0.7437220653523952,-0.16572031476569368,0.9833011034157108,-0.6226141871020213,-0.16507582617476133,0.9646516460805488,1.2317166047668424,1.260192192713185,1.2363925447128041,1.1754911800377514,0.815727777966655,0.8925639574183531,0.6509169985593106,0.8996878001479115,0.5686295574101413,0.8729574464378344,0.5550329648784039,0.8890492006637978,0.7626968546731635,0.9093909417133654,0.0,0.0,0.0,-0.21532178235183816,0.05023320517811065,-0.0316681695429394,-0.48832212428046035,-0.04761666542756022,-0.08034313620363764,-0.6970110959168445,0.041180252885361375,-0.15264548404950914,-0.8510165084404211,0.20421883452803086,-0.2161856510404348,-0.49092146127130964,-0.8063376443008309,0.03267481754007765,-0.6634020642886369,-1.1822530660728074,-0.07885404023654506,-0.800003731535185,-1.0913521068921,-0.16230216361006328,-0.8356901397536417,-0.909492415929355,-0.2031500986009887,-0.4380072059937691,-0.8987779637621329,-0.0186509879932966,-0.6374299111171092,-1.3297787724422705,-0.10878669876027833,-0.781337733765082,-1.1368310427141262,-0.14707526629734774,-0.8056853729954943,-0.8961769064953136,-0.1555864391767578,-0.3718582942527826,-0.9356132296159672,-0.09246743516630813,-0.573475211376009,-1.374358577357248,-0.1735897006293726,-0.7308721479746745,-1.1208919690693229,-0.18488519392504368,-0.7597745045486375,-0.8475768166381689,-0.17140625827384087,-0.30644594733966857,-0.8971167506003217,-0.17444191817715282,-0.4944695304596793,-1.1716054179557582,-0.22194228578131647,-0.6408667357927446,-1.0157441143730854,-0.2232690307037291,-0.6922875048155605,-0.8006775062901481,-0.21262629254101123,0.9014824822091049,1.251728575561039,1.2151004518351978,1.1510968088045672,1.0796093731912948,0.765197328245827,0.8742005712913758,0.4947398075984918,0.7514495456902819,0.3574625103889946,0.8246457677785513,0.31941775442311465,0.8540562588334061,0.4321969294236604,0.8338227131986586,0.9995381500840166,0.030388921068945498,-1.699164080236585e-06,0.42844884752049883,0.09725280854327742,0.11319008143382885,0.07625682032162337
heart_with_two_hands,0.0,0.0,0.0,0.34592799322505147,0.062123780868685856,0.08279227553495933,0.6208277538348295,0.0033635325950880104,0.08765674100287422,0.8008323004533692,0.08241867132642978,0.048244455428122536,0.9539139919364483,0.21823933685255523,0.00783212599995547,0.6243831318400229,-0.7254635360103174,0.1592867782518185,0.8594504889662326,-0.8282324151826811,0.10706697254361235,1.0150502985776588,-0.6737059982952802,0.04057738083059031,1.1170739230648767,-0.49982932362590626,-0.005149697237555778,0.5783437643118342,-0.8134831517392613,0.061348611377727576,0.8734597940701841,-0.9563260654546698,0.007331979940145962,1.0402091175127144,-0.7580530102346963,-0.055880071234694996,1.1262846212882092,-0.5245682011970008,-0.09402843172768162,0.5349590429339084,-0.8183462563405784,-0.044213472232657515,0.8395734213341783,-0.9619912721847407,-0.09604843590107143,1.010671279971289,-0.7441551637831187,-0.13027916673459514,1.1027855593919926,-0.5047859970008638,-0.14547341148737447,0.5032622971976581,-0.7198756559271418,-0.14861168755837317,0.7711626427528528,-0.7496441787469763,-0.18855304864219022,0.9388777842538647,-0.6267934399096852,-0.19821349488599235,1.0536641894656313,-0.4821197560383318,-0.19844135544670655,0.9785916688586985,1.2238096345958072,1.2460056949430647,1.2215184837821493,1.1755962975767882,0.7909411561505746,0.9026390487200319,0.6319758647255244,0.9173900874626025,0.5884344021195947,0.8884993453636468,0.5763789946225856,0.9032593766547296,0.7626276952003531,0.9135573756311478,0.0,0.0,0.0,-0.23058424232017816,0.011171126060213784,-0.014607604283097219,-0.5013819095150375,-0.1204294227381724,-0.043689208338634565,-0.7039247288301438,-0.05893256558216423,-0.09872621574955015,-0.8515376810224776,0.06689101710651076,-0.14736342160472168,-0.4790415352103874,-0.8129283132108575,0.06799503351238358,-0.637763913801675,-1.1766162958592925,-0.020829479650260475,-0.7438546035224258,-1.1335842695026177,-0.09335932604335175,-0.7742610013695322,-0.9966287266256592,-0.1300479230415846,-0.4137844860896789,-0.9102611384048499,0.014389544169537465,-0.5931153563199887,-1.3302312837952381,-0.06452033431922093,-0.7150596398717919,-1.1870333447551507,-0.11005229514383043,-0.7353159069228388,-0.9602869554950414,-0.12290441003223873,-0.33778525768421175,-0.9532840439420341,-0.059624265003694256,-0.5100120825689274,-1.3984212129009697,-0.13250688088666068,-0.6479156541541152,-1.1980291632995672,-0.15486606688151014,-0.6760796717035167,-0.941085350262445,-0.14853697263458362,-0.2678975148562437,-0.9272438360369598,-0.13964941307258708,-0.43372984049985475,-1.2048583768931578,-0.18177964355144685,-0.5636907878651063,-1.0834911193038337,-0.18774553134134214,-0.6124235946628062,-0.8839414042083281,-0.18060024111349257,0.8667795615943729,1.2687243117654299,1.2157080298628717,1.1682416664409685,1.0904272155736738,0.7609136309405125,0.8732375423713372,0.5442189819723067,0.7046060629462797,0.37362256693435475,0.7978929658979349,0.3180051468478048,0.8387770489969089,0.43430299389387683,0.8141235744370887,0.9836016609329896,0.18035457467876576,-1.5184415766851903e-06,0.44539453178989674,0.07954626685480795,0.1199513944112572,0.0833610302383689
heart_with_two_hands,0.0,0.0,0.0,0.3521669390736482,0.1201185171216945,0.0868837869116137,0.6010076893477154,0.13346412044407432,0.09142925734967085,0.7600477042671382,0.24406711762516275,0.04788705231555259,0.8815572232763106,0.38063250598792586,0.004265961521014421,0.6531271685215908,-0.6811347814996405,0.19086052166834325,0.8908435248392421,-0.7318152182835027,0.14207128738127064,1.0384751274543458,-0.5498690572180648,0.07163523500851722,1.1272167990671706,-0.3620262262283759,0.024017450043728163,0.6151830173294603,-0.7830175825371197,0.0918331129122053,0.9149091611042361,-0.8487946868902935,0.046137006515204096,1.0661872551303697,-0.6402846627232485,-0.021097653323652054,1.1369774704164428,-0.4020350326864998,-0.06304169311918231,0.5797612339299909,-0.7966198042222883,-0.01604032672094133,0.8865580223216254,-0.8485928684977333,-0.057704037208414535,1.041489367226482,-0.618416336277731,-0.09332788418202898,1.1154179067987773,-0.3694289296956729,-0.11014859321559627,0.5533093848644458,-0.7073240976681651,-0.12376660459482995,0.8187460767831772,-0.6655636234392082,-0.14825394564173633,0.9664626555635694,-0.5106611269768287,-0.1484887164393018,1.0620181120209036,-0.3357999743970981,-0.1423132335607954,0.9602304103458638,1.1841695564753385,1.207610943480201,1.1801557327280292,1.122896767077039,0.809133255188696,0.9267034373849045,0.6605363887678767,0.9230910682011336,0.6380039722500196,0.8909373050483433,0.6386418720540724,0.9016907294697534,0.7904552368898367,0.9161409135152155,0.0,0.0,0.0,-0.23467328723285602,-0.02208304223106549,-0.015050921863162823,-0.49506758632325815,-0.2029812988486147,-0.04640734091198527,-0.6936368197212646,-0.1735659127562358,-0.10191493494152215,-0.8367296961723998,-0.04186421494752255,-0.15037980506743642,-0.4391948657710884,-0.8539453524944846,0.04795450616757374,-0.5688134214378532,-1.2717670829038814,-0.04988764163289313,-0.6781640913197099,-1.2198203527950495,-0.123588038815675,-0.7032735853419082,-1.0637914239713755,-0.15896078680431117,-0.37024214624406926,-0.9289144785042474,-0.006216491757220227,-0.513340127184648,-1.4055566445072787,-0.08641098142094901,-0.649966636408583,-1.2816671125675807,-0.12649694378583853,-0.6766299370174246,-1.0668616467594874,-0.13814526905974847,-0.28359547973409643,-0.9480717549984558,-0.08048288260558034,-0.4254186144361268,-1.429687097454187,-0.15332785509102084,-0.5831042053087335,-1.2550323970996233,-0.17235838073173196,-0.6237407905450612,-1.024416668525515,-0.16692262587473167,-0.2035182911380854,-0.8979488589678356,-0.16074662433922685,-0.3575705064247108,-1.2059131713058586,-0.2049503065564161,-0.49760860116830097,-1.1063626107068418,-0.21133640568711518,-0.5520255213311452,-0.9315241487323072,-0.2065831051171997,0.8511658373795609,1.2851126259188936,1.2708681915754125,1.2109274328264301,1.1023366070271983,0.7582784751393987,0.8162492273264309,0.49839883178394395,0.6994265343930176,0.3754449492081998,0.7703906669835815,0.33184599191707453,0.8188687880205731,0.4528874787895817,0.7918257482783448,0.9505823459585139,0.3104725487860975,-1.5074449802870767e-06,0.448189479694508,0.11205735874226526,0.11657041795023386,0.08380221075316487
heart_with_two_hands,0.0,0.0,0.0,0.3451568630559137,0.1645677463736549,0.09835373002976419,0.5956209434890893,0.20170282127264572,0.10278870587245718,0.7781922550250289,0.32564152302182847,0.05399645513716566,0.9192390023046826,0.46555703430630463,0.0066778584301275075,0.6501896613871722,-0.6789242709585003,0.21544044541175453,0.9043524125982242,-0.7237684862333112,0.17281861958511283,1.0423586466580732,-0.49218045064894245,0.10629691732236304,1.1062684166613668,-0.2740749606324338,0.0622092501412243,0.6191675143905017,-0.7774585213826778,0.11040759327577156,0.942251856671217,-0.8179431232732088,0.07299290585391274,1.0829851594204254,-0.5698298768183733,0.013030467136947704,1.1276497390778286,-0.31023919300154357,-0.02406212192886058,0.5933577119400982,-0.7853221053478127,-0.0039310948402523135,0.9229841327524594,-0.8145891655229588,-0.03512153896477057,1.0700901324574914,-0.543543451323896,-0.06012539827395607,1.119038622821789,-0.265824634728482,-0.07134124285051384,0.5794963997990991,-0.6807744292026274,-0.11832039547345845,0.8608600851023412,-0.6093693345795405,-0.13302989724876713,1.005385357748545,-0.42862248288721105,-0.1256936685149338,1.0870794336545384,-0.2290640222370265,-0.11532218017519454,1.03043111819442,1.1414100422509217,1.1697953994730288,1.15238871424831,1.1169204208888102,0.8395568186150221,0.9423853547701828,0.6237179158576713,0.919949899309871,0.6290068461949005,0.889593421723972,0.6316656893003528,0.896616038563694,0.7922197644169805,0.9089083942526212,0.0,0.0,0.0,-0.24541322056861817,-0.03402534759784187,-0.014772960508890896,-0.5024484495473084,-0.2273067062276037,-0.04274114775689234,-0.701277421943366,-0.2345515847482364,-0.09441123991709187,-0.8502483267537959,-0.11573269814983969,-0.14015840903230406,-0.45017845283377234,-0.8451833008383465,0.06368749779629063,-0.5766212678555335,-1.2312835065076948,-0.023457352888273535,-0.6819183509617458,-1.2239810507866473,-0.09753210410833298,-0.7313455996705844,-1.1175686619539762,-0.1364335050830914,-0.3760816465313582,-0.9265103388297088,0.011882221337810125,-0.5149371463425737,-1.3721210004305624,-0.06480691140826554,-0.6396819390152556,-1.2975065043875753,-0.1100158844293853,-0.6771056040954828,-1.1112733021770285,-0.12594926192694256,-0.2857336754118269,-0.955678620268863,-0.05960987460896997,-0.4169851967945587,-1.4084140816236945,-0.12844225369227721,-0.5570265849090574,-1.2694177954562011,-0.14711679047455625,-0.6007847521612513,-1.0588062045647035,-0.14163134682680065,-0.1955543953882482,-0.9361354537648635,-0.13742838481197173,-0.33484727989735263,-1.243536465072314,-0.17366178963592374,-0.4683544133594978,-1.1680815439285335,-0.1750965320288293,-0.5306350144662298,-1.008671741163926,-0.16810639474029562,0.8694599784873012,1.3425498879551498,1.3073880708530605,1.225590606874148,1.1520642169396733,0.8021916168842347,0.7810430260304146,0.6024546305512588,0.6876829970307854,0.44463595648809223,0.7313882119792722,0.3484871608936285,0.8103627770298119,0.47216421185977686,0.7817680427431557,0.9158363162699796,0.40155179217516557,-1.3951827864637501e-06,0.4543286066009096,0.11574648526510208,0.12594047357442506,0.08176081316487138
heart_with_two_hands,0.0,0.0,0.0,0.33225477809038706,0.25531478963423504,0.07411452826690207,0.6244580053913718,0.3049897954565053,0.06950752223562084,0.8465190161869697,0.47735729219183315,0.013533324151639553,1.0217992123472355,0.6829816064317383,-0.040657731668257015,0.7090782220115823,-0.6177848187441579,0.21358694686572507,0.9952260786994838,-0.651636938530672,0.16730765023171815,1.1503698644005862,-0.3902819716130551,0.09271665413828714,1.221924646204666,-0.14623552213363333,0.04295491253182667,0.6862346364419876,-0.7176536135374116,0.11855511260181273,1.044479814925488,-0.7425275804398301,0.07102580634805719,1.2006672442558977,-0.454190779305494,-0.0025703859808119947,1.2422657522512608,-0.1559352200573664,-0.04535208208017392,0.6705139600787681,-0.719267835757596,0.01204540080088492,1.0214235227400734,-0.7461821287177337,-0.02198560209864405,1.1884559508113437,-0.43505063691120544,-0.05489537503371948,1.2434508319679702,-0.12517632407687862,-0.06943882732229113,0.661246028960913,-0.5948282500500564,-0.09736853539575664,0.9618054494764895,-0.5159399242414682,-0.11079777276507283,1.1172376321995605,-0.3113674027804373,-0.10587530659329254,1.2030702765299428,-0.09170721432001898,-0.09645963760923876,1.2297115744034925,1.231393435684433,1.2528355053317002,1.2516632272185406,1.210410164000566,0.8342742393901799,0.9360694963782783,0.6404306357978904,0.9206986128516728,0.6412856501924762,0.8851683587130021,0.6343166193324161,0.8982416303240505,0.7876431950945441,0.9115488255421639,0.0,0.0,0.0,-0.23138126064098757,-0.03069675807231969,-0.014398207389053567,-0.49637375982237447,-0.2400807014445057,-0.036854208003389434,-0.694099781322242,-0.2770789918765448,-0.08036280836300992,-0.8407751623474565,-0.17583236666327245,-0.11706996770172082,-0.43742936186022574,-0.8479681419059591,0.06365656464948888,-0.546395730885827,-1.2348846898432797,-0.020880762523869223,-0.6455671187272528,-1.215207596341863,-0.0926373523543626,-0.6863154038591368,-1.0913014075302971,-0.12994871980081676,-0.35941231932690054,-0.933034975602221,0.016386549942590714,-0.4752828052102275,-1.3752493406430875,-0.05928408908739809,-0.5981690252943513,-1.3052368028719534,-0.10393640986398774,-0.6345682115018876,-1.1107041809023614,-0.11936354562509585,-0.26942860494331805,-0.9647694766559463,-0.05005673818107647,-0.38074042971920347,-1.4013697876494844,-0.11789235322317212,-0.5214583282795999,-1.2932497465626052,-0.14118928074910236,-0.5720018431866238,-1.0960845462787039,-0.1394789904501124,-0.1793576351311876,-0.9500100096147438,-0.12203641898106105,-0.30785728778522836,-1.2444372948370441,-0.16077417807655114,-0.436246814641985,-1.2007047994715316,-0.16744112361718558,-0.5001709868054789,-1.0671868410166445,-0.16372490621464542,0.8669055727843036,1.29570608759464,1.2847522128982243,1.2442032912578513,1.1899010944595545,0.8407100356738115,0.7544934305794375,0.5581964920871015,0.6832365250380396,0.4378037074996919,0.72020908687476,0.3802513006195725,0.7844142167446092,0.5281455435288956,0.7456104340074441,0.8751342368259604,0.4838802202334147,-1.3805532458942833e-06,0.47662568648556636,0.08796486183720441,0.09583622550766971,0.0886114570258135
heart_with_two_hands,0.0,0.0,0.0,0.2794898422729265,0.27292985440160783,0.06834875848081089,0.5503039006269708,0.36638946389551347,0.061720632987843096,0.7617424621697552,0.5940317321543179,0.00968366729418091,0.9194060069570238,0.8657877048832505,-0.041523087126533666,0.7123977398982928,-0.566643180327102,0.179443676244808,1.0327479785547962,-0.5416927245532975,0.15792152045866564,1.1904328128837356,-0.28522205136775797,0.1093471765154013,1.2671558857436966,-0.051553955751913884,0.07459081698569586,0.6977567446785167,-0.7100467239840761,0.09470572852325457,1.0823313211058174,-0.7386195065667237,0.0750291884228355,1.228947367894474,-0.42123176677131163,0.03272937785173112,1.2674296929046278,-0.10668278037603,0.006052920305282486,0.679492092053543,-0.7384203606456792,0.00044188791732238235,1.0681081331413285,-0.7671659729103617,-0.02063376389057762,1.2171639022678298,-0.4342826993475586,-0.04365108030734602,1.2579366271360544,-0.11654382995861959,-0.057226697518973,0.6685989432320435,-0.6460958976861313,-0.09501716786634433,0.9815889142320656,-0.5270758279119403,-0.10774001603870272,1.1309131681340805,-0.2952563741645006,-0.10351317343334074,1.2120449502483455,-0.07415147363898973,-0.0973886879007725,1.2635742646636101,1.2703958592136373,1.2719260512817958,1.2646192775301128,1.218210145663047,0.8383582120058048,0.930018239608272,0.7009329347401381,0.9260964196618022,0.6152042185387997,0.9008493810797746,0.6112612935516617,0.9065160702340234,0.7971457091572985,0.9297265307949863,0.0,0.0,0.0,-0.23453128010617733,-0.04734982665938257,0.004079350373240335,-0.49770502560599017,-0.2706854475499315,-0.00551565880032981,-0.6891747788967231,-0.30669606852914877,-0.03818411341829616,-0.823161290150018,-0.21214888809372368,-0.06199985909869905,-0.40399403348331275,-0.8788360879888535,0.08877366480088318,-0.4750707638305508,-1.2905406172815763,0.019748821468766192,-0.577716377411479,-1.2781172135986736,-0.03643551165993843,-0.6241296538602191,-1.142604525984605,-0.061789960090339206,-0.32233443050855337,-0.9459637224066725,0.035399870045502664,-0.4077356504891995,-1.4062277287338836,-0.017428308669343872,-0.5461286763219336,-1.367842077216627,-0.03981071199060514,-0.5992121589076753,-1.184326969352298,-0.04200102069561661,-0.23420510393801955,-0.9588911068701089,-0.03791891434074628,-0.33116676003241136,-1.4044805631940918,-0.0913928900530998,-0.4870702832475858,-1.3261888739082988,-0.10059792771880897,-0.5502635382642828,-1.1438775056823005,-0.08978499624857003,-0.15644055587073594,-0.9289953240256009,-0.11613468383148226,-0.2781105392122035,-1.248954844623396,-0.15248043755448074,-0.4136688239385369,-1.2175998335591378,-0.15485982575305066,-0.48286666375499626,-1.0729720660742577,-0.14688206512390148,0.8523178062489978,1.3034189375623426,1.3279494220253532,1.2725199625547903,1.18575023111809,0.8302959483757353,0.7483633403556977,0.5388007873718414,0.6521093299827819,0.47829181898904477,0.6740626592777004,0.42274576266493546,0.7520433745298521,0.5436440239116582,0.713707095226423,0.840062828634448,0.542489118733897,-1.4176460491297918e-06,0.48263096126325306,0.06673539566547944,0.08144751375212768,0.09635827014957374
heart_with_two_hands,0.0,0.0,0.0,0.272958712261469,0.3073414205070669,0.07861236971482653,0.5276972839277058,0.44420417387025213,0.07402420544274463,0.729642282809534,0.6845590724277402,0.014363237824673008,0.8799377406731765,0.9544432772912975,-0.0434620800635429,0.7274290741363836,-0.5593000698362419,0.2536624513813503,1.0332526564236242,-0.535960948498608,0.23743691987798404,1.1738565932753156,-0.24801036739661975,0.17964440703438683,1.2298926290481784,0.009384148245971684,0.1384940495171451,0.7146597708264267,-0.6809521598430941,0.15989236369303117,1.0737831318840572,-0.6837242847989793,0.14495962824200959,1.2157232279741612,-0.34714954657530467,0.08702776645006106,1.2458329713350127,-0.015589148238642518,0.05104187764765967,0.704662280577108,-0.706562502369832,0.05302700317466974,1.0755737224974389,-0.7027684526369488,0.037679766250347906,1.2218204681589722,-0.3424678429692836,0.010696351195371188,1.2534797071072266,-0.004423454341453873,-0.0023030245066816943,0.703743125284017,-0.6061220962204052,-0.05669236454865708,1.0117883374160788,-0.46202867534458647,-0.05838512239508937,1.1495328186427076,-0.21033700834689642,-0.04634710622550125,1.2169929535249497,0.03646476496735889,-0.032858348301111076,1.2989000536727284,1.2377013141210604,1.2469755760567371,1.2534896277990528,1.217982429703558,0.8682393332565062,0.940360069110363,0.6690728865373319,0.924340215806984,0.6250843847254112,0.9013985325312933,0.6265459962745432,0.9066051143680606,0.7981645382553361,0.9255436833008662,0.0,0.0,0.0,-0.21452773257042523,-0.05366751344509857,-0.012788417339234278,-0.46918503167861014,-0.2968696267086121,-0.031596372875465885,-0.6627115504014751,-0.3511078577574455,-0.07119171997632998,-0.8029287466439287,-0.2646491554651211,-0.10263040959014426,-0.40599345927645686,-0.8779783503290381,0.06734770232521724,-0.47380402356523915,-1.2967654356882141,-0.014182006859587116,-0.5767134816897383,-1.2968874594101842,-0.08028982271556583,-0.6249699236282964,-1.1734819560953218,-0.11296355477562138,-0.32155017814543874,-0.9466872575572558,0.01971596595043088,-0.40163117091452033,-1.431382793785737,-0.05703873306453207,-0.5292488805771153,-1.382806367918725,-0.09804562494064291,-0.5742085328766929,-1.1888655416467053,-0.10877203395609947,-0.23059880598003163,-0.9647756624799803,-0.04746754214637391,-0.3164719854420808,-1.4353177603268017,-0.11411930269705504,-0.45990000549198995,-1.3480749780127772,-0.13879924968662877,-0.514830261484599,-1.1558939439502653,-0.13719061406421879,-0.14477625084099155,-0.9308537841542253,-0.12021245934810103,-0.26054500339173575,-1.2538996483712093,-0.16118748342182235,-0.3985552657037636,-1.2319777643474148,-0.1743346141374405,-0.47485710500141937,-1.1025865318216657,-0.17533981738134088,0.8516259440906159,1.3343193288822603,1.324744530358312,1.2727773852439856,1.213231380192657,0.8392478920988553,0.7422275919796962,0.5755201315498794,0.6400757914204864,0.4541435406555393,0.6848957413231298,0.39275445573057843,0.7583737287324053,0.5623048027962543,0.7188391746439853,0.7953757673191653,0.6061166461661261,-1.332704633077174e-06,0.48185442460754224,0.11471936825515858,0.1020160398311001,0.10452658511412757
heart_with_two_hands,0.0,0.0,0.0,0.26676222566162844,0.36983325625094415,0.03941870770068563,0.543435819308143,0.564398459538694,0.007791822939121905,0.7464201745066399,0.9005465492577786,-0.07568653275741719,0.9039659126977118,1.2492199614917145,-0.15881312521733787,0.7952432207137047,-0.4657839899836273,0.19301697772037404,1.0945660797121433,-0.417969669965039,0.13305890442654064,1.2465708980502541,-0.1171629791101317,0.045746818803148855,1.3050452268232196,0.16843177148014823,-0.012533291969209475,0.7955562315067349,-0.5972834572966299,0.10169933210492316,1.161878771279378,-0.5788259514375297,0.0364014946805192,1.3038267205217804,-0.19296049895986547,-0.04553009021303472,1.3155656732876237,0.18240476891276466,-0.09160010540444045,0.7867915799594847,-0.6520208703853936,-0.005934423446736678,1.1913625714023333,-0.6274372961484155,-0.06817578026380361,1.3326607437752753,-0.2051450379606533,-0.11087222316243589,1.34619322043779,0.1809186663306768,-0.1255003576870075,0.7760084280080728,-0.5762334814653449,-0.11917620124971501,1.1160094150891335,-0.37426850739861395,-0.15999337852565565,1.2600810167989809,-0.06454991717361912,-0.16343115886039364,1.317873429201416,0.2234308420287107,-0.1555347651047895,1.55013757204,1.3159290972942252,1.331305794986615,1.364081408992552,1.3456978783222335,0.8644719352048076,0.9629833205678031,0.7069462086971973,0.9155981029609787,0.6354428396349061,0.8963195887508326,0.625006805554758,0.9067630129824633,0.8073129201000391,0.9235477005533274,0.0,0.0,0.0,-0.21717088529987993,-0.0956995960421367,-0.016597719565148047,-0.44784376516253815,-0.3304782436124158,-0.047489590576957896,-0.6344407974156675,-0.3980798903809775,-0.10033218724589528,-0.7745541856714387,-0.34662959189859405,-0.14567590155594753,-0.3843452937789717,-0.8885009050097338,0.04867702490592707,-0.46639206921465676,-1.322036698938614,-0.048388854039595766,-0.566051555900299,-1.3210846095379258,-0.1244626309282519,-0.6030814706133493,-1.1826616512997628,-0.16121627180329623,-0.29506593821776234,-0.9554761523656645,-0.001189270439072029,-0.3845936854196463,-1.4537633343362197,-0.09645857970432709,-0.5090364834034481,-1.3787261992802544,-0.14791448997603082,-0.5436741556644229,-1.1551919867643645,-0.16219188358599082,-0.19919760553926608,-0.9721245195988851,-0.06960475381268161,-0.2884295922961343,-1.4793628737629148,-0.14355832746934283,-0.42811359765882284,-1.379812971624629,-0.1668826913770791,-0.4725337528461748,-1.1688907621809979,-0.16290279860785983,-0.10575686516683128,-0.9352371826302448,-0.14413818290755892,-0.22228836582857858,-1.2583146986450098,-0.18728070599722388,-0.3637405708876441,-1.2357057568655256,-0.19841101993966181,-0.43949106599704585,-1.1095334083590382,-0.1961096266123302,0.8609922931217617,1.337305697268353,1.2869950741643088,1.2712714435891483,1.2094113307746341,0.850535437239549,0.785937019217777,0.5861728675687267,0.6161409969325208,0.4133718019994649,0.7146790325346645,0.3679344867774803,0.758814612913341,0.5622170501306705,0.721220014417077,0.7408343539071578,0.6716877697780986,-1.219851680946782e-06,0.4969893738460776,0.0799180834588657,0.07820404190790287,0.08523610304669979
heart_with_two_hands,0.0,0.0,0.0,0.24515703362084407,0.384768706561957,0.05057296560692821,0.5757674422531883,0.6375761746003303,0.03694268327147525,0.764824120102267,1.021785964697697,-0.025420408314930264,0.8967934947516011,1.3865712851829606,-0.08617461972501622,0.8948783214988844,-0.30985320624787155,0.20408883527467,1.1997697291451248,-0.2968994328194947,0.15561910422295475,1.3385918441438545,-0.012064636381700893,0.07708344802166615,1.385905537849822,0.280571112800004,0.024750886761368836,0.888934351021345,-0.44490387321670843,0.10888646918249877,1.2554282579141856,-0.43880814630669485,0.05524490920144311,1.3897606464771044,-0.07577333096385237,-0.023553402363743182,1.3851605517267667,0.2871656195929749,-0.06842025574095618,0.8611222432498099,-0.5259067874427583,-0.001851395658319357,1.2631639447797949,-0.48913256028489577,-0.05442353822021363,1.3892134035842427,-0.07907323744482163,-0.09749487245493002,1.3866961570259988,0.2927508930483025,-0.11424633734055188,0.8169144271128953,-0.49754549118307356,-0.11749970429786755,1.1512992906042139,-0.2817267964011539,-0.15922669851559745,1.2895755776884732,0.040990862764139345,-0.1692481392637189,1.3465917782240517,0.32953608628869807,-0.16523967129875342,1.653555129473302,1.4142372204040279,1.4162680461451764,1.4218584820181592,1.3961402502320481,0.8497403962760143,0.9651624413969818,0.6644361333876229,0.9061846818273794,0.6242247348951147,0.8820999444102802,0.6266642752292066,0.9016139838921027,0.8102244665195855,0.9319135699852927,0.0,0.0,0.0,-0.20860769364456078,-0.08389841622658792,-0.017094197335828887,-0.4404335316586473,-0.3381144686526338,-0.04409135281933192,-0.6300626454722903,-0.41829037917587947,-0.09285719513079026,-0.7714983334070988,-0.37339618378346356,-0.1338234067287084,-0.3672977507224644,-0.8957141682036257,0.05116617130962655,-0.4387756280327032,-1.3178212908591476,-0.03984580616887,-0.537606984999698,-1.323781773440382,-0.1090828255366699,-0.5698749079207578,-1.1815541475661844,-0.14065391403324828,-0.2795603372762886,-0.9601264830811497,0.0017760372154593984,-0.3607583302841767,-1.4464198634905647,-0.08354440944800542,-0.48672903143069624,-1.3941339067120484,-0.12615641142757972,-0.5245826430780913,-1.1786023479176915,-0.13463284394191952,-0.18449531225559004,-0.9681809744675677,-0.06647937449989995,-0.27384180734721714,-1.4635172075196563,-0.1387618068253006,-0.4127871201189344,-1.3761174605153075,-0.1547434408682057,-0.45574841924179327,-1.1701897529813332,-0.14414286900665169,-0.09596925351522113,-0.9230973952066355,-0.14088710995228237,-0.21999797523302217,-1.2491069647237807,-0.18747327081749782,-0.35317866104292367,-1.2247616003023187,-0.1946759605686782,-0.4158068163821593,-1.0893271556254818,-0.18694944219016962,0.8674924165100594,1.3193222266911966,1.2970799692400545,1.2640521533185944,1.1808806266800151,0.8558769030029936,0.7818862270182592,0.5970980119815144,0.5807974663542669,0.4482975729528027,0.6755796199040731,0.38467770283161795,0.7402303986959373,0.5598429139883614,0.6937402150745396,0.7092368175361929,0.7049703090555706,-1.107426675566057e-06,0.5239582230889956,0.08457173459888107,0.08895359808777448,0.09534140317991693
heart_with_two_hands,0.0,0.0,0.0,0.272912973361504,0.4395459810218427,0.049592914821587154,0.6034124890235729,0.7289988067289476,0.03877312329648513,0.7927000670208705,1.1083273479128053,-0.024730408320638,0.9244451012782016,1.4914242576187333,-0.08745498283917535,0.950697455553927,-0.15425498637461824,0.23114002575939163,1.2640234674689905,-0.17003117517868557,0.17603607744632,1.4182564545633094,0.09080509490840905,0.08747924812582385,1.477233639893935,0.3817412491379825,0.026884600085075608,0.9464000223728583,-0.2973072900617959,0.1262353869909884,1.318835936588221,-0.3082308343401942,0.04904648853794664,1.4615831355027245,0.04537153207542206,-0.05207853976059004,1.4609844665634348,0.41706019204849076,-0.10829901916958441,0.9209198067712405,-0.4164763095107138,0.0020181400673833457,1.3204184421940055,-0.3580177301648464,-0.06971682901947,1.448978629823104,0.06458682148495033,-0.13174835858784412,1.4468396506189316,0.4679863620774897,-0.1583292933026695,0.8723201507948662,-0.45261499609532146,-0.1280809816389097,1.2007358657754803,-0.221781416609056,-0.18307255555451044,1.3419571801826742,0.12151374602047872,-0.20662408117895495,1.3987632889985266,0.4468623646190518,-0.21171747807437366,1.7568703525059137,1.5259975065017128,1.5232017242913896,1.5288637528607176,1.4835932738069013,0.8706608178907607,0.9585506819884617,0.6623375176650184,0.8935410812394756,0.6242229500644882,0.8750893962184915,0.6450796757354813,0.9019900296148077,0.8187170833933599,0.9291926519315917,0.0,0.0,0.0,-0.20754606656225155,-0.10669431964664548,-0.011269803504204558,-0.43466585365167504,-0.36748772241402317,-0.03861544047053206,-0.6154247159324818,-0.45646645909100997,-0.08657523076220039,-0.7517599952756396,-0.41808095044047494,-0.12748133350207178,-0.35303457166136043,-0.912116655546668,0.046115954669635126,-0.42074727746640395,-1.3188217500961978,-0.04506566902168383,-0.5125970068608354,-1.329377743155725,-0.11654058312508588,-0.5497161192709047,-1.1867511757354703,-0.14981093593231715,-0.2611920426590612,-0.9652786780147125,-0.003973741531144148,-0.3421645978661287,-1.4309583661294418,-0.09107836691137221,-0.4615233163048341,-1.3905129998448411,-0.1361733932339034,-0.5059318438771158,-1.170240894770004,-0.14566481922636762,-0.16321521594751737,-0.9634482510572232,-0.07114956341007417,-0.2492465921117178,-1.4408765790010156,-0.1403665034082007,-0.3841950322914709,-1.3811050329430004,-0.15535182859754434,-0.4379852344246258,-1.1855541650919148,-0.1446588371680169,-0.0709358631558638,-0.9073283947787455,-0.1438781401059241,-0.18708626141541532,-1.2256204198210694,-0.18928277647158734,-0.31944430597717915,-1.2406007265552905,-0.1978849403986168,-0.39580642828261975,-1.142264098430837,-0.19089409604197757,0.8695897090062112,1.3164381798704796,1.2832182285181457,1.2721226053771644,1.2238752204115997,0.8659797633328632,0.7745750066660716,0.6121574425117172,0.577971365058723,0.4740350514899224,0.661632083888105,0.429859863322338,0.7143063641526104,0.6485635573942432,0.6722457950275333,0.6846150600063562,0.7289048083332043,-1.1081363863847462e-06,0.5495999362417283,0.09209028290362394,0.08793526128855841,0.07883279741350681
heart_with_two_hands,0.0,0.0,0.0,0.2832894284976777,0.48654795344865237,0.065994735531054,0.6157794655284067,0.7671223679344713,0.07069763855241773,0.8057698870770984,1.157490034371199,0.016716641658068323,0.9331369348130606,1.5374683390555886,-0.038259209150152955,0.9578233638061545,-0.062374065393716135,0.2742007577268462,1.2844899187991596,-0.03753315583844088,0.2218476895641747,1.4277071798975276,0.2584224095516112,0.12759827359310638,1.4655317092845899,0.5690235300233968,0.06151258944862614,0.9648101642557981,-0.20590899074671065,0.1635323652319957,1.3507127622368003,-0.1993459239517828,0.08129585276668341,1.4759993992093012,0.1922684658952252,-0.03942915689957824,1.4485352211403641,0.5907693888786301,-0.10797239028533182,0.9458275492593018,-0.3221305922886729,0.033267951373967826,1.3579903922894236,-0.2791512713724839,-0.03830787811981466,1.4757861725178396,0.16765039273774443,-0.1187699492450004,1.4554212103311195,0.5914939244730862,-0.15825817037314302,0.9007631033840922,-0.3529947932473104,-0.10135517823467459,1.2358640794939426,-0.13267940218590535,-0.1552380595174163,1.3781820171317245,0.22253305744173393,-0.1908778652320621,1.4279835042834013,0.5717428956003873,-0.2071262694684357,1.798893326408061,1.5733260206643678,1.5680946383379164,1.5789748606802227,1.5520722015031805,0.8608512935232985,0.958923625346872,0.6742782690554214,0.8957810905793183,0.6171602558358483,0.8771176755122432,0.6215718308463566,0.9002790208836204,0.8072850151412482,0.9225354440793899,0.0,0.0,0.0,-0.20676716489721075,-0.09723012879235166,-0.01750578103637856,-0.43183712842946964,-0.38840596069216926,-0.04604297201104526,-0.613249008895957,-0.5038283068468211,-0.09298459245541242,-0.7609027065990975,-0.4748038122080216,-0.1347828487251197,-0.34271778443421674,-0.9176758437143436,0.04553569669362917,-0.40151868375329436,-1.2961083963216258,-0.04092307839192709,-0.4945230738512162,-1.3489112736578015,-0.11292066210698956,-0.543224643058058,-1.2469662065520815,-0.1479169982395024,-0.25011140169177287,-0.9682134029544583,-0.0026632842740001534,-0.3185733542867811,-1.4237446464640173,-0.08625113975726342,-0.44286862244974406,-1.4362182779497912,-0.133992893079566,-0.5071444666330414,-1.2478885694224584,-0.14663291582292468,-0.15073207579304732,-0.9614509000339467,-0.06811401328192827,-0.22546861008584523,-1.4227405727687872,-0.13980813103672876,-0.3647368808713243,-1.409386872020807,-0.16115866620236377,-0.43476593416201803,-1.2423371338512705,-0.1550496101813872,-0.05751121060242439,-0.9015565458174852,-0.13880758624772185,-0.17123584658124727,-1.2255230276106146,-0.18725127896771843,-0.29875586920093367,-1.262689627753823,-0.19758749856224136,-0.37732801827601997,-1.18061701677127,-0.1922882399614325,0.9069608620594171,1.3681729318608182,1.354962214873343,1.325316321966557,1.2542757834278182,0.8826341960499869,0.7646669583295989,0.7152236210409981,0.5348488222535449,0.5937913641469695,0.5752270391217107,0.5275276779090522,0.6529079101068942,0.6990647351997802,0.6508192631058739,0.656871744672775,0.754002328278602,-9.958204814936075e-07,0.57432838599037,0.09506856765167862,0.1010135665957501,0.07459728232436441
heart_with_two_hands,0.0,0.0,0.0,0.29498430298283385,0.5007244584715068,0.06810742029156004,0.6017558128075409,0.7875048480093635,0.07359551067043012,0.7773328184970832,1.174916849608087,0.019183332301157072,0.8925970010933131,1.557425224554807,-0.032908357526718654,0.9407714997563598,-0.0869496814691815,0.2993360515431057,1.2616219507239432,-0.0498290128178952,0.2574335683647828,1.4215869717752305,0.23617848094966123,0.17293862544269414,1.4883222600512496,0.5355138738816025,0.11249848124772956,0.9515570744736686,-0.24354120552493613,0.18768807961768375,1.3332277207343894,-0.20842143362866591,0.11902831456487947,1.4750551872740656,0.1643556299405822,0.017424732348955172,1.4912914618983217,0.5547076949972998,-0.040280751266650545,0.9435480240056521,-0.36641360362442493,0.05258650450135769,1.3519724464284182,-0.28101299176461514,-0.016934130638732822,1.4811137868231576,0.14187317738754268,-0.08552503206020037,1.4880545511015932,0.5591323593788298,-0.11780794275385646,0.9179809087388179,-0.4019232835895483,-0.08788525295772068,1.238556001929612,-0.12644094018691399,-0.14046612483384086,1.3860344948011485,0.22407111605779095,-0.1690113086684863,1.4580070442841169,0.5687228959140675,-0.1809677799572276,1.7953789840686767,1.5857282765867504,1.5916260208172825,1.5939931159621101,1.575429976514868,0.8672989933330771,0.958059853187925,0.7024876547223756,0.9079738366364418,0.6532203223380842,0.8943838907613834,0.6647071718806571,0.9082641655607363,0.852669127615598,0.937477198826003,0.0,0.0,0.0,-0.20977078424879425,-0.10282474253596803,-0.01992993977433918,-0.4294527496417732,-0.39233744108620644,-0.046138637329231603,-0.6075112652751282,-0.498962681874262,-0.09115853422504759,-0.7559998772961867,-0.48941263688512854,-0.1291343951798897,-0.33628108457436007,-0.9250782659350986,0.05543700619880104,-0.3838733124521924,-1.3043911894756164,-0.026105300430244085,-0.4714381715197703,-1.3531069520580528,-0.09293097239633237,-0.5231314264639053,-1.262723015678272,-0.12421793814080274,-0.2517348890620834,-0.967728487644819,0.01145075672485589,-0.31256480513268325,-1.4151233090732278,-0.06613841977074274,-0.4328503135727156,-1.434958001820595,-0.10872004677132509,-0.5002977152993011,-1.2754923554199573,-0.11774264462109772,-0.15830344839239674,-0.9631595301090952,-0.05110179728796503,-0.22331631593484325,-1.4139884888637784,-0.11978488995451861,-0.3583772670982375,-1.3946202636500191,-0.1373927723413065,-0.4275839536357151,-1.2355859743234707,-0.1272121236450852,-0.0690998922231077,-0.9102838050461639,-0.11960216665905375,-0.16372968631470639,-1.2410218258239818,-0.1623823806653263,-0.28460266797918843,-1.2700878525440165,-0.16891086235138578,-0.3593981873050809,-1.1777419102477884,-0.16036334637601443,0.9098001075143813,1.372430690356982,1.3751515854736964,1.313652793455684,1.2417566053994644,0.8715529783953705,0.8127599627679135,0.7035443423413758,0.5540823076008158,0.6068901021300201,0.5765749140787348,0.5063207030531751,0.6712547083665281,0.6645664145329886,0.6396583512184532,0.6503407261765005,0.7596426395847147,-9.946298168374953e-07,0.5790767985270521,0.09801664638417151,0.09884628084658119,0.06992397897219514
heart_with_two_hands,0.0,0.0,0.0,0.2688633807934559,0.49483208990860833,0.07127845022891084,0.574051709799966,0.796862933230058,0.07627702052866896,0.7422813516555282,1.180493303118131,0.02162703902930434,0.8538112787922605,1.5531885968550352,-0.032533146685042896,0.9533179872598339,-0.06466976454161147,0.28589211918801666,1.2592343851516434,-0.014480541175453302,0.24157556174342362,1.4204958820673848,0.2722853405617274,0.1563474719094715,1.4818308246598357,0.5695398071455413,0.09813145336648003,0.9600870114807771,-0.21942527102508952,0.17345166710492002,1.3313067234709168,-0.18502185575288668,0.10830593023009617,1.4731134420124057,0.19340581021644562,0.010699754393323853,1.4758240763192976,0.5820772109621818,-0.04371849370245849,0.9504993308631348,-0.340454120629006,0.03976065660986161,1.351357783780904,-0.2465786037030749,-0.02592908119707577,1.4781083834450843,0.1992789712392557,-0.09197963247549552,1.4740618759609116,0.6223968160563013,-0.12161214525450968,0.9209768937188642,-0.36956391339021366,-0.09857159611371397,1.2451223793392485,-0.09939508564143937,-0.15009656888184159,1.38275476425696,0.26989733222972584,-0.17501932417141824,1.4356816274524618,0.6217778494817068,-0.18211882847336508,1.7726948194279293,1.5905432930213645,1.58706707182048,1.6046886690794036,1.5751052971770352,0.8720316849312028,0.9612619182374096,0.7186883711173357,0.9020083739192268,0.6513348109029227,0.8858048897688892,0.6655430060185655,0.9065015215135984,0.8344245002575786,0.9326097644291931,0.0,0.0,0.0,-0.2091465480523638,-0.11899044165914367,-0.014456512266063263,-0.4213296659143784,-0.41176388977283346,-0.040188808626976366,-0.5944803650377654,-0.5194641373653043,-0.0850078819172728,-0.7396559278590068,-0.509207722191991,-0.12385233142137501,-0.3166315288351131,-0.9325850176252644,0.05404763006436492,-0.3599530920505664,-1.30939929252987,-0.03348043600959218,-0.45214022107282836,-1.3713529558160795,-0.10389851104323128,-0.50239993528281,-1.2712744403217178,-0.13514912932159098,-0.22773837641522596,-0.9736970341457544,0.0070226493233269,-0.27454489546636557,-1.427527006261142,-0.07725171185614926,-0.3981092897633166,-1.4609047790047678,-0.12276054518072384,-0.46579938797705484,-1.2828583687526685,-0.13147794278516076,-0.13304485254187542,-0.9637576029825132,-0.05817954217841706,-0.18707744454037248,-1.4112184176669667,-0.13208636473802332,-0.32884299011639007,-1.4116219650903985,-0.1544669252795576,-0.4035964137569248,-1.2552855343572158,-0.14588621016309183,-0.04640006542198341,-0.9047286205855689,-0.12810110039724515,-0.13468872705121537,-1.219231768899876,-0.17896914574116046,-0.25783442013774355,-1.26482370154438,-0.19135273484093895,-0.33584902177319315,-1.1856835679491322,-0.18463668802406402,0.9064892696306086,1.3736119119838226,1.371124032886002,1.3266177385666458,1.246086190957548,0.869661680198111,0.8057685874610692,0.7270916932208792,0.513195161501401,0.628550881350812,0.5346987424935967,0.546267847975912,0.6363351161958621,0.7019064565416674,0.631987711496144,0.6370682202651838,0.7708074225947901,-9.633405824720915e-07,0.5830760880320484,0.10080997349049135,0.09930788911917417,0.07585799811070806
heart_with_two_hands,0.0,0.0,0.0,0.2820310674989148,0.5120178247399154,0.06528511091372,0.5928256278567395,0.8387238913287048,0.07363886394541234,0.7536046264008078,1.2040660896118662,0.024211072422061008,0.8610556378039045,1.5710172915926002,-0.024887570439036426,0.9550945734026692,0.009473635611727416,0.2810782795826909,1.272190044203398,0.04566972340579017,0.22751532129909074,1.4324724229210877,0.34489782984767475,0.13295341310289133,1.4931825264498373,0.649833909383704,0.06683170656346378,0.9719436444179633,-0.16326339675622542,0.16932399521375252,1.3719096722107778,-0.17015149147815137,0.08341662932539377,1.508235155043851,0.23242234715183574,-0.03580889761653127,1.490671961049519,0.6441662077777223,-0.10271490646654345,0.9648681109723294,-0.31431506787142893,0.03608611879492759,1.3907537593447457,-0.2865145646534306,-0.05119058788081694,1.511400456896884,0.16564442529600099,-0.1383910257862804,1.4962739663107556,0.6009688196959299,-0.17960539104397283,0.9306729779495729,-0.39020548102578745,-0.10069280684416537,1.2552878964802026,-0.12691550215424868,-0.17597416013578218,1.397277740427152,0.26269945410041123,-0.2231739681131479,1.4550062691686814,0.6367384379978333,-0.2451762585544243,1.7916839936325812,1.6298296365210112,1.6271457681204782,1.6224233112841104,1.6070440191553035,0.8812479124364175,0.9590104070301295,0.6989392962602354,0.9066462546243492,0.6115279839507993,0.8798927448988585,0.6121526819698191,0.9025986693653458,0.8288078813158917,0.9353015214119422,0.0,0.0,0.0,-0.20101676855759767,-0.13924389133263948,-0.012987314822003174,-0.4076238800831949,-0.4382601972621426,-0.03924489127795963,-0.5801686812190496,-0.5387685815409414,-0.08470560284016132,-0.7247337126572075,-0.5162260908082088,-0.1252895266270847,-0.29443016183855975,-0.9438021318584843,0.04779659401950444,-0.33578446608718837,-1.3259839691514483,-0.04000435471266267,-0.4224135346621885,-1.3834784805772806,-0.11054962558479199,-0.4751508911365434,-1.2823314357143887,-0.14224864942767038,-0.20632367494854809,-0.9784824742604823,0.0016089502199523997,-0.25321922616420267,-1.4348999404541127,-0.08601050183032322,-0.37449790056916277,-1.4645766164711738,-0.1348517592809898,-0.44620405399109814,-1.2878188421089183,-0.14563526785197,-0.11013697646973414,-0.9640482499742512,-0.06135607080571076,-0.16051607461161044,-1.413598258317414,-0.13389118983337026,-0.2990280642154506,-1.4027884741030556,-0.1592187440499022,-0.37740652919826956,-1.2366667913802858,-0.15337709350549064,-0.018574791225481575,-0.9004910012853374,-0.12867551330137178,-0.09988663912361247,-1.2200609973367067,-0.17491524353973573,-0.22096170952453506,-1.2681600194333689,-0.18781768033130575,-0.3038916625976102,-1.1914221447687972,-0.183180506310779,0.898568748942152,1.3749098001807873,1.3706878051296585,1.3020387759189385,1.2431379519321635,0.8538374485791591,0.7892209889550382,0.7214157540468464,0.5211871548594891,0.622506742267042,0.5496293713433421,0.5194732971355805,0.6600137928288984,0.7017133760637168,0.6396797704243403,0.6190398049002708,0.7853596118646662,-9.030280992028605e-07,0.5825176363948467,0.09802659049061233,0.11315350450376443,0.07356146238885754
heart_with_two_hands,0.0,0.0,0.0,0.26851927964597594,0.506394472622736,0.05131598542253549,0.577280827241353,0.8442548484910118,0.052991604046226305,0.7329731526039079,1.2404067360788311,-0.0013078090208841744,0.8339791967304938,1.6400651572413254,-0.053531416886652076,0.953225174504039,0.027907016542791565,0.2737594685995808,1.2698128283133983,0.07120479181525508,0.21939611713181037,1.429583011998748,0.3772646511949454,0.12526731551697312,1.4956972779617828,0.6863781556918698,0.059024440963922,0.9756733208817739,-0.139564319345462,0.16906617546147085,1.3811198501997668,-0.13832874577838994,0.07958222146960468,1.5136623500284863,0.25775870948777047,-0.04081179746799309,1.497562090878235,0.6625504872365358,-0.10668580687251535,0.9760330990478,-0.2850556674012134,0.04197775934689004,1.407372855525869,-0.2503197558654904,-0.04902871376231184,1.5220098738743904,0.20774581999848418,-0.13906893773205506,1.4991483178027745,0.6488733303100586,-0.17902585755462966,0.9515138073478382,-0.35784035464119185,-0.08981684661452445,1.2791741370122247,-0.0843946094764681,-0.1637692241997405,1.412485727848029,0.31496455520941946,-0.2108414229940651,1.4598434842673358,0.7018672388892755,-0.23153865361932083,1.8407065581374302,1.6467268153960337,1.6410506468604196,1.6433297098366246,1.6362673277015884,0.8766111528571682,0.9599217165602633,0.7026301392250706,0.9142263186741584,0.6172764462802995,0.8812221479869098,0.6124682079391722,0.9013391113184774,0.8247033708046924,0.9337872400906447,0.0,0.0,0.0,-0.20168192771453614,-0.1540706396681634,-0.015963337003989095,-0.4071629400111626,-0.45457662120393333,-0.0412788740720151,-0.5805497527540274,-0.5518771633125317,-0.08638246436619991,-0.7248619554315234,-0.528467970617762,-0.12375001964988225,-0.28272549011562725,-0.9540846679886884,0.05538124418070107,-0.31265591524946673,-1.3525399114186292,-0.03246952817979778,-0.40609755441736867,-1.386457745829067,-0.10157784869487663,-0.46097367898134495,-1.2642088227777046,-0.13147473558304504,-0.19528301350530566,-0.9806708343360456,0.012217173115360986,-0.22198489743603525,-1.4395085853747505,-0.07072260466402364,-0.34184521154719744,-1.4374434081114271,-0.11177988909296963,-0.40513076598017367,-1.2432742536974064,-0.1165435833832454,-0.10366830951731326,-0.963733369231844,-0.04954050489527389,-0.14578002143556718,-1.4060614595654817,-0.11443635278247104,-0.28910315849404244,-1.3852875749726115,-0.12985251068682202,-0.3635252411378482,-1.2165593747439454,-0.11720195919265322,-0.01989063558752155,-0.9033481801104528,-0.1174468277063091,-0.09616646853750851,-1.2329535241358422,-0.15326255424617535,-0.22206946821889206,-1.2751836351500958,-0.1581043089160545,-0.30370585118078935,-1.1889614530553376,-0.14800571947025334,0.9055480758989075,1.3520378272811813,1.3128001425496316,1.275109255107305,1.2360308547478962,0.8473809695698488,0.792050238164588,0.6492480595811506,0.5586890117436111,0.5304800264723686,0.6023708749230843,0.489519634680405,0.6737600002874945,0.6756177812280304,0.6365825316631336,0.6137973457915844,0.7894636269634476,-9.615878562296258e-07,0.5857699470969472,0.08674209784653333,0.09731405168956717,0.06680408496754645
heart_with_two_hands,0.0,0.0,0.0,0.284333717467866,0.5316195457358254,0.060113666186001335,0.612899886188118,0.8495382282793523,0.06990405531606365,0.7937796060117672,1.2645445197611216,0.021163319570659863,0.905217134809014,1.6678039725713492,-0.02513577634146343,0.9505536490316392,0.057454393419774076,0.3047233216346378,1.2511330715440336,0.10894478143795529,0.2587049208015369,1.4086423110741177,0.41222638629382186,0.16507104150185933,1.479228422939721,0.7265886598931747,0.09583237471884266,0.9742241503752072,-0.11261877109556645,0.19545924696117617,1.3611744878948309,-0.11086538720551463,0.10560122135012667,1.4938312590945007,0.2829651431854263,-0.02088433165319675,1.4925717504353107,0.7111143857851868,-0.09105246525702436,0.9739165200956754,-0.25699013232734513,0.06287984758497671,1.4005729043306885,-0.2477807905316111,-0.03244908950162148,1.520520450495523,0.19593874740590864,-0.1275119753129003,1.5075894707715554,0.6657010545787445,-0.16929984834649567,0.951174344754652,-0.31377545706495746,-0.07400711737808073,1.283217569025418,-0.045601206706957345,-0.15289908260379628,1.4236002446069198,0.35311535490229395,-0.2047620397874454,1.4808933948295304,0.7674042047427525,-0.22845749759214729,1.8977934448534968,1.6508275657870348,1.6558214430600762,1.6566974211058147,1.683492586414521,0.8692154875355981,0.9552442791508052,0.7110681952320849,0.9182556850500174,0.6197281575086825,0.8900036468206819,0.6014702647502947,0.9011919829045526,0.825065727491574,0.9329307709878689,0.0,0.0,0.0,-0.2103626705405723,-0.14495616917996978,-0.02431384055302031,-0.4265042965338503,-0.441466035829812,-0.052263092349253,-0.6139958732252361,-0.5440131699544175,-0.09887493457250499,-0.7616155687118067,-0.5247404210308059,-0.13569103247897724,-0.2909617149816451,-0.9518189843849784,0.05650148354272584,-0.3154157346033802,-1.3677714972970751,-0.027922216556009807,-0.4078627769733555,-1.405197153747432,-0.09129180924874353,-0.4610712772254396,-1.2995691899471598,-0.11810032678953164,-0.2062160083975039,-0.9783557233491897,0.01717662570135049,-0.23524137756469848,-1.4645164690070958,-0.06396126692340923,-0.35868595891684696,-1.4655915842592493,-0.10269267099536888,-0.4208280846305557,-1.290125644241333,-0.1058005117286547,-0.11677933092803447,-0.9619694985386009,-0.04218549222827367,-0.15912802788251254,-1.4277783715455081,-0.10907746001086209,-0.30931145973960295,-1.4034819482921714,-0.1264388914655593,-0.3855376796454746,-1.24277964450472,-0.11402887630019021,-0.038321656151278374,-0.9002837060843913,-0.10807331718616049,-0.1256908042896834,-1.2384597740370797,-0.14536917947216577,-0.25802491787588583,-1.275848721293191,-0.1526759837202781,-0.3414408655443435,-1.193481306356916,-0.14422022388676,0.9347849165786786,1.3839850032894176,1.3611444460544888,1.3061941401843673,1.2497115532253948,0.854569094753119,0.8045648283330681,0.6526450867597158,0.5595345901719345,0.536195022388716,0.6022182217758166,0.4832909781011213,0.6870670179693454,0.6688926115937406,0.662248763605496,0.6244608458361749,0.7810561132318763,-8.265284032818292e-07,0.5897068211086518,0.09476378227334856,0.08697486764130992,0.04832697600798462
heart_with_two_hands,0.0,0.0,0.0,0.3089950743258469,0.48167994447838025,0.0543829899497387,0.6183042901021342,0.7973004183540134,0.04881825644717169,0.7992010807382675,1.1765832207613762,-0.013680278400902164,0.9107568320077867,1.5666083103920008,-0.07292985682552264,0.9615148409808707,-0.005822455423915132,0.2753610002950657,1.2629921976776826,0.013908044136438615,0.2091223964845015,1.403536381841123,0.31481291002254963,0.10820785369524656,1.4614055724485544,0.6156722893638005,0.03813392125866412,0.9726537140171317,-0.1616179582516956,0.1668064392618966,1.3539389904892363,-0.17099866972002234,0.07429629078327186,1.469546953251258,0.19266359120964352,-0.039222830670108115,1.4674769600964894,0.577665438224091,-0.10259485210122793,0.9654373447477952,-0.28485149150497924,0.03426617125380817,1.3816253710365358,-0.27457330918474376,-0.05733201975235855,1.4897703421688073,0.13685710880253044,-0.12807544616598784,1.478581007496842,0.5713310814886833,-0.15506823463996444,0.9346063514234061,-0.31244938650798043,-0.10449664720705806,1.2591301057281503,-0.07328468726962593,-0.1702716680549301,1.4029919647573281,0.28340409543298395,-0.20226024730453337,1.4661194710233192,0.6547153808536054,-0.2129513177443734,1.8135761272289428,1.586257485726927,1.5804150374538763,1.592691796236723,1.6197242965915661,0.8868130435269854,0.947578553420157,0.6711812729908154,0.9208558178035783,0.606203748548391,0.8949849818293831,0.5980192884177774,0.9048131313248823,0.8237960906669871,0.9295119836893152,0.0,0.0,0.0,-0.22688866283993134,-0.11895406118615473,-0.02495753524192236,-0.4587651912577025,-0.4074693770125518,-0.052757806657961356,-0.6491543346706572,-0.4993940360554792,-0.09795364815278713,-0.7953345467974859,-0.4623345896184744,-0.13512207531919798,-0.3532949664482183,-0.9259015857841476,0.0459571023134723,-0.4086306747926025,-1.368442853754399,-0.04447273892756873,-0.5079580618707216,-1.4107571508336276,-0.11134722165612798,-0.5561990347541874,-1.29881973633956,-0.1392423485003151,-0.26643757050227773,-0.963830042430717,0.00653225327479306,-0.31988671526671103,-1.4668952321840067,-0.08525142200366691,-0.4438631057890166,-1.4520207395344749,-0.13159128509273654,-0.5001046874768551,-1.2642883592622072,-0.13714405365836707,-0.17227974717081554,-0.9572932708543535,-0.05193465383250228,-0.23358510195479917,-1.4348220153869473,-0.12551635241680947,-0.3798560541035101,-1.3895702282243332,-0.15165157817252828,-0.4502247229481411,-1.2140129340131265,-0.1446849911800134,-0.08229814609646283,-0.9062445922938004,-0.11587128520805798,-0.18882278741022296,-1.2385472036796448,-0.1578937582325376,-0.3182760798783011,-1.2580515096331708,-0.16938638553527166,-0.39654894625405473,-1.1710082711424137,-0.16400563583924907,0.9298216438252083,1.4197459298700374,1.366505852624165,1.3028673960835966,1.2471604894504085,0.8537305957839185,0.7834607805525968,0.6754731261581769,0.5385915723561278,0.5157959860349984,0.6253928690386407,0.45474638739888307,0.7105103676272694,0.6483321463278121,0.6829794263945383,0.6637977690446312,0.7479121083461951,-7.209114540600404e-07,0.5778684344882192,0.09211394407993634,0.08906208736430449,0.05328104064803952
heart_with_two_hands,0.0,0.0,0.0,0.3100838823937216,0.4292034383994182,0.0009358388344513533,0.5859299071595949,0.7207641214585481,-0.037329040730090766,0.7867640217551753,1.070140620200264,-0.12348913764644176,0.9015865443438963,1.4836404368975178,-0.20454341181987648,0.9372119366780514,-0.15277880677596647,0.22003454149775165,1.2496328624674393,-0.1587591917260597,0.1373047974551247,1.389408574732053,0.0952835950182175,0.026937795314578475,1.4448802908377827,0.35484576287484254,-0.04530545424228262,0.9430421516182039,-0.30154463665978465,0.14050741038474474,1.3133056703931554,-0.3192923797743698,0.04653532933229726,1.4414260187537027,-0.020506890887590598,-0.06546965388787374,1.4554830172504822,0.3092906952568786,-0.1303947530470886,0.9369210048997567,-0.4141835425617907,0.033389279303951386,1.318961832863955,-0.3682467174486765,-0.05657590855102765,1.4413999651616167,-0.027681941591464507,-0.12218103021045296,1.4464818630401857,0.335006314356735,-0.1470063944501734,0.9097152650747545,-0.4541001786257912,-0.08394502045574499,1.2135949549252545,-0.22796133178887867,-0.13190698087836644,1.361045621191894,0.03829679016159282,-0.14808364941982655,1.4369357545287553,0.3172254614688738,-0.1498310380588397,1.7481090498759915,1.488505006530312,1.4936848192638437,1.4920287834932442,1.4791435684250034,0.9171822972835117,0.9213617020138699,0.6708488634466069,0.9062226372541419,0.6311579005463951,0.8804235922876635,0.6557732077495558,0.8896639340653913,0.8632275607702178,0.9221596649362687,0.0,0.0,0.0,-0.22863798351884151,-0.11525672841617707,-0.018142185127117887,-0.4607866819689678,-0.3697111762200036,-0.041697174126072774,-0.6533225922166886,-0.4603303092911179,-0.0832336135513332,-0.8028142510241593,-0.4134515817401314,-0.11772084913853974,-0.3619872881655781,-0.9033796967688686,0.050910881648724225,-0.4374324237051802,-1.3246292398791693,-0.03364628488821594,-0.5468907199825572,-1.343823909971631,-0.10140785476819952,-0.5991644165057394,-1.2146152811602857,-0.13198696307928165,-0.28339572530828827,-0.9589391865138279,0.011067946746679535,-0.3453887864738505,-1.430872101327383,-0.058064773644920534,-0.47822363055379524,-1.4361326576263294,-0.09512802347129684,-0.5418195121898132,-1.2730476447924504,-0.10588212788632988,-0.19168665630551557,-0.96105061373281,-0.047985166996518655,-0.26399392010797174,-1.4117850514322634,-0.10698658579022378,-0.41591288717390335,-1.3841209194705268,-0.12761687666893376,-0.4932751481954454,-1.2252242010321603,-0.12649443515988779,-0.10256857732578045,-0.9171069006013854,-0.112884244370127,-0.2100158618821137,-1.2364056693597687,-0.15108076738009216,-0.34400660992263155,-1.2406769303718512,-0.15963287221733136,-0.42746269575852325,-1.1320919787503103,-0.15640972610833753,0.9106652131342216,1.360775087094717,1.3875985423410293,1.3268366729739396,1.2201723677567944,0.8703948520579073,0.7683066376823036,0.6270988197237715,0.5923582531881181,0.564112850917821,0.6070664039429291,0.4988142916851282,0.6991702663251043,0.6149128665243488,0.6973270844234046,0.7024772924053062,0.7117061568191515,-7.893738636667109e-07,0.5368888623068371,0.06284871551028458,0.06078112703806491,0.08190609814548121
heart_with_two_hands,0.0,0.0,0.0,0.2890608972122624,0.359540163819377,0.05862863866271421,0.5924724797305528,0.5874195965196959,0.06704328123344042,0.7784076337663849,0.9234826975063758,0.02365912679016032,0.8855267410769221,1.260162710858274,-0.016889287203936683,0.8654408955746861,-0.33318705770084517,0.23418349599769933,1.171026797068462,-0.4205530848480033,0.1641307425403412,1.31747595837383,-0.14712909740900643,0.07211431753181007,1.3643375291776592,0.14325295742836047,0.014697903814088423,0.8695540048117907,-0.47460188278123416,0.13648767554722274,1.246868123340339,-0.5761052148629131,0.05648887582808915,1.380578206364987,-0.23955557061563185,-0.0332342306952928,1.3803570830770453,0.11306278604700302,-0.08280118269114702,0.8612337909334238,-0.5800022427111496,0.016880567807795007,1.2612036829491462,-0.6413156969381266,-0.06482192815407306,1.3900144806168577,-0.2674713053113283,-0.12507037123566636,1.3864012396593348,0.11678838932673752,-0.14733429462921507,0.8356890092770828,-0.6038214344095546,-0.10656492475398154,1.1521128329651873,-0.4507272301930197,-0.1662369369680521,1.304415999230641,-0.15476343294554115,-0.19394826092072712,1.3720019360408113,0.15432658840437943,-0.20228632402215369,1.5402768955685355,1.3719162990908373,1.3874526681097024,1.3990908903943167,1.3953944837481138,0.8594529589575706,0.937593673577559,0.5835146328451686,0.893097606380162,0.5504117240820162,0.8772294857504185,0.5650752312142018,0.8880128992318334,0.794664045265423,0.9154299401681365,0.0,0.0,0.0,-0.24852842334106282,-0.1231920430922086,0.003308581573170351,-0.4880406901407752,-0.344803386069489,-0.005120326293841539,-0.6734440522956533,-0.4186887904744975,-0.03638829078711248,-0.8098965162123251,-0.36304693442526637,-0.06390137590337831,-0.3886466706296115,-0.8933896739855683,0.08148396136657289,-0.4681155433365843,-1.276276156607635,0.014227754377843715,-0.5836946027580536,-1.3382753199820947,-0.04637518687817792,-0.6758392025761044,-1.301920532945942,-0.07823499358244594,-0.31499459146087716,-0.9484864141721432,0.03394008664197654,-0.4029287522519614,-1.380529622866585,-0.03443724799918869,-0.536485129951921,-1.3935439476948006,-0.07830949687303508,-0.6204626561890272,-1.2868746218149016,-0.09368968408453252,-0.23452246625868228,-0.968701491743302,-0.029935727686337767,-0.3244912047017743,-1.3725309852550218,-0.09114895001667982,-0.47495192673865966,-1.3247560324014103,-0.12187762764352403,-0.5649878554864776,-1.1814148364719605,-0.1251479632823,-0.15485156242996526,-0.9527642736076188,-0.09762435091794784,-0.25509765625071784,-1.2696160327035735,-0.13360956970587853,-0.38408831468228355,-1.2586789697791694,-0.14644517580189612,-0.47172057930966793,-1.1391745699182518,-0.14692028258848094,0.8898420249745397,1.468971210087453,1.4317115480781206,1.315528146942127,1.2417022892499483,0.8765365385407266,0.7595679428536087,0.723305412990309,0.7410272066738418,0.6048036325761623,0.6832696614421491,0.48165131574753905,0.7712585837911615,0.5733137898803641,0.7271070499564868,0.7496104453181338,0.6618792792267135,-5.244283171949937e-07,0.5064591595555896,0.07966814447874292,0.08366193498319112,0.06715506429711478
heart_with_two_hands,0.0,0.0,0.0,0.2600572934875634,0.31852500142814144,0.03954656158831522,0.6019311876708134,0.5313493954272128,0.0376925688400858,0.816051918978929,0.8727993345745352,-0.00801301001192408,0.9602721158715021,1.1990237730697941,-0.05051219463079642,0.8562921454662952,-0.4156768830026742,0.19638728378694056,1.1817382990256804,-0.563766100446702,0.13152711804904865,1.3231772819467889,-0.25527401217773593,0.04468589080693611,1.3540094981043593,0.0721735193622302,-0.008718643773505747,0.8391261026579121,-0.5321099294002004,0.11281137740430706,1.2122958061071252,-0.6607089342738444,0.039935033548097035,1.3518404338433077,-0.28976775219438017,-0.05277155399007423,1.3415400498647176,0.08011147422191858,-0.10423505295789333,0.8126530404347959,-0.606878880811647,0.011187845975868695,1.1920004236473696,-0.690428699310718,-0.055826927705681685,1.3303262668249825,-0.3013296609140235,-0.10845519358712176,1.3337220432590966,0.06957308946909432,-0.12693264263481482,0.769718114377606,-0.5923099934469354,-0.09532307863710542,1.0936014938452052,-0.5047872337107736,-0.15143320450568648,1.2496072960576796,-0.22294916408269788,-0.17710342342194518,1.316478103021348,0.05936387305717334,-0.1817225944947961,1.536987972208396,1.3559597164382127,1.3479660603880845,1.3415538748852958,1.330286347561665,0.8517854595743276,0.9544830878913446,0.514956006179432,0.8915498745756784,0.5216973675077394,0.8753049871538345,0.5457254127363144,0.8918198394426043,0.7455541656842911,0.9108956378192239,0.0,0.0,0.0,-0.2636155924525289,-0.13866002416614662,0.0029064856682106477,-0.5081772097782159,-0.3137154768383912,-0.014600045234940708,-0.6899752261973107,-0.3542436516038043,-0.05607444257018799,-0.8251050624576128,-0.3049333018311157,-0.09403480111505562,-0.4024497471811471,-0.894017232555739,0.08056817525314362,-0.48676961745862296,-1.2500222909215934,0.01602971788674876,-0.6000091962200222,-1.3211301237131796,-0.04764049895244542,-0.6980837157497781,-1.297458953023097,-0.08458721453087642,-0.3311711141930384,-0.9430854171472853,0.030258702686540115,-0.43250225585426405,-1.3308138763594812,-0.036483092826087526,-0.5656215026145528,-1.3395552543838827,-0.08315888896683254,-0.6555111720582985,-1.2338564567223027,-0.10350181235598595,-0.25670151485930987,-0.9678036311033769,-0.03629436217717921,-0.34881705817333764,-1.3377970590461403,-0.09464740260334094,-0.49632134488337865,-1.2971715900183625,-0.12295963895724858,-0.5909603540535519,-1.1589069278670079,-0.12696966717842845,-0.182882288418747,-0.9585682884437675,-0.10751798837323667,-0.2818522006221955,-1.2553197137298988,-0.13910862804662816,-0.40725332429588557,-1.2624194592247695,-0.14839951645259963,-0.4986806712748993,-1.1639514807464781,-0.14733101908808932,0.8846610800072283,1.4757627200322214,1.401002954190152,1.3070656846175126,1.2748222976637325,0.8634812779734877,0.8236512102025468,0.7505542799352583,0.7651763407637511,0.6132058258318177,0.7068324589759705,0.5011052132433274,0.7723948186964605,0.6220265051539967,0.719233347426092,0.7938041533180757,0.60817346717426,-4.607793845331361e-07,0.4923228169302578,0.09476585423984456,0.05707826933538535,0.07855436358909211
heart_with_two_hands,0.0,0.0,0.0,0.2636237764383154,0.2787028593362087,0.029432213413205406,0.6012616633028787,0.41813923193769637,0.021937706544291818,0.8219915135047436,0.6895787605237771,-0.025091116613503592,0.9588562116530628,0.9859368874552981,-0.06908437051438325,0.8096573318484525,-0.513309394728016,0.14209552818504137,1.1247486747511413,-0.7362751567555166,0.06167098254872828,1.2852081310343542,-0.4791282581069187,-0.02662035042390855,1.3397991251652,-0.16083096677258274,-0.08101771987348673,0.7751716702174088,-0.6289500527563401,0.059419801667036476,1.142868497504249,-0.8575760042720616,-0.031265137244013134,1.3123324058643437,-0.5257621791034853,-0.12611239995521772,1.3375483462381463,-0.1517879270504472,-0.1807990801706823,0.7306281639078802,-0.7070694877269899,-0.03990173818478856,1.0949139101727197,-0.8687306735338206,-0.12589922827210312,1.264022678559613,-0.5081495082594273,-0.1964524466223714,1.2977907102165864,-0.12940776098758894,-0.22893708410172955,0.6720551252421444,-0.7082959400709433,-0.14304690546239687,0.9839435265426861,-0.688399749267495,-0.22001268886029315,1.155861007775021,-0.43330534584501484,-0.2670685682634011,1.2396753778192287,-0.149447611422718,-0.28914230916711475,1.3770437287610269,1.3518476861687998,1.3582206966149635,1.324167392970124,1.2816914238153014,0.838483423226114,0.9211101029248021,0.5008316499229059,0.8741299724768521,0.49073694249484157,0.8694222282941196,0.5181139277591951,0.8860394234995049,0.7137430328463721,0.9001940371087459,0.0,0.0,0.0,-0.280306691350042,-0.12084984510935391,0.010917349209311516,-0.5217179424205975,-0.2828063330882564,-0.000997760075803408,-0.7063066813051583,-0.30139280004139474,-0.04165504711360664,-0.8495791601424783,-0.23604470647551437,-0.0804084231072717,-0.44097641066118415,-0.865800105866513,0.12495807969396512,-0.5559692907280407,-1.1788940274227027,0.06595983480461513,-0.6778221454114988,-1.2300667285573155,-0.004581994941931288,-0.7798057055725812,-1.1848003793560664,-0.047061021937523,-0.38333612053166627,-0.921047533395924,0.06873761649210727,-0.5041576389953861,-1.2839850206098438,0.011236681143176188,-0.6393195833910242,-1.286994295650814,-0.045744752761775496,-0.7380453329855295,-1.1786334222828692,-0.07476254545695463,-0.3178840804922417,-0.9522418208428055,-0.005407989440834513,-0.43427802108402574,-1.3040027221234762,-0.052808710016774625,-0.5771701839138759,-1.256652024440874,-0.08606508489632066,-0.6733861927052016,-1.111371802224742,-0.09559382979947142,-0.2505159276146648,-0.949799078714517,-0.08498206024575825,-0.37392182143484365,-1.2396565296977404,-0.10353436588005847,-0.49357948424098924,-1.2261883181326942,-0.10686551782696206,-0.5812627684113565,-1.1093522355503609,-0.10406711464934663,0.8854193172221332,1.4191770915398945,1.3926511034236653,1.3029713840303665,1.2567254086765562,0.8356663187409854,0.8361193755477252,0.7353801250531414,0.7617963412333716,0.6188404704578733,0.7333583101720156,0.5085800506433642,0.7840234209236979,0.5927824027789125,0.740207141714758,0.8514671607590176,0.5244079272367549,-4.771839607708613e-07,0.4685520880276805,0.06709846146512369,0.056853173356124914,0.09760453291465847
heart_with_two_hands,0.0,0.0,0.0,0.2654086276638919,0.2622782753521633,-0.011563254479632822,0.613684899211707,0.39251884233347145,-0.03390575535661917,0.8504320170693789,0.6670902650625392,-0.08807368271506809,0.9820687521553051,0.9967434990431977,-0.13787801135647157,0.8194821651828383,-0.4664282178277808,0.10755284201673425,1.1263529791877307,-0.6981257993176896,0.03862517978247142,1.2669139790513668,-0.48719449295317196,-0.03671161883813423,1.3277413907064808,-0.241377837460992,-0.08679277654430392,0.7834585367299497,-0.6198206994785659,0.04488899333764817,1.1271621641502216,-0.8779358890584469,-0.0412038726195886,1.2713849490126223,-0.6171325624563033,-0.11974715292560423,1.3069066033531442,-0.3182409821537258,-0.16199982855509995,0.7255505539919312,-0.7344576486289766,-0.03690045882268472,1.081792760799782,-0.9398116893023675,-0.130052288390943,1.2281131645133576,-0.6239539900067538,-0.18355670869910112,1.2662483835985503,-0.2661705105721992,-0.20091477402811392,0.6535036337555787,-0.7781942052691685,-0.12607781114298175,0.9600007446989505,-0.760374124280144,-0.20882667384547007,1.131363125232793,-0.5311892750421804,-0.2474248554734316,1.2355165251645635,-0.2685879653769279,-0.2613274720773997,1.4060465791930117,1.3522919237623192,1.3548159052292317,1.3094267662175594,1.2910974505289674,0.8388721110140165,0.8954981040744181,0.49831933506281295,0.8893020605273392,0.47408975593826147,0.8736564569925331,0.48337224186440525,0.8911054910097403,0.7257769009027442,0.9119573281881087,0.0,0.0,0.0,-0.2651934069680716,-0.08067781664595597,0.0095517650399158,-0.4940708974932314,-0.22479107965475623,-0.005121341023686437,-0.6720648383499115,-0.24935359639142396,-0.0489488861925798,-0.8115352236589204,-0.20241366992648036,-0.08774894648111879,-0.4641743499884246,-0.8528947853134164,0.12313478214562183,-0.5711937063055831,-1.205588803658374,0.05214639590592017,-0.6913933263191718,-1.2164926926976434,-0.023442956593788283,-0.778793809110515,-1.1230295569657416,-0.06573418641340754,-0.41720176464222936,-0.906378893340163,0.06648299998399085,-0.5334007982873082,-1.3049134490660714,0.0030971390178651487,-0.6657695225266381,-1.2776430300513641,-0.05259800587742644,-0.7512226245847465,-1.1498885753445276,-0.07868240432807677,-0.36541288040510067,-0.93219789091134,-0.009364431255026659,-0.48540642034629555,-1.310742932784671,-0.05900490621164275,-0.63203694890769,-1.246760893207701,-0.0896117448259184,-0.7235795398863,-1.0934685857950355,-0.09671821611841751,-0.3121634606180458,-0.9184555906538358,-0.0910999233339582,-0.44804466019446626,-1.2011111191370065,-0.10860783690445568,-0.5734886889299687,-1.1843362265611126,-0.11114961244108994,-0.66127373637729,-1.0800646467374753,-0.1070287942367321,0.8409878659176875,1.3682237266583883,1.3757798109242296,1.3147605531015119,1.2709357805767754,0.8540450281848531,0.8574847824097908,0.6355139678761336,0.7297998086172692,0.5418282006454586,0.7526643843323116,0.4750410542881159,0.7981806152233182,0.6005168416613433,0.7645401605101901,0.8904766536628537,0.4550289323561436,-4.840737380995533e-07,0.4557038138684248,0.04187361559244807,0.0972709129837712,0.08293170433084779
heart_with_two_hands,0.0,0.0,0.0,0.2536922528581528,0.21740843001183033,-0.013681596791240758,0.6182107797724431,0.2916216116005791,-0.026089689249030868,0.8615772542720825,0.5539184090210836,-0.06342218842573609,0.9979684635496353,0.8539436246209858,-0.09593372581744,0.7756856410763647,-0.5307256120712189,0.0809683984709362,1.0414570695746246,-0.8171464855425125,0.019466083173131452,1.1816711852469364,-0.6649579692205169,-0.04347629431499426,1.2473854094729846,-0.4446762678434066,-0.08404961237607324,0.7260875972377063,-0.6870524968521625,0.027489410811864276,1.0248751684158497,-1.036222868425142,-0.04359783634966978,1.1680897474185599,-0.8400623191455996,-0.10288785107570399,1.2108402176970638,-0.5581261401481102,-0.13416920621793224,0.651221724313267,-0.7967868368220602,-0.04383875791195103,0.9785867147397995,-1.0929703027731117,-0.13139375530156003,1.1239664811027434,-0.8622625964187423,-0.18009492725271892,1.168983664894992,-0.5505506646777445,-0.19664184249899394,0.5603350243648151,-0.8288775483074616,-0.12136862634143837,0.8497789405830478,-0.8562161860411728,-0.2052210461334294,1.0218828271777323,-0.6786617257586433,-0.24715477911740005,1.129191423067026,-0.4475906369956277,-0.2645915304887363,1.3169525610361457,1.3269407222215297,1.3400149987990624,1.3070183079780606,1.24314895578151,0.8012693520544076,0.8982364384920315,0.4908685509046804,0.8543083881922834,0.4408278102179375,0.8440369463225333,0.45781137510008263,0.8618657792279549,0.7205592877795055,0.8894962937805063,0.0,0.0,0.0,-0.2658957658516318,-0.07092005045450087,0.01183725682209443,-0.5088208550947187,-0.19266515541521417,-0.003056217761477546,-0.7112336935420103,-0.15756877418736367,-0.0508499358116627,-0.8724277506117256,-0.05897597323411065,-0.09277692620278671,-0.4968848213734233,-0.823951657308915,0.15127335288494723,-0.6109263299429958,-1.1941625250504861,0.08303490934994207,-0.7330724422537431,-1.1612500835607371,0.00829470866600434,-0.8142174665978998,-1.02393211568316,-0.03216963688978132,-0.4555318951883624,-0.8855673253185483,0.09089117005656411,-0.5807014550217694,-1.2832331204140297,0.035736856221516344,-0.7174188848782183,-1.219315584590856,-0.01673955114957945,-0.7999857922881699,-1.0662841222961121,-0.04153521520011592,-0.40620396938463843,-0.9254462154275543,0.007872232389832961,-0.5422815518614796,-1.2995675210677744,-0.039860193001265636,-0.6890012025762002,-1.2094014530210584,-0.06674511844049014,-0.7765741503018297,-1.0364795850695185,-0.07048838210265956,-0.3577634231584726,-0.9296704795247578,-0.08183471057983352,-0.5148399870947755,-1.195618917322075,-0.09739175407458642,-0.6436667443392007,-1.1565155762064379,-0.09532083685047968,-0.7278881476194153,-1.0277087979758932,-0.08751249658705362,0.8793269605169531,1.3085954095816303,1.3336657270191212,1.2970450852589284,1.262404438340098,0.7923345247177181,0.8828928828590961,0.5377901840542072,0.7567505783193919,0.474341089132738,0.7936387513313886,0.4428287507386839,0.8201863700349137,0.5756528711559517,0.777985651236372,0.9297255764627106,0.3682531092480432,-4.785446443439582e-07,0.44076303645939974,0.030187940566624126,0.06283713693335537,0.10477043837117024
heart_with_two_hands,0.0,0.0,0.0,0.2444430734183358,0.18173815358337786,-0.025162723288217632,0.597596777387504,0.219181359712376,-0.05002424805467223,0.8356313567745228,0.41632866079545905,-0.09585882884539955,0.9780913310858176,0.650073507840227,-0.13746630558064307,0.7322413511358916,-0.5944606443123089,0.03237909977632289,0.9866389076604983,-0.9303496723129935,-0.052904382329102655,1.1224655298719584,-0.785390232923078,-0.1309112962359112,1.1812004581913271,-0.5523491126940667,-0.1777339639124034,0.6737019719605727,-0.7387718484501269,-0.018488074913807852,0.9632724262463296,-1.1011561441697753,-0.11107292545277098,1.1034025364552575,-0.9126956956704444,-0.182680059848471,1.146372233381919,-0.6398486792146644,-0.2196254441257407,0.5897277610321037,-0.8363114801364415,-0.08561281963708811,0.9048648199954182,-1.151259711469051,-0.18365614472966632,1.058381371130108,-0.943992781259962,-0.237882363962443,1.1208126628462338,-0.65747842714632,-0.2576848997006005,0.4844214988331964,-0.8598347447572304,-0.15894997191735372,0.7633292882404065,-0.9157993153787631,-0.24652986443027625,0.9455534228700277,-0.7730686047625172,-0.2905890913151069,1.0678224400368337,-0.5773870625313557,-0.3095616764694659,1.1824361304996203,1.316021818456419,1.3310938980662592,1.3247265434394273,1.2527765223548017,0.8129939297446585,0.8955833993965254,0.47400750385679824,0.8352653542867644,0.4418794969280909,0.8412705937367984,0.4692882331525378,0.8595357839692859,0.7319130760369172,0.8852674074352093,0.0,0.0,0.0,-0.25743574873269154,-0.01150304994266717,-0.020426073225319096,-0.5026182668349488,-0.11466113671932414,-0.057770588675659575,-0.7195010916065159,-0.0830177609376644,-0.11885115679979538,-0.8943409687268795,0.014252315479959072,-0.17172367688725404,-0.5045924853600001,-0.7972966450078467,0.07695585144830379,-0.6621944116821626,-1.2053749622745265,-0.017812976571421568,-0.808375849846848,-1.142586375391389,-0.10526562203170085,-0.8926761822732256,-0.9651310638508436,-0.14883120423039506,-0.4574216266276292,-0.8887101432181588,0.030979619663473762,-0.6332966692780403,-1.2963046847452226,-0.04313298486481376,-0.7910850930337539,-1.2053934024702033,-0.09580486741602305,-0.8690380865905992,-1.0034513271505352,-0.11742595319148989,-0.41028597190518706,-0.9383568776170654,-0.03685098558067379,-0.6020888732700226,-1.2998270415164257,-0.09334104074098074,-0.7637484808318284,-1.1915871441477939,-0.11073905104067328,-0.853395212718455,-0.9954683988038375,-0.10797150246846303,-0.3617251135744395,-0.9509885513542337,-0.11284390508074285,-0.5531108753613099,-1.1634622135806785,-0.13823656093480272,-0.6902304940337435,-1.1146690367240917,-0.13111972806650074,-0.7796746631648277,-0.9878565095459126,-0.11624594656007646,0.9107897221881414,1.3230644217725875,1.3326404677887242,1.3156361835451131,1.2638299663819772,0.8258191596570422,0.8885065328635747,0.5223601591772401,0.7683075217380821,0.479838984974348,0.7802700418696583,0.471811950104191,0.8215059069750915,0.6224176918444845,0.804335279698787,0.9669297808923987,0.2550427392085701,-6.059140321264481e-07,0.4287230235286679,0.02117922105368638,0.09421569746360195,0.1327283435870407
heart_with_two_hands,0.0,0.0,0.0,0.26323926769267686,0.19624964518517551,-0.016496441546619015,0.6130142902823134,0.19352085265241642,-0.033671271911085876,0.8520219485504479,0.35119690223294275,-0.07540280235409146,0.9995646329563043,0.5729874745697446,-0.11699078920252108,0.7409598752560113,-0.5737427487367603,0.03862389271177805,1.0080352468475093,-0.885198390331989,-0.046979366999827014,1.1566694172363063,-0.7744531350016127,-0.12559299037862767,1.2365927219769135,-0.5829247291143597,-0.17690115153928865,0.6847279448024056,-0.7285370270810194,-0.019530534519662412,0.9786169456802938,-1.0821601777576333,-0.12479581579465851,1.1299035744009107,-0.8927455465728086,-0.2144027519821211,1.1912969070143582,-0.6295145018733223,-0.2639190957751582,0.5966849773139354,-0.8338377300143305,-0.0918959206437809,0.8955384939675358,-1.1854695199814855,-0.20011658130768062,1.04691433440673,-0.9579725006720385,-0.27030892390595673,1.1162769886283859,-0.6628773573589861,-0.30137531460462746,0.48563112701268935,-0.8691728626592184,-0.16845342239328373,0.7510671750937752,-0.9425424418269192,-0.26251344878586264,0.9403648225641525,-0.8203270419005486,-0.3193125330433971,1.081832887113566,-0.6479219048566977,-0.350300398035868,1.1580720816206191,1.3784980294781881,1.3730004070813566,1.332781972602244,1.30876871879553,0.8104086635080143,0.8738869815771236,0.5451675967481423,0.83109475993775,0.46576231588138217,0.8530478415938743,0.43489898360972506,0.8787916901293169,0.7421469591684173,0.8970936958875143,0.0,0.0,0.0,-0.2876664771883547,0.03024633612648405,0.07547238774679103,-0.5451862958951299,-0.07862234542151039,0.11067005422679033,-0.755326736028373,-0.1251916245388666,0.0996525504304644,-0.9364279013403136,-0.1515732660120346,0.09591565883940169,-0.5743924287623616,-0.7193690457219205,0.2824683552157962,-0.7138672477603333,-1.0857235914573,0.26552692628240876,-0.8531231839766578,-1.034659200300872,0.21883002626223805,-0.9404818960824176,-0.8814854085958748,0.1940466699209356,-0.5443521513930341,-0.8145214129843167,0.20058814287940263,-0.7280286139867772,-1.1528580883035633,0.19954041643532844,-0.8902571870750245,-1.0718468311380178,0.16887817387820472,-0.9795001564156025,-0.8871029142329798,0.15356601539722065,-0.5078283095508299,-0.8837038191052047,0.09490662306012598,-0.7165088510778543,-1.176805642491877,0.08614091049028783,-0.8864108540931382,-1.0762719939525953,0.07859739667499453,-0.9784459633114514,-0.8777029042813397,0.0808126922579212,-0.4730290075475151,-0.9421921546213059,-0.015142241029360501,-0.6764502417578662,-1.1619443468378359,-0.007150162442294172,-0.8157982777864417,-1.0844875303694634,0.010299444077705996,-0.9004460202603902,-0.9044656233004511,0.025563727642687235,0.9534524020572687,1.303524772504773,1.330396428867657,1.3169091018496097,1.2765244233096513,0.9194364063484327,0.9746772122599358,0.5078583059442194,0.7765791755984095,0.5108849973143089,0.7902298477696815,0.5271382075117176,0.8076490909838298,0.5766978458179882,0.8020163284637041,0.989354100080507,0.14552822631132276,-7.554101183884692e-07,0.4274769601426987,0.17367079747688588,0.2285172969317972,0.18450485734942612
heart_with_two_hands,0.0,0.0,0.0,0.28374455722446196,0.14095744864178988,-0.037778580705805094,0.6204955343066503,0.11947772006599666,-0.06884986179849577,0.8570530455475308,0.25890724319204944,-0.11776564817650735,1.0127516832334642,0.4863879568219594,-0.16778890406152025,0.7185194664330146,-0.6285846771017538,0.005221341518783325,0.9413792194876753,-0.9203671572249905,-0.09620322923006276,1.067570640742482,-0.8269719017271244,-0.1856270596780217,1.1426866395797812,-0.6407848595816824,-0.2443822147795543,0.6392683979164866,-0.7677922718391222,-0.04278951658301223,0.8808425930349558,-1.1025647793820557,-0.16099694004689916,1.0151567402880546,-0.9525251686351316,-0.25476150055050484,1.0826832291496757,-0.6982087566675496,-0.3089972346632335,0.5301623026828576,-0.8531685638833396,-0.10631642139325627,0.7824075054997541,-1.1811935665756101,-0.22538733092325683,0.923397435051411,-1.0040982397440867,-0.29608647716529707,1.0046939190549065,-0.730078114199958,-0.3287931367045499,0.39505435726599425,-0.8747447063816342,-0.17552042616008984,0.6009704657343724,-0.9839580180123131,-0.28006807922134164,0.7760562383549808,-0.9119062476357299,-0.3411113747991875,0.9242697164996507,-0.7686088507315265,-0.3756470329033298,1.1359543708969218,1.3326892583958982,1.324831209474905,1.2847290961769686,1.25942239442939,0.8100941125576526,0.8628157887635444,0.5461437799626637,0.8233348711946766,0.4776286382318953,0.8401746527039237,0.45587646728297093,0.8663811307091224,0.7381017619681358,0.874320473271142,0.0,0.0,0.0,-0.255323474202227,0.10828843938393609,0.023990612457306142,-0.5332971892848413,0.07739917490460192,0.026817815975059722,-0.7508040350245434,0.16450998592038918,-0.00890487085522935,-0.9181316094097225,0.330571691636732,-0.04062396491703358,-0.5688251831777263,-0.7400046737622729,0.21044314283570123,-0.7536470290977573,-0.9981198744326907,0.17561270023638445,-0.8780226952721554,-0.9314456695177885,0.11401397871068966,-0.969592418760433,-0.787022392097236,0.07501034640682552,-0.5461477111362141,-0.8251895266783764,0.14416977034382616,-0.7668769616521799,-1.0995897223485445,0.11275623945622552,-0.9258117096233426,-1.013627183981763,0.0588066075184492,-1.0352146489313137,-0.8461185756203892,0.028630801362209246,-0.5240740406505978,-0.8987913998352529,0.053621163103260205,-0.7582673508549053,-1.137984442499758,0.008892849492982708,-0.907093709261172,-0.9804345283817881,-0.028746707488598672,-0.9989065355174824,-0.7613735287758643,-0.03994958483144776,-0.5142546969300463,-0.948276048386999,-0.04237098081965936,-0.7434278893356601,-1.0949899380592842,-0.05853328346495501,-0.8624201527238413,-0.9654554120809071,-0.05835879580664959,-0.9322598660224889,-0.7692608292210616,-0.05347624576449858,0.9766747677883556,1.251055656734837,1.337312878932414,1.2566224120030474,1.209847258967515,0.8358412416793048,0.8736523835388592,0.5515110291441446,0.8340860346025148,0.5633816258375878,0.8396535998719644,0.4950846680156611,0.8794278794276917,0.5551280534043137,0.8721638325933436,0.9992253431857946,0.03935369785431065,-6.502030416292848e-07,0.4149259698695376,0.15693669749231715,0.10366738458427416,0.19819243443600998
heart_with_two_hands,0.0,0.0,0.0,0.2594997011546551,0.1431006802792444,-0.012664338846056581,0.6239129538334559,0.09041092877041361,-0.017213259209188963,0.8721743676626538,0.1938763073905069,-0.04167224125303772,1.033803650652096,0.4030011214072989,-0.06515243258525859,0.7370709910777067,-0.6043790671019487,0.06581305796594955,0.9469523165651194,-0.8945635357417047,0.005419557400053587,1.0731903966503151,-0.8462879245568629,-0.057430113472428546,1.1590667389853049,-0.7194557111320684,-0.10072268250202042,0.6632922532833688,-0.7481722040770651,0.016785105919762712,0.8973017689173317,-1.0857874260035671,-0.06740126758098629,1.0326664253622582,-0.9835450164237091,-0.1401198211344043,1.1157486492610331,-0.7887809069633224,-0.17885588882609416,0.5686199468741174,-0.8479050545812172,-0.0462059013884599,0.8243094733800096,-1.1997742713039339,-0.14169924848942306,0.9680166497149725,-1.0391185341347686,-0.19598707083525718,1.0541192803625619,-0.7784647625858552,-0.21475206530587768,0.4611204187833974,-0.8830238439513184,-0.1138067739517531,0.7152398080455069,-1.0097565772744714,-0.2027915893137635,0.8971097491862566,-0.9152053676459244,-0.24881086021359594,1.0360870660083734,-0.7415433301530192,-0.2693337100122371,1.111487620906737,1.3679171336279776,1.3780637853472073,1.3278905426928371,1.3022686229012912,0.8270720209123588,0.8358107362084233,0.5972438934010478,0.811493067683257,0.5134940326347641,0.8265590209514179,0.4528746888363407,0.8591263667214593,0.7100765308983197,0.8628989683253039,0.0,0.0,0.0,-0.2451334738327135,0.16940036426684982,0.0266091026310004,-0.5278176122627157,0.10465498019158662,0.03730063410040978,-0.7431404826008071,0.16346166042115615,0.009688860639451107,-0.9102887151859922,0.2534387038525437,-0.014158407678929277,-0.6279398491343409,-0.6716836385232358,0.18504448334484158,-0.8239359044580058,-0.9246609670783413,0.13878525123079596,-0.9592924361208518,-0.8543281319558456,0.07813007842714019,-1.0300964563036255,-0.6993038169088958,0.043434564093266174,-0.6032877568956774,-0.7890221674008762,0.11613742605123448,-0.8255005616309707,-1.0845262418648032,0.08094991552210604,-0.978011520505148,-0.9460003656947613,0.033597381878447144,-1.0493727985060208,-0.7239011643420333,0.010954351566584235,-0.5671941585240772,-0.8717482138737608,0.024381804383742642,-0.8111200821955946,-1.120730279179343,-0.025986380890037724,-0.9738145242294813,-0.9294503464519531,-0.06270525028172515,-1.0510024849132955,-0.6894877251897389,-0.07292926793526609,-0.5418789579618324,-0.9107529384790936,-0.0717828013477213,-0.7885125343991449,-1.0682619715202026,-0.10245864174702121,-0.9297598286473541,-0.9088751600051581,-0.1078745801665367,-1.0003056305566644,-0.6837950565249492,-0.10417305602527596,0.9450170274198368,1.2457973747727233,1.2748867258695393,1.2590942079935148,1.2161574977991008,0.8356988372011348,0.9282310752055541,0.5697774470911134,0.7905850276331345,0.4781764773529047,0.8309331365062047,0.47829248933664303,0.8709439436097347,0.5504712810813932,0.8652363594867685,0.9988899899168281,-0.047104013027056225,-8.403448894058046e-07,0.4236453620365516,0.07252744933449959,0.16121507549929695,0.09887849446369228
heart_with_two_hands,0.0,0.0,0.0,0.26924431022599904,0.1574861926431888,-0.013636632503033349,0.6413332486392017,0.07546529838349533,-0.01847873155982724,0.9039580371218062,0.16769700535494836,-0.04587075020599908,1.0842564877037144,0.37032734942574513,-0.07499978892881884,0.7428967605765264,-0.5965270271769766,0.06950368183892769,0.9449608319174657,-0.9122090581714749,-0.00043564186666665246,1.0777196617038247,-0.8842598460463114,-0.07338423499342786,1.1652601990511575,-0.7702634568096426,-0.12372676232050558,0.676415591296206,-0.7363454240184136,0.01604258017111786,0.9090065563141052,-1.0922066853896253,-0.07687571624212515,1.0411189804371364,-1.01492229722452,-0.1624819636920053,1.1173352182566307,-0.8378423750866756,-0.21053716050342136,0.5849542433635481,-0.8429591877520043,-0.0526636722177608,0.8313895081873498,-1.2040607098211882,-0.15194321958358872,0.9623880123433104,-1.071940416788474,-0.21435210176718392,1.036915971980698,-0.8362638284891406,-0.24128155012210473,0.46894500146830126,-0.9021169288314499,-0.12662687064177242,0.7021887250307405,-1.053188877205409,-0.22048573638560323,0.8846950906011699,-0.9721118189566994,-0.2753238070081707,1.0302998793493212,-0.8080186298529602,-0.30462728375694204,1.1482070567626992,1.4023000520942008,1.4123539681681492,1.3537904971661296,1.344325008911838,0.8216823963086861,0.8398021566552866,0.6286988109645419,0.7887697910596647,0.5467999752063449,0.7950705950343978,0.46654255668373706,0.8376138069145069,0.6984607282207054,0.8601783953884129,0.0,0.0,0.0,-0.23027291172777348,0.2538920059646545,0.051658460130589695,-0.47629211734038385,0.2010106330166691,0.08536889053630756,-0.6491887255559782,0.17440115703039616,0.07551000278365413,-0.7945953449394106,0.11329866040420308,0.06859361856946893,-0.6437283675041939,-0.5929201248800364,0.21708190835759703,-0.875928148417844,-0.8396228067107507,0.18354811990232694,-1.0314737493156294,-0.7754217921383867,0.13360441447399343,-1.1135676652560083,-0.6207130336993296,0.10864814208024604,-0.6461421961659509,-0.7499013031081394,0.1419447002552624,-0.9118323117666943,-1.0376127313202774,0.12226975032307902,-1.0899172045902537,-0.8793127767179932,0.07888212133748115,-1.1714200106472774,-0.6453533564740622,0.05697277366340664,-0.6378588595155579,-0.8670084718402508,0.04629658248437576,-0.9117127380875636,-1.1448760402417457,0.00621673147583666,-1.0926535355952895,-0.9322771580606216,-0.0345730246207148,-1.1743740004073686,-0.6712192228122915,-0.04905078148921895,-0.6367558356493734,-0.9390938975421979,-0.05095677943599376,-0.9010616692951943,-1.151613410527609,-0.08216144266769901,-1.0605006931625893,-0.9754141426353857,-0.08895718635425759,-1.133449648782085,-0.7155025550500267,-0.08438127278292068,0.8055578397341941,1.279500697180518,1.3386379992350836,1.3535492296441405,1.3430458710720994,0.9368440832984986,0.9219774441159256,0.619744537926182,0.7803473422111519,0.508797393290034,0.8369039215706386,0.4772889882066356,0.8694566278714677,0.5193032801042354,0.8522826669071942,0.9955340588880617,-0.09440305923529786,-9.371041056064679e-07,0.4284614280521638,0.10758438021115317,0.2820106064262919,0.12148928555339397
heart_with_two_hands,0.0,0.0,0.0,0.2433471982655966,0.15674334339217852,-0.02777768293002833,0.613646070831337,0.06439040149497953,-0.03442520726232801,0.8681678428626376,0.1592808596679671,-0.05939608781137872,1.0342251474379949,0.36198783719558386,-0.08611234775872037,0.7363148672650331,-0.6122921922142837,0.047335189953049736,0.9413500857816018,-0.8915279652565613,-0.018649582224055456,1.0924384376754968,-0.9298640921540703,-0.08358825843717574,1.1975697086423909,-0.8867922749331971,-0.13008859678210755,0.6578464645139662,-0.753151270659564,0.0010920761690541218,0.8930822865751663,-1.0784711998881062,-0.08915393575905287,1.040757699022673,-1.0391485301986685,-0.1654846747947999,1.1361735535590733,-0.9068170279240836,-0.20873937639244403,0.5518932645018689,-0.8514871493990206,-0.06076857540347852,0.7894479963530503,-1.1922651001039266,-0.16659540800966932,0.916826412737414,-1.0803362999938002,-0.2257560820571604,0.9939122309692507,-0.8770866883153594,-0.2502666664921051,0.42236895727637536,-0.9071247437985336,-0.12807658371552147,0.6410416874731983,-1.0546967295215723,-0.23311449817363053,0.816449850644458,-0.9668771832524973,-0.29133259647167065,0.9611176965718484,-0.8041855210539368,-0.32215908484496475,1.0991233717409514,1.49582645682972,1.4685978323546671,1.3489907286736065,1.2939273762018146,0.8074909015616385,0.8328322530623619,0.7807055927998678,0.8129594633627113,0.6345495835793756,0.786679086084619,0.4932901086527069,0.8332604066646702,0.6824693130631014,0.8729949476173764,0.0,0.0,0.0,-0.23725312669718973,0.18918177899670294,-0.0026393699724225482,-0.5395180479465072,0.16075081535172203,-0.015660512997385082,-0.7652351233553214,0.28858842575458854,-0.0631892892350568,-0.940754616203264,0.4524415611528304,-0.10940722050856846,-0.6576138599292086,-0.6429577269118526,0.10679177294416499,-0.9153872198430705,-0.9032025442051987,0.03355756323510477,-1.0986265857677897,-0.8827273610740405,-0.03931481779094169,-1.211883792508519,-0.7768674106686657,-0.08061771812857503,-0.6311835076086633,-0.7746683529101921,0.03868233087902846,-0.908711410755301,-1.1082723096328266,-0.04222512749034918,-1.0945485034748161,-0.9623552441230675,-0.10540068953868924,-1.1723350651971116,-0.7172546831750651,-0.12845033771573863,-0.5878621182076857,-0.8721964595430993,-0.04963144379753831,-0.8674103319993064,-1.1995227918047648,-0.13149697085099815,-1.0516986060082496,-0.9887105129677562,-0.1765563005132937,-1.1264752891677412,-0.7222862448764966,-0.18041855818063998,-0.5451580280071374,-0.9128298605084126,-0.14380187087702567,-0.8161609348970811,-1.1553720933027138,-0.19761408701289246,-0.9868377857570377,-1.0085164036098277,-0.21188190524745174,-1.0629456262820376,-0.772095976880363,-0.20554227636771094,1.0496154315107848,1.4417643763042998,1.3803344793514964,1.350257328356087,1.3297493107053584,0.8025577760963366,0.9262098825684697,0.7201983453310592,0.8033899658589398,0.5236312558952191,0.8051246753330451,0.4645835310231382,0.8516779940664092,0.5438987757743537,0.8231165153341145,0.9965337053682705,-0.08318998776552672,-7.462239280177494e-07,0.4197829145444654,0.13738673529568574,0.09361818798115581,0.08902445544103608
heart_with_two_hands,0.0,0.0,0.0,0.2470733606583507,0.14377272702215463,-0.032188769708348684,0.6136204027555971,0.04756931541958958,-0.044303821788199006,0.864546335753003,0.14551377592074632,-0.07605421137216874,1.0262822928042437,0.3512322087283343,-0.10889333021429029,0.7280224289612445,-0.6297083833702035,0.043201901216042185,0.9271145867735916,-0.9360211320403818,-0.029479823604119534,1.0534034628098927,-0.918049363272215,-0.09964403462408154,1.125530191826097,-0.8064853293124166,-0.14547939007742056,0.6396741592199772,-0.7686461917001272,4.4845364397135115e-05,0.8624949748449803,-1.126104279716968,-0.0986070848133874,0.9764923359743528,-1.0579386717603847,-0.18138780315476424,1.0285698210040117,-0.8833070840122432,-0.22348949710526927,0.5294398915597079,-0.8612547941496412,-0.05850499011248719,0.7550135966643872,-1.2228373777671837,-0.16453711746079785,0.8648172984065029,-1.104778209613195,-0.22335757358646965,0.9212342417932247,-0.8829184290717451,-0.24350825067767987,0.39664599062311445,-0.9095871882184255,-0.1230237604220053,0.6101256391621105,-1.0926214644714263,-0.22209481859968558,0.779738227234669,-1.0304117693360757,-0.27572676328997914,0.9157976977765866,-0.8784529531570803,-0.3009463383132763,1.090172998352499,1.3922647205346925,1.3740941876970452,1.2990433975795264,1.3041984943663525,0.7986387285733146,0.8317915328003268,0.6507812797580141,0.746994147575744,0.5433907939080558,0.7598017561064323,0.45046282360142526,0.8241435747363671,0.680197785038773,0.8390222803125486,0.0,0.0,0.0,-0.24185596902806047,0.19593070444292315,0.03035307811681769,-0.5545307359032643,0.1996913839198488,0.041095828895290946,-0.7713507456665738,0.3987883766549083,0.010122441751148748,-0.9368336192426628,0.6009165112306105,-0.015199034050138123,-0.655991222232089,-0.6381740457909132,0.20976782343208142,-0.8597406394723723,-0.8557234349393914,0.1810845913950905,-1.0015891839018356,-0.7927421817721934,0.13168302458517514,-1.0951149593666203,-0.6747517335647796,0.09783896655732854,-0.649640605020802,-0.748111094798666,0.13526593860742464,-0.8964075808746256,-1.027960782570107,0.10401950338367091,-1.0452357906941665,-0.8701962905849997,0.059927088366706106,-1.1094859012947087,-0.6615835001043159,0.0384715655051985,-0.6326775098427538,-0.8350672335101645,0.03733951368737304,-0.8935763101911683,-1.0778470725426978,-0.00579235786574894,-1.0436270098676044,-0.8628486913544974,-0.04292208116096671,-1.1071448925629228,-0.6286968613171442,-0.053616127686383214,-0.6257079725239826,-0.8845074135919352,-0.06585695027369473,-0.874999528402019,-1.067467381964868,-0.08496414528938645,-1.021473911149527,-0.9063857883758287,-0.0891414702778145,-1.0910977548336394,-0.6797540512834136,-0.08771374850724184,1.1130987800949799,1.2900151702806584,1.2923357745316928,1.2743250157264734,1.2885082780162547,0.7635382802757887,0.954971899855991,0.610668744270328,0.8492913121562765,0.4767523668283966,0.8524332605144878,0.46157326530590764,0.8866271358858538,0.533670650326524,0.8597589946737241,0.993639041878648,-0.11261196407834591,-9.485476685340349e-07,0.4218030854760066,0.12861801353556482,0.08318826410211283,0.12345798302545989
heart_with_two_hands,0.0,0.0,0.0,0.2410500441271287,0.14553455494226752,-0.04554620850056391,0.6052732774604954,0.050737874509225955,-0.0662975705531389,0.8496027156649162,0.1506222209044393,-0.10083901653494909,1.0137925130917547,0.35019156780601424,-0.13716236610643417,0.7237608569698408,-0.6249000157325084,0.01050926928773261,0.9299281742875569,-0.9009339315767899,-0.0682568457221877,1.0812293207473473,-0.9242667931002615,-0.1404093945141843,1.1936888600171527,-0.8638199887568536,-0.1917926636049288,0.6397075461134827,-0.7680996162973392,-0.028235348224284782,0.8768260463215904,-1.0890456562267872,-0.12762292233387096,1.038058879730461,-1.0434024570288487,-0.20711506572520005,1.155204869819053,-0.8998586974224347,-0.251954678093764,0.525536954631033,-0.8572330230188242,-0.08243934368082464,0.7649076288035206,-1.2148542205135626,-0.1948198788244092,0.9090993326421938,-1.0974627630189373,-0.2552862217284772,1.0139711113072238,-0.8866540649972489,-0.28040983176403916,0.3862262110491082,-0.8983675284915513,-0.14278042075450792,0.5980962647139026,-1.0300134787219186,-0.2552454097932508,0.762744613759893,-0.9523859185739278,-0.3143252508721062,0.907232252318233,-0.807588046223725,-0.3441465617317855,1.0813061122731367,1.4858877795168832,1.4858415549424469,1.3758352078979839,1.2624205590854727,0.794983245241165,0.8440965437586071,0.7577975941379467,0.8111663058905683,0.6354429229556188,0.8062272975996811,0.49754326106318536,0.8520840722362233,0.7039992414327222,0.8801883642974987,0.0,0.0,0.0,-0.2389962021653181,0.1761595705274555,0.07571052552115862,-0.5355054710840503,0.17364183193484595,0.10577642417777035,-0.7356315466346692,0.3561409052352939,0.08342694117120232,-0.8985231917591134,0.5500687684301284,0.06308217329776833,-0.6297553050235176,-0.6395598844759902,0.267016540877352,-0.8390654150316552,-0.891150443808164,0.2550089991584691,-0.9924797458125275,-0.8174547467755924,0.21790785452814893,-1.0747540368511517,-0.6713428334150547,0.19637833385858394,-0.6213173720786945,-0.7640353259853401,0.17382388731040485,-0.8833339998922628,-1.0822417996072002,0.16623232015262684,-1.0391176985937767,-0.9041929024318222,0.13279181473846668,-1.0935149812358642,-0.6666890606308898,0.11875962500256326,-0.6076372185096641,-0.8503452048980952,0.059325734301232426,-0.883176660897599,-1.1428135364168779,0.03790621079788996,-1.0404996069839085,-0.9001823314578428,0.009253219386386072,-1.0928006622000908,-0.6398545804129954,0.0023907887871251095,-0.6116891696392401,-0.8905368217289753,-0.05678685938165414,-0.8719360484408304,-1.0938711967197832,-0.06179766384577257,-1.0174223819585848,-0.9092485190083582,-0.0588208199004213,-1.0726164292696496,-0.6658609855019745,-0.052852524067432946,1.0554141067463483,1.282326748420493,1.2862166093947476,1.266346274622969,1.2635941775954544,0.7552367615997143,0.9578630434669453,0.5790117011961347,0.8067888168949341,0.4494270322344868,0.8414870550581036,0.42583186808924045,0.8780345212738441,0.5012598304957684,0.8585255453239599,0.9943035014242361,-0.10658586704367352,-1.432677431417435e-06,0.4226328346862516,0.2061027973901928,0.1320566514571055,0.16001128725348152
heart_with_two_hands,0.0,0.0,0.0,0.24743289599722712,0.12934250071253814,-0.038227611110303435,0.6011952680954109,0.035160789683471444,-0.05705964255617641,0.8376699208076335,0.12529933291274245,-0.09179627976502627,1.0052525647871577,0.3078254532398972,-0.12513700059159505,0.6957538062235005,-0.6635711434948626,0.027928235733996106,0.8743784961356067,-0.9744913638400201,-0.059346854210308365,0.9970465398404467,-0.9244226159242449,-0.13917085297955978,1.0821340049783863,-0.7713868516763067,-0.19122136932302808,0.6129873493991941,-0.7899917766069384,-0.012629424767717137,0.818288824534145,-1.1273774158810907,-0.11925030019880471,0.9458894632588112,-1.0273677852647165,-0.2015951218111442,1.035463469500323,-0.821413782037433,-0.24387913653870139,0.5058434697199206,-0.868355595498218,-0.06978025870296259,0.7311517630959177,-1.2092502905360263,-0.18314548811209894,0.8590822511859388,-1.0661323903629234,-0.23993086242060882,0.9519937539925477,-0.8249617066820127,-0.25888384812761445,0.37558044668261287,-0.888515275665793,-0.13327716624049998,0.5888743019498193,-0.9989368072366035,-0.23918674115068603,0.7496422928890727,-0.9178980051540383,-0.29192229638969047,0.8922177041120439,-0.7744227793376861,-0.31521923137029395,1.0587485525801525,1.342615839231543,1.344017199008089,1.2860306263669943,1.2227617251589749,0.8003814620876867,0.8537093793476681,0.5749123059843646,0.7886832829895586,0.5052827493485046,0.8261254509240548,0.44906121199267146,0.8679860223445455,0.7161414675237728,0.8860885414549604,0.0,0.0,0.0,-0.23336924741468845,0.17757587170233544,0.018481956094131537,-0.51979559456883,0.16162550865509415,0.02721474590114718,-0.7291758132276777,0.2802972795811151,-0.0012304698295453177,-0.8837608796542022,0.4288914679801242,-0.024254982614844624,-0.6411836585523822,-0.6562509304550637,0.18484671215208925,-0.8503276176656793,-0.898452626462687,0.1449643196936621,-0.9825158325470423,-0.8287128666850991,0.09222321901781727,-1.0444601033245935,-0.6791807109816334,0.06326892095499968,-0.6279895543934096,-0.7683203461432889,0.12374556668836062,-0.8799487542608019,-1.0543474961342585,0.08653258429371537,-1.0203471804934674,-0.9034608061982667,0.03817276183037001,-1.0690792087734806,-0.6796058859347843,0.019326853930976044,-0.6029961535681948,-0.8517960545158065,0.04020902090643351,-0.8726792770791612,-1.1041366206372725,-0.007034923859063694,-1.0073456808957015,-0.8844827240432107,-0.04632103765149591,-1.0404630591066666,-0.6302994256952897,-0.05306681353933035,-0.5863403936084408,-0.8987702011023146,-0.047702784195455365,-0.8430590627724402,-1.0757187629768086,-0.07096055833843981,-0.9803948766527626,-0.9141326052935174,-0.07628905556092495,-1.0281821741800403,-0.6882915369571266,-0.07070594909656508,0.9826339541736595,1.2474719644004622,1.2669522651275398,1.2176439668871326,1.2393155991861171,0.8124866722348707,0.9208512691257164,0.5809535183735295,0.781238924317769,0.4764882108859626,0.8254653722821066,0.4431009951000147,0.8609828835086056,0.5326352289835817,0.8413789692128764,0.9955672377258591,-0.09405251280551236,-1.368135251461076e-06,0.43207745076133003,0.1303047312061601,0.11462177813765341,0.15059691193278243
heart_with_two_hands,0.0,0.0,0.0,0.3041507792269502,0.1727738180976821,-0.010939447509934091,0.6503209827179014,0.11523262085196331,-0.02424217173710611,0.8999310830601392,0.2152437104511809,-0.0614919771872738,1.0771972038508089,0.3836477419233081,-0.09843145504750771,0.7493899223519491,-0.5853775503509403,0.08183046315639184,0.9564648634574635,-0.8982954021300142,0.012130133039717338,1.0855543187926775,-0.8606742484222858,-0.06301412240034539,1.168295847355203,-0.7186573083828414,-0.11186032726306215,0.6757101519457622,-0.7364792466833768,0.03184509007870641,0.9040490858042887,-1.052602068148386,-0.05340332768808735,1.0395901162817065,-0.971509372355601,-0.1380209978205494,1.1213871036354957,-0.7793469294372191,-0.18375077054864486,0.5777475141146499,-0.8534470663962441,-0.0324221456413219,0.81870954143754,-1.1669846722431798,-0.11730143496305687,0.9572670553433047,-1.0372958587411119,-0.16966026233746967,1.0482988846892254,-0.8146018773052808,-0.18957246400317607,0.4624103115220022,-0.9101973246670226,-0.10195832831589924,0.6872987512448764,-1.0237511518739721,-0.17709991338745718,0.8561723104243396,-0.955858261229217,-0.21259261416364497,0.9977465890812237,-0.8213087528635464,-0.22616355437932206,1.1477056056365778,1.376189030131719,1.3779169126984574,1.3410609565781106,1.3119437018725228,0.8241356212424306,0.8806570340533616,0.6116316061318678,0.7678726706633209,0.556039891380251,0.7936780300804572,0.4886799953411655,0.8528399517174321,0.7361037040343087,0.8746032043228288,0.0,0.0,0.0,-0.21915120007974326,0.19230248639142702,-0.017560744180950178,-0.5163919551525263,0.18812878550829323,-0.04240275045861024,-0.7439058770994099,0.2980279239671121,-0.09887466587146064,-0.9107965805008765,0.5106766098918754,-0.14816731746719458,-0.6286352269840642,-0.6787426967025708,0.1301899622136368,-0.8338373962495528,-0.9524622008209309,0.05761175921798352,-0.9606486625584422,-0.8623499992439999,-0.016474928329892554,-1.0162683677466473,-0.6911799336451325,-0.05819495129552367,-0.5998958233210263,-0.7963424759681313,0.0772247507664115,-0.8422811409182162,-1.1294684351564046,0.008519397335033155,-0.9805929068678484,-0.9613232208143971,-0.04683551108871898,-1.0314573790964914,-0.7247369562455136,-0.06749865014446028,-0.568725419733929,-0.8782375756058055,-0.0011183306267236424,-0.8353529806616679,-1.1584866014796533,-0.07478205511119514,-0.9681026023593768,-0.9156889046723725,-0.10796140070162587,-1.0054610631856016,-0.6478452120258669,-0.10775437204466405,-0.545103403579951,-0.9141717408684149,-0.08657717549336791,-0.7963467403261062,-1.0831556122788186,-0.12726556685323992,-0.9199902204163847,-0.907663067085249,-0.1310132366580437,-0.9667575922662577,-0.684246087577951,-0.12319901783542442,1.0546537654169603,1.2304136492710138,1.262419917623268,1.2009439508244757,1.1907942511474423,0.8478060833139469,0.8574417956343009,0.5356440570676543,0.7968593226339077,0.4361826625442383,0.841795960209141,0.41124585875276637,0.8789288839033137,0.5075790445958105,0.8692923197182106,0.9982986519829817,-0.05830781634452294,-1.4474006748292144e-06,0.43413198367497596,0.0332716021629961,0.08190217280436685,0.11651140201590968
heart_with_two_hands,0.0,0.0,0.0,0.32608081303450726,0.14840964819948363,-0.018869792622382264,0.658661497376489,0.11537277880026789,-0.039252369394171094,0.907114514707392,0.24634550831943944,-0.08659209137183345,1.0893244887661084,0.44575848976678906,-0.13617759879750724,0.7379913149926802,-0.5911999738446124,0.08564300641060829,0.9593557607344015,-0.8587261352044019,0.013140210983374387,1.1007319184790405,-0.7913273797919478,-0.0665534368454297,1.1990730133274903,-0.6445901540644733,-0.12002336159955107,0.6648501960023236,-0.7462479725857473,0.03298757777306039,0.9082389329202277,-1.0665692969092528,-0.0576817030574221,1.0522900725078692,-0.9454835737071012,-0.15140239192957572,1.1418890573060303,-0.7190727297966278,-0.20553147657652612,0.572822687066141,-0.8676591814755185,-0.03657302740214934,0.8299605624234139,-1.202370953433273,-0.13562299685547657,0.9780781820374169,-1.0470062659149948,-0.2046835301177346,1.0736224362010218,-0.7895762177605942,-0.23474187018315112,0.4649448038857772,-0.930270110202562,-0.11156205866594895,0.713731599074011,-1.0485517821375112,-0.19442818922743532,0.8889693726279218,-0.9548946815885232,-0.23684224071808072,1.0345181501712255,-0.7933157699828647,-0.2561634287800667,1.184851387912833,1.3666302226047784,1.3649979479091372,1.3532181955562177,1.3286073220412264,0.812330707635491,0.8916663877872454,0.5988195333951071,0.8326855587116587,0.517528370905144,0.8331063597910342,0.4769426781390819,0.8583762517859101,0.7114619992093173,0.8842770469371237,0.0,0.0,0.0,-0.1924410687227279,0.13725242269065585,0.00040687373780029236,-0.4615683499998493,0.07465730501316267,-0.016340795148569422,-0.6779936143274312,0.12084025758658745,-0.06515503214827459,-0.8468732379984416,0.23765044079018607,-0.10546832753799755,-0.5530050892712712,-0.7393316946708338,0.13625863117325754,-0.7578670561829582,-1.040234766738784,0.0692669584658337,-0.8912891965495944,-0.9388044404822754,0.0014707720428349224,-0.9333597379830845,-0.7333053228241859,-0.0320227253032627,-0.5222701649383219,-0.8490023366829812,0.08018046596357484,-0.7593672673081723,-1.1785417786801435,0.029831045697701987,-0.8997146962299057,-1.0189501248406077,-0.018252420306033353,-0.9454760787054908,-0.7836476096355899,-0.03719499163120144,-0.4963894203423814,-0.916853579126015,0.0018043755975974429,-0.7464240176504163,-1.204438754536414,-0.052893490813218653,-0.8891065347059663,-0.9988820896826094,-0.07991821187051464,-0.9293513544661728,-0.7448605046099158,-0.08058469877550195,-0.4862316025141392,-0.9264325311881301,-0.08231457301207638,-0.7154558058394536,-1.124707114873405,-0.1126885823603617,-0.839869744279937,-0.9795676276746523,-0.11361979558794462,-0.8784322676854108,-0.7552910076116994,-0.1046435397332592,0.8858868897096273,1.1874015967253808,1.2285813196098703,1.1937357350153286,1.163210224120273,0.8531394865798803,0.876764077945529,0.5064420652777658,0.7690079329307176,0.43930123031331025,0.8274750669322937,0.42722088185445684,0.8533020302383161,0.4987399600612434,0.8280882406949949,0.9998790715578324,0.015551278321627794,-1.7917739162915377e-06,0.42572232178330344,0.053454149656000614,0.11323450159847369,0.11800128825186461
heart_with_two_hands,0.0,0.0,0.0,0.33079353518379523,0.1943238161921861,0.010349242348233492,0.6761746218477681,0.1666992865889328,0.011902118078914267,0.9255801629809624,0.30094852012960593,-0.01819048299886248,1.104875809545417,0.48909433798863317,-0.04961509142522969,0.7368732578038591,-0.5709462389763161,0.1425759361640874,0.9612636200666719,-0.8012940748615709,0.0972075951585185,1.121258897946622,-0.7582940563991045,0.03327280354777347,1.240263606129688,-0.6379561368945327,-0.012713335044893186,0.6744191933975946,-0.7340452512137509,0.0796010097139434,0.9310944308125694,-1.0252638013332767,0.009432167642928648,1.0962276181847148,-0.8982376864953276,-0.07459666238001321,1.204850414008873,-0.6669226470548549,-0.1231823424709964,0.5969274713382353,-0.8547848304587031,7.15868172961091e-05,0.8756548923089961,-1.1545380750294714,-0.09213472918687936,1.0440666237180474,-0.9626753232343652,-0.16244116784162532,1.1525105846399029,-0.6801499607170373,-0.1930259074489981,0.5085966866070082,-0.913531520833232,-0.08190826410714823,0.7743669151225212,-0.9965553367112445,-0.16601198978105813,0.9511460785962964,-0.8513303266786959,-0.20979985577383473,1.092524988165661,-0.6505775107551032,-0.22900243310601504,1.2093078529755417,1.3947772130986287,1.3826149958642315,1.352088613115615,1.2920155036357568,0.8143960280519884,0.9000572623810709,0.6670576851423848,0.8371168972240429,0.5406614514644242,0.8422161545870572,0.48828562579619755,0.8771762907356637,0.6929984361747151,0.9079664500798875,0.0,0.0,0.0,-0.1883777451953029,0.1111745643017766,-0.04613670755605588,-0.47217670660732713,0.03077697704900442,-0.08450341784801646,-0.7091038308562366,0.08242403697422222,-0.1428118294172484,-0.8819989723224273,0.24466414814961976,-0.19101064202255835,-0.5637332537903684,-0.7487289422800997,0.060266744273033114,-0.7685945012390035,-1.1098253448059838,-0.03554222132986171,-0.900960648276193,-1.0298786114378538,-0.12207765346448726,-0.9532031427624724,-0.8459390724630302,-0.16746220936646042,-0.53107991829383,-0.846947801836324,0.025170247309825207,-0.761496706647879,-1.223470687006291,-0.05691435317288588,-0.9004161142341117,-1.1090931604175769,-0.12154912553289716,-0.9522155856848229,-0.9078177167661576,-0.14951334135321434,-0.48937557142512994,-0.916505318735002,-0.03298205256709118,-0.7288165432424764,-1.2620128210063821,-0.10964706878102068,-0.8726171800847565,-1.1131218422346374,-0.14857113794311763,-0.9218722056493532,-0.8942715079941459,-0.1543340990525248,-0.4440720793126437,-0.9527158899312091,-0.09929610020866543,-0.6685407577321919,-1.1970183688661948,-0.14418685038136564,-0.8128066050157495,-1.1038005215537037,-0.15503236788857724,-0.878709145617059,-0.9150838746123704,-0.15162921139522323,0.9350228863153387,1.2853998355600342,1.324085256974872,1.2935953415536412,1.2776931078764524,0.8428318228394887,0.8322343663668771,0.5276031402075291,0.7621647483507027,0.4786611636117776,0.7944746337186905,0.4501859140443088,0.8198251236565214,0.556067535306051,0.7881232625953872,0.9953010462519666,0.09682885585604602,-1.830224386811529e-06,0.4417563990136482,0.0780598283389361,0.09527255318353033,0.08583208070819917
heart_with_two_hands,0.0,0.0,0.0,0.2972687309926577,0.12870238095316322,-0.029217658442118533,0.6437703241704448,0.07961524607040389,-0.060218055747429944,0.8958573154300394,0.2195559400267865,-0.115766593869293,1.0912069367180444,0.4082706586185266,-0.17042739288649408,0.7089103593628373,-0.6321293127675384,0.06910228690050901,0.9185969816311017,-0.8942518322914346,-0.016273034679808306,1.0745943001159193,-0.801487611038512,-0.10342302410702513,1.1855416748330447,-0.6281752958723755,-0.15975241970229223,0.6438365325046972,-0.7649795079275823,0.016759232178175463,0.8899880845325974,-1.0800200041408854,-0.07793313439231006,1.05483538829651,-0.941099332334078,-0.16813032576476514,1.1576246548274776,-0.7018982760623788,-0.21939918043692314,0.559373732894783,-0.8544291744469962,-0.054261344502093904,0.8315884715691843,-1.1785564886683761,-0.15220358336703935,1.003118403203635,-0.9991822487653175,-0.2131559759014775,1.107404943626914,-0.7210891755475145,-0.23783663252661771,0.4581293274963705,-0.8743290548447509,-0.13263972750736902,0.7154329837589324,-0.995605205573304,-0.21429156952618147,0.9005851422317768,-0.8872456111872379,-0.2526367987368307,1.0402276228159644,-0.7116093834888437,-0.26862737010679666,1.1774816370867407,1.3511602794306175,1.371456172023069,1.342714255540889,1.2886512662117777,0.7934908692425163,0.9183436504741629,0.5729186535371543,0.8503327930403414,0.5177551731325698,0.8449727604916328,0.48429101447654704,0.8635672573328863,0.6983023795930877,0.8785757280231418,0.0,0.0,0.0,-0.21504598387938795,0.11328004058025887,-0.05692636707508412,-0.5212770858817866,0.02449853305602376,-0.10135209048124467,-0.7751161550858681,0.09857020186678549,-0.16470097735374853,-0.9655494021369112,0.253793050976414,-0.2158185472622716,-0.5822596555096058,-0.7390561035263011,0.06675507757507798,-0.7958873520003046,-1.1101456884417031,-0.03495898780114,-0.9305031545807737,-1.036948927154521,-0.12725842354023154,-0.980299366500119,-0.8377297061058637,-0.17349487827167726,-0.5467633272389649,-0.8364988588152346,0.03632524173886203,-0.7701687747131956,-1.2137442234780027,-0.05182625318687983,-0.9079372467873074,-1.0945017358263707,-0.1206247048639375,-0.9571322754580096,-0.8680839183330932,-0.14697959288064155,-0.49348881074544,-0.9053856202428332,-0.019222637020889853,-0.7218445848813096,-1.2437308510817913,-0.09211935911293172,-0.8662236875994273,-1.1104738489127828,-0.12619783843074162,-0.9217225119631942,-0.8872997552721605,-0.12668186284938002,-0.43186507251871786,-0.9410716334031276,-0.08524297495788988,-0.64698597631754,-1.1843610239144509,-0.12363119984248566,-0.7935074520127358,-1.1227357423935083,-0.13030507924338275,-0.8660607999094215,-0.9581293838239621,-0.1219326116409884,1.0214079527951898,1.3011065987225086,1.3004902470665909,1.285659962486491,1.2972820769085742,0.8204417427873915,0.8754398241155643,0.544553608054692,0.7374378227751257,0.47020547220221964,0.7866214825963624,0.46283266852373905,0.8080352789814357,0.6045539367490649,0.7573153871768151,0.9963195543013615,0.0857166594871141,-1.7625096696635998e-06,0.4563208210673436,0.02299304704178715,0.03758904333267479,0.12502934296912396
heart_with_two_hands,0.0,0.0,0.0,0.3230894703833622,0.16085658475709896,0.01101430292768009,0.663075053503945,0.14057937112085497,0.0034962767629378253,0.9060032160466469,0.29440710982310114,-0.038796580102537566,1.0883657013752561,0.48678706190420856,-0.07917725985393687,0.745871838334092,-0.5974599452960512,0.1505431816827636,0.9608644211817525,-0.8671415510507114,0.08755605577349856,1.104731588128614,-0.7478455366729454,0.00871540061604569,1.1864375679184125,-0.5370295638406443,-0.03931342878631663,0.6904640056669126,-0.7180804697621165,0.08729201466697925,0.932727395085449,-1.0294912892009502,0.025784681864824265,1.0864001017261833,-0.8821459051339163,-0.0532952637355469,1.1627259653655138,-0.62566679707063,-0.0974696649739605,0.6201529504544593,-0.8122506734051497,0.00557858910172861,0.886597666433162,-1.1003420982675962,-0.0580790415411972,1.0576500252303627,-0.9144147602550283,-0.10666325167480974,1.1465415164857256,-0.6271041443661228,-0.12467176879413562,0.5394171800891183,-0.8477572349768191,-0.08280994757183403,0.7937846398624164,-0.9647446463736331,-0.1378637007578759,0.9685466069163747,-0.8520110207418512,-0.16003607585896776,1.0880933403962523,-0.6644478154498439,-0.16278746959945092,1.1948935442311852,1.3029122766671464,1.3239678799283323,1.3127681085556628,1.2852773152628723,0.7983123470441984,0.9220321917227592,0.516677733137324,0.8345207963975579,0.48668762762218143,0.8299480913823621,0.4847587592361174,0.8539845165196951,0.6832249674059553,0.8600533076821562,0.0,0.0,0.0,-0.21992674939142068,0.08184506211156771,-0.0240193308220352,-0.5152947794783566,-0.022285480386467237,-0.053783033220529346,-0.7332496939403306,0.04383520147090212,-0.10613931817575352,-0.8854031123075987,0.213274950203374,-0.15133834984378652,-0.5609741950834074,-0.7611923607129153,0.07346135012679678,-0.738983533068278,-1.1405313959710368,-0.022142906316169653,-0.8598583519875467,-1.099924572543034,-0.10807052748646642,-0.9029556537657196,-0.9335755479767722,-0.15279542081064768,-0.5062203255703452,-0.8620366008448181,0.025176989164026824,-0.7012144663810048,-1.2815364556194921,-0.06552932596621139,-0.833970326509492,-1.19101612246487,-0.13215362670492073,-0.8728408917591168,-0.9698072790460535,-0.15817116254193547,-0.4402561597826809,-0.9247675727105151,-0.04410910687983535,-0.6371223398065479,-1.3086070469575406,-0.12062736361460158,-0.784859061970925,-1.1857761784902143,-0.16073979859614435,-0.8400201408140576,-0.9705700607806332,-0.16578692346826077,-0.3694292938806755,-0.9479954938756765,-0.11987675535211002,-0.5580097539683098,-1.2072477753142152,-0.16426378466043756,-0.7049625580399761,-1.1773264511168378,-0.17938452457272533,-0.7823152076277529,-1.0494298129678092,-0.17832678696704224,0.9232162107554623,1.3077609326892707,1.3143041875750938,1.2942663496553026,1.321030075123687,0.7968473483064353,0.8303375388500778,0.569564214474455,0.6965405446663109,0.4765192327998395,0.7399453829612226,0.4442123915246415,0.7938726013997548,0.6389623221060571,0.7352905148968505,0.9880741442441761,0.15397884748775306,-1.5755789281855282e-06,0.46697402924227144,0.06734700796834521,0.07106794831969261,0.1107546299163381
heart_with_two_hands,0.0,0.0,0.0,0.34828262859016823,0.1712368099856132,0.06819506571644106,0.6663853201815798,0.15576428706271533,0.09339556685219619,0.8865024753141394,0.3126376660105483,0.06986207689480664,1.0612225578552674,0.5139681868602295,0.04612551945361451,0.7441678758184459,-0.5728104808872223,0.2468617299610279,0.9583247645782357,-0.7958081154901984,0.2124736943035567,1.1098638393982525,-0.6805736660909082,0.14815406607952755,1.2092463708820147,-0.4969027841972814,0.10459688477543846,0.7078440305264756,-0.6891778495462539,0.15488938034234243,0.9617096998473194,-0.9612730401698196,0.10866633049314407,1.1250688638391848,-0.8022979814657963,0.030775159134850606,1.2052486376633498,-0.5442018341841053,-0.013864647649894276,0.6540347099062267,-0.7799393472765938,0.044811471831076845,0.9313079444715391,-1.0355529717369736,-0.010643638712013286,1.1037637682086288,-0.8271404549058475,-0.06773289083346125,1.1925408800545456,-0.5314103516567332,-0.0934708407831604,0.596984603051221,-0.8076654596179508,-0.06776062635827379,0.8598216080253442,-0.8844986062725655,-0.12212601504273397,1.0334379960424573,-0.7319471971384175,-0.1525600393975456,1.153387369472296,-0.5136393427618291,-0.1634716276350124,1.1800356680838653,1.3115371404344824,1.3224871051821867,1.3089260905513016,1.2731263768898462,0.7812220879794923,0.9248955394811337,0.5458228714060204,0.8642285876730472,0.5063972217766194,0.8378399250858484,0.4930831314055529,0.8681160372976697,0.684040098469318,0.8864186503391482,0.0,0.0,0.0,-0.2464816881316956,0.08181611606250747,0.0007047795644540786,-0.5414053977695181,-0.027353927672380915,-0.012667301278413399,-0.7534106736380194,0.018184395325664897,-0.054153805625034496,-0.8988311846314002,0.18425313426641457,-0.08985073462893287,-0.5892149462520484,-0.7393118842533731,0.09723456687920909,-0.7670130884307406,-1.1112683674136663,0.014168058911613554,-0.8873124288685985,-1.0709356104527437,-0.060283495433717235,-0.9381564683091399,-0.9212277335626206,-0.09954611463802913,-0.530532379984667,-0.8468291146757585,0.03762770688304049,-0.727473443090641,-1.2565805037299753,-0.03986771093961212,-0.8647789856084455,-1.1635227368011203,-0.09676810986304825,-0.9128991993219454,-0.9611135942113583,-0.12027891496000087,-0.45579338236908246,-0.9161262974171759,-0.04227681733400947,-0.6560599695315934,-1.307179008865425,-0.11818082200162497,-0.8037456041304559,-1.149522506027324,-0.15827912089434143,-0.8590811571152469,-0.925780398546442,-0.1653778280544754,-0.37766306652336534,-0.9473126030519584,-0.12610129308398654,-0.5732402270226655,-1.2270375932901045,-0.17421664850795432,-0.7178828810927305,-1.144977534717028,-0.19083057272526843,-0.79291025881597,-0.9779236076164098,-0.19287770338713572,0.9219109883639757,1.3186005934530474,1.331011384806486,1.2737502136821397,1.2736730621839336,0.8152246866710757,0.7992868155496524,0.5651333610984431,0.716593845077224,0.4736778117571359,0.7602066614666556,0.40422739737854374,0.831514329400109,0.533957668223802,0.7970556799681503,0.9826623756521948,0.18540403306046654,-1.5805460733766464e-06,0.48037517807674185,0.09995252770531639,0.09376121368549453,0.07567901141353879
heart_with_two_hands,0.0,0.0,0.0,0.3340604886872378,0.17067298127841385,0.05988245103952057,0.6552312928359705,0.15821508807557477,0.08359221620417993,0.8822007875904971,0.3194659415417244,0.05784609052166857,1.0681803178835363,0.5100845705182846,0.03094128423416122,0.7338796857867929,-0.5626598984836031,0.2639637268581881,0.951133745821765,-0.7542059063288371,0.23235898371980143,1.1117816474227953,-0.6509783426802613,0.1633654223427357,1.2244431385868022,-0.4985461464929855,0.11322020110283314,0.7109852793005437,-0.6817108640789258,0.17254051818251923,0.9745832570251272,-0.9260702686258996,0.12640565622291616,1.1425493085968248,-0.7700518703453756,0.04010526922707538,1.228661208301282,-0.5271479786340929,-0.012974489970482167,0.6703668109882103,-0.7712350823387548,0.06083706404452144,0.9552325218338985,-0.9919988408969923,0.007211550341065644,1.128165340769366,-0.7772518936173065,-0.05241943687670398,1.2213920724822307,-0.489000316298071,-0.08254663998626241,0.6255743597644382,-0.7966311555634441,-0.05496889808590407,0.8872453551949275,-0.8605233065352468,-0.10160929547387015,1.0538974903689362,-0.7082683652296093,-0.12749395420990772,1.1727830007857873,-0.4968890013669157,-0.13896365468928998,1.1841253411968915,1.3268866092296923,1.3370346643046955,1.3182313347190144,1.2812609195383005,0.7847155104744828,0.9429045273318734,0.5945211127699312,0.8862430133022157,0.5364129075386056,0.8447934681535585,0.515651644353112,0.879674080157121,0.6910884521363491,0.8968494164566726,0.0,0.0,0.0,-0.267934920673339,0.031053823916647693,-0.00775173129873276,-0.5705488840501254,-0.07182309037498195,-0.032433220690818956,-0.7789667361294715,-0.015688823160780258,-0.0822437805082984,-0.9208184117521311,0.13436472699836668,-0.1262454449088525,-0.5851468288793674,-0.7488982465249971,0.07924096857728868,-0.7521816670398388,-1.1061773351821975,-0.01019010449817164,-0.8694233534853253,-1.0616322378510357,-0.09018885694414121,-0.9192486049628907,-0.9136745453902995,-0.1331391016463093,-0.5099116621411208,-0.8599643238471323,0.021247553332650836,-0.6946216567708584,-1.2865613090084764,-0.06326616413491457,-0.8359214732752327,-1.2010316200115896,-0.12123346020398763,-0.8873036916370064,-0.9973830222574147,-0.1458583356460575,-0.4171759616420465,-0.9251244023037395,-0.05725590891355644,-0.6045402214400465,-1.3442694917815288,-0.13511807608422355,-0.7605743425651051,-1.194992499078731,-0.17428415200023367,-0.8243319181950419,-0.9659727625770723,-0.18159955949329595,-0.32095448372482255,-0.9337101900006906,-0.14038307914268916,-0.5102044119758556,-1.21973628006634,-0.18805146732305952,-0.6634335274475736,-1.144429209859913,-0.20509080774501096,-0.7510548369742104,-0.9762423754199498,-0.20878078780281686,0.939094425307326,1.302898765448635,1.3428906836959709,1.2828113226051823,1.2492885819791635,0.8083410351081298,0.8289868184550204,0.5575773324419193,0.7289257978921847,0.4788624641445635,0.7491599875652082,0.40423849201047896,0.8240282083397299,0.5444572490325582,0.7971021567503358,0.9760812726012612,0.21740595501278864,-1.442088369998311e-06,0.4845826326590778,0.12683156017468308,0.08966252502892423,0.07059678566966342
heart_with_two_hands,0.0,0.0,0.0,0.335904685235198,0.16746826966056289,0.09653517726849736,0.6332104104782195,0.16841026346516166,0.13574596877478826,0.8563381370516306,0.33107871477612383,0.11683190063709437,1.0317302369508774,0.5280887698024037,0.09516813076877444,0.7046285848030478,-0.57307195168743,0.334456849544535,0.9333542869285545,-0.7471455709783708,0.32991476541243087,1.088238990092171,-0.628167843587714,0.27152454924676506,1.1893800725607033,-0.46476700374560626,0.2248919395759994,0.695154400549786,-0.6806230197606201,0.23132804492365847,0.9715159111494371,-0.9045152424055206,0.20514793845180637,1.1355673170811695,-0.7286241809720624,0.11714622763109385,1.2020123182317193,-0.4667574123151364,0.06041598667526973,0.6716426184060306,-0.7597718612185164,0.10999455622617388,0.9633763907405415,-0.9637563083902935,0.07927856380162872,1.1291351928095814,-0.7237114683677048,0.016757083042867906,1.1986084010917368,-0.4160760482803292,-0.019888297379242817,0.6505444688212547,-0.7775200809388072,-0.013062289325182585,0.9131223936036151,-0.8337419376712236,-0.039161556487104406,1.0683214399444672,-0.6670336327760531,-0.06345050213037524,1.165371918200506,-0.43898529617908694,-0.07812479303138069,1.162928202316958,1.2966147111850257,1.2908703213637922,1.2689274689646015,1.2477593042241615,0.7910403020022903,0.9321178351092052,0.5822858313615046,0.8877315686805266,0.5288273161059591,0.8399615095072162,0.5039191993146929,0.8762315517563579,0.6733303382532344,0.8888253306957116,0.0,0.0,0.0,-0.26752169761771244,0.013183081368615231,-0.01753311327800431,-0.5455843160559808,-0.08309141182326903,-0.049236169238028336,-0.7450503077189357,-0.05802919964454827,-0.10448088704113859,-0.887531097055748,0.05469112805834333,-0.1532556516325785,-0.5967190013455368,-0.7366991137388132,0.06790007408551674,-0.7786802544037408,-1.1031383804247794,-0.037842280934668154,-0.9020155137591294,-1.07599314253436,-0.13139498818807774,-0.9466280925547678,-0.9162432462520862,-0.17891746923509053,-0.5183085785007606,-0.8550459645646605,0.01589389613059216,-0.7123466732840787,-1.275291236832982,-0.08012821775432649,-0.837593138151218,-1.1891095458732048,-0.1457843333358087,-0.8659445172321403,-0.9646652907136956,-0.1733750745909336,-0.4214681508907827,-0.9365673268135186,-0.05731341035844479,-0.6084012058077567,-1.3684885270070757,-0.13831963482413961,-0.7409457140535105,-1.2250370973778628,-0.17462716199358,-0.7772264515247284,-0.9858144743662026,-0.17983629540707288,-0.31178252881984986,-0.9720569591023274,-0.1368437578222173,-0.4934809518918319,-1.259519345480675,-0.18697902718562018,-0.6371215929588869,-1.185599654087052,-0.20262342638043157,-0.7149639892065748,-1.0128292125918215,-0.2035675221518355,0.9023246990338898,1.3295179174098892,1.3078600638147628,1.268168848365774,1.2563583309775066,0.8480126314049266,0.8329333955871806,0.6094442235125609,0.6766034453037992,0.47716868736589907,0.7271583942880137,0.38245897047120647,0.8047689333917412,0.5322021778734016,0.7844120672199344,0.9696492674585245,0.24450009839475145,-1.4503251199802446e-06,0.4817618438101416,0.20040271773882387,0.13217280723353436,0.09828366739417238
heart_with_two_hands,0.0,0.0,0.0,0.31926013755555727,0.19968791744683706,0.11081745658803101,0.6096810074479669,0.20314278461419644,0.15928311490317365,0.8214794027909595,0.3831484832163749,0.1466468234546319,0.981721631006168,0.5827221326211678,0.13049309792688343,0.7088397448312265,-0.5588381772733958,0.35543194731419214,0.949802414006612,-0.6941188999249414,0.3640170755543007,1.1071605993818738,-0.5680689973334754,0.3130394709960543,1.1992681215702312,-0.39080224953140186,0.26952486896311856,0.7021168890438239,-0.6681846973261797,0.24609161785510816,0.985413288382549,-0.8484244777526361,0.22449789199222403,1.1427933987771648,-0.63657939501549,0.13595137985903918,1.1939029403636405,-0.3429742384886879,0.08062226350921838,0.6784765593522838,-0.754418506829639,0.12022233873190737,0.987311995058593,-0.9178242573962048,0.09327042026235165,1.1437230195977683,-0.648551487348312,0.02874981185591722,1.1999325786273551,-0.3329443159585113,-0.009244236555013233,0.6509267407685471,-0.7672534131593862,-0.005669384316206434,0.9314945069633339,-0.7823174491039103,-0.029300265896235366,1.0793111818572019,-0.5957419829376999,-0.05365772307052905,1.166734488145959,-0.3677324862258704,-0.06831843135663426,1.1490739285348561,1.2898116454129964,1.244803401605728,1.2453013959238382,1.2252199620142106,0.7703678853548427,0.9394010726552089,0.6156164906973548,0.8706589457907437,0.5282939834901078,0.8496838279758495,0.5172698700712867,0.8867094894960054,0.6975645622206722,0.9026778054761884,0.0,0.0,0.0,-0.26277789434365756,0.01154019437994444,-0.02387903070771734,-0.5600624081831321,-0.0890365202526109,-0.05929026323580505,-0.7698647610802232,-0.02025723421294613,-0.11721933025794946,-0.9011278242728569,0.13849962359497714,-0.16840893368490292,-0.5726235596222298,-0.7558438270561622,0.05672036267870278,-0.7294592785759649,-1.151590178479176,-0.04982723638301306,-0.844517235560252,-1.1167407511024503,-0.13963270421860707,-0.8809007183795933,-0.9467893886347654,-0.18374151393079288,-0.4874822381264809,-0.8731223721937422,0.0042884363081518,-0.6539495879046224,-1.3421645067622134,-0.09519658469865334,-0.7828752174606727,-1.248990451268338,-0.15210779345756834,-0.811595627665122,-1.00622548976281,-0.17042317559654463,-0.38521964751864934,-0.9468265905599386,-0.07062222426059621,-0.5563131352876888,-1.4027591072783967,-0.15211535828566253,-0.6966862163961391,-1.2597376158771618,-0.179953778305494,-0.7386512979183957,-1.0171713702888439,-0.17738414374422726,-0.27509068363441624,-0.9642828079912739,-0.15289751566315857,-0.445348699999391,-1.2708698990071443,-0.2013254983613034,-0.5868957376339039,-1.1943138386939598,-0.21256303412113317,-0.6600750682741536,-1.0098066990315029,-0.20980650573331433,0.9271327145342081,1.30619951233135,1.303925326801332,1.2695308073866058,1.2245111004045868,0.7939303208117627,0.8264237778296253,0.5673159475159892,0.6751528858950359,0.4380667061820027,0.7297541319166625,0.37260390803691273,0.8023544519160172,0.5065364262812323,0.7765713006144618,0.9641269118980842,0.2654417031146455,-1.2084191844252972e-06,0.4740844973550038,0.2237576253612361,0.1611757765123574,0.11101152018241935
heart_with_two_hands,0.0,0.0,0.0,0.3174606569653341,0.20016902486636773,0.11783924349450045,0.5840146619216968,0.19749177245426588,0.16316774407258663,0.7806127422581192,0.37124994404702977,0.14405557687658158,0.9425260702451115,0.5651610270883537,0.12100427201602125,0.6565643290070476,-0.6044938419212157,0.3768302555506623,0.882881218659063,-0.7047077515982392,0.4004425387865054,1.0479129092049355,-0.5748088313137371,0.35963781488584917,1.1450992440937804,-0.40933837432712344,0.3227419917580455,0.6496149939010496,-0.7129048017866372,0.2641346309905137,0.9320383557877893,-0.86326069853978,0.26930327375832525,1.089823553972745,-0.6516648732128957,0.19876908593107823,1.1466381954895315,-0.3815738457876513,0.15168076279191914,0.6394392390525647,-0.7782591679850404,0.13480336555967642,0.9477189827057022,-0.8826172433475122,0.13467555648505936,1.0952604585670964,-0.5988964551397955,0.08737027092716014,1.1382341590521698,-0.2909542051560051,0.05559312105835332,0.6342151182957952,-0.7492628368936308,0.003676139490241759,0.9096808804289322,-0.7150062426313002,0.006207052901870427,1.0514568394389792,-0.5131519697712845,-0.0012448611493127394,1.1239015331644562,-0.28954070370971524,-0.008137408604961177,1.1056239928101157,1.2581623809210278,1.2179428578327498,1.1761470764492727,1.1606268533740447,0.75493283065723,0.9516577050087343,0.6447705368888691,0.8834795691384223,0.5452374364605187,0.8621670114073688,0.5482321384728945,0.8914000215840555,0.7340262501490312,0.9048648592993419,0.0,0.0,0.0,-0.27496738562731887,0.01629687907670278,-0.03387053510170441,-0.5809627440515232,-0.07278083068691933,-0.07562991031068075,-0.8035220598891732,0.018318997257915318,-0.13852019738293142,-0.9515837124546977,0.181984785888299,-0.19550069515078553,-0.5893929345384535,-0.7414576045923779,0.04523485188705471,-0.7800682546405907,-1.0932053813281621,-0.053887793598308226,-0.9114899807262347,-1.118257415176046,-0.14084945434743004,-0.9815298892545851,-1.0162194277060097,-0.1860668583223679,-0.5041780980915455,-0.8635977709963055,-0.0018262899563585486,-0.698827981362594,-1.271387393677358,-0.09793314387649246,-0.835511895056054,-1.2054531509301414,-0.15456942249495148,-0.8820791174322363,-0.9900627280342493,-0.17291632559540243,-0.39653354596941753,-0.9446827421941038,-0.07008679446971477,-0.5792943104022692,-1.362962435350471,-0.15123973525837045,-0.7120222759021839,-1.2191161439566311,-0.17189512799142706,-0.747336213813036,-0.9741058381861999,-0.16212429362682568,-0.28146853280986794,-0.9691034624488526,-0.14668917156598368,-0.4571521495366952,-1.2709145733030558,-0.19326856015820887,-0.5917748536006735,-1.1797873547516107,-0.1959192994093338,-0.653518333536511,-0.9739481427520259,-0.18462996504974521,0.9883574990398541,1.4250346397590494,1.3372314049969318,1.2384174930324747,1.187328691236226,0.7866643327189967,0.8623925370339165,0.7235661804931334,0.6678573318795935,0.5219726074102614,0.7061076927424432,0.37757938124757284,0.8031724429433341,0.47926496146555275,0.781157414231437,0.9662992818517837,0.2574212459985777,-1.125474534281053e-06,0.46982157867309393,0.27096752174871896,0.1667831079869719,0.12768504601782593
heart_with_two_hands,0.0,0.0,0.0,0.339207066349378,0.2177717050385786,0.10566060849969834,0.6337739907274387,0.20715680820894214,0.15229086675879003,0.8408753589260373,0.369739076314955,0.13889747354069276,0.9938439947975748,0.5612224404859734,0.12219202207124558,0.7135832943415632,-0.5547075317994724,0.340057306245613,0.9320135906863115,-0.6574924105586777,0.3423164545093354,1.0979688238763836,-0.5308603522226327,0.2884252270997224,1.198899485120269,-0.3624131484516181,0.24330697935474896,0.6987644754282862,-0.6777357322009554,0.2289158910549175,0.9783308251283009,-0.860481184764921,0.19931656922159116,1.143506811026815,-0.6557300356591012,0.11373708283717333,1.2049963426846897,-0.3737231678239384,0.0633892888960924,0.6737351759093176,-0.7571797234499389,0.100983822360317,0.9761518140489034,-0.9268293708791712,0.061401733171440716,1.141097807514716,-0.6577525026721689,-0.0051583420535428895,1.205122143914657,-0.3368080960642089,-0.04011695315315187,0.6511220832448593,-0.752515430607552,-0.027779844479576096,0.9296514088998856,-0.7525168455498114,-0.06145386437301328,1.087185677548999,-0.5649600747796011,-0.09082396556032506,1.185385242970112,-0.33207099801102286,-0.10727043435964341,1.1478795250191083,1.275892453067653,1.2632115396870747,1.2519458635492786,1.2356845341991842,0.7678058776881161,0.9263336905737142,0.6464596390399318,0.8824757959560038,0.538850624340922,0.849893095494378,0.5194327133698767,0.8844748866115012,0.7245008888788023,0.9034961332498578,0.0,0.0,0.0,-0.2809551556733722,0.01827739828488168,-0.03728738777684425,-0.5861623243341444,-0.06851498022592795,-0.07932550660944925,-0.8063586774316706,0.02448011245664298,-0.14178643516653525,-0.9537419666996858,0.17827777098532166,-0.19660553419409438,-0.5816348151016136,-0.745940167436102,0.05151665896732548,-0.7650586162058317,-1.1042681218523451,-0.05655196691330674,-0.8969696001967712,-1.103293659701184,-0.15098983432557891,-0.9575018946950201,-0.9670892336656288,-0.19800529576261702,-0.4965046451649265,-0.8680038851542722,0.007238279266477209,-0.6797340312564062,-1.307747834021687,-0.10178903575332583,-0.8047656943941439,-1.2200721005314432,-0.16751686756995487,-0.8280183134279309,-0.9793929455597856,-0.18692345768956684,-0.39183749045564303,-0.9450667603741078,-0.05942728007748707,-0.5626638352910689,-1.377953270023452,-0.1441724617075925,-0.6969165520889219,-1.2310946095346953,-0.17280058622021263,-0.7263636631042997,-0.9798250083916422,-0.16566470319510168,-0.27921470367666057,-0.9585431952953081,-0.1346727238739906,-0.4450843939990498,-1.2632669787436441,-0.1801230267618105,-0.5845916207796601,-1.1889647701815003,-0.18808921837815973,-0.6483971426615449,-0.9989340414274671,-0.17964318902658483,0.9899800193677774,1.3752372745699442,1.2960575790523088,1.2308964262003117,1.2043918586149234,0.7852940414742243,0.8746192204372508,0.6679869280821948,0.6649287206455087,0.466720132231433,0.7156987407033826,0.36836271755252886,0.7946296530289001,0.5049460676691837,0.7571883922755478,0.9649524593113096,0.2624247535357447,-8.712842428770102e-07,0.4724153767407155,0.2283600072815192,0.17116861331294497,0.09601325456893649
heart_with_two_hands,0.0,0.0,0.0,0.331077385050681,0.21237816662691048,0.09495241918691631,0.6353044414419419,0.19172223635912955,0.14029804313086128,0.8558066442436215,0.352860814604187,0.12678550688607362,1.0186380713424648,0.5378305986625206,0.11158252167529754,0.7064463313261826,-0.5676944184313869,0.34464794510537106,0.9358994116450974,-0.6925157186278349,0.34349811086387816,1.1035749002682398,-0.5609932917309515,0.2875041527643411,1.2014168538372791,-0.38724679094746045,0.24215388903732116,0.6981886693988539,-0.6751484666036026,0.23813258904623258,0.9880134551433171,-0.8683256109410313,0.20666337233491788,1.151203265486573,-0.6607381323338056,0.11774496156110136,1.214723879690349,-0.3759147127591355,0.06551092367301144,0.6801270498385723,-0.7518450407882061,0.11259096252739333,0.9943583744976096,-0.9465382742435158,0.07276968030242602,1.1569525006910455,-0.6772324651698616,0.006863380637238907,1.2196449936121967,-0.34817469769546117,-0.02674825890880938,0.6612813389371224,-0.7527854128227415,-0.015157870797317221,0.9491880063598831,-0.7735162195898014,-0.0485973333932004,1.1061537236998198,-0.5779151245799854,-0.07550548334928606,1.1986209525547977,-0.3278715189353949,-0.08930017440241465,1.157296821212864,1.2853019255253886,1.2732468952560803,1.2686508581612492,1.2458597200249615,0.7694862830532779,0.9306465166843021,0.6255761038780652,0.8781553595037834,0.5327033891424369,0.8546451066582587,0.5034218943373511,0.8833863680011034,0.694423790340742,0.8963297873240395,0.0,0.0,0.0,-0.27615996928054387,0.023060847859855127,-0.029714843253942327,-0.5851674657055306,-0.06817330490392619,-0.06830334755502875,-0.8007359447286836,0.014988015837902059,-0.12730427516816364,-0.9366621057581338,0.1729797920326553,-0.1795727111645652,-0.5739198548552458,-0.7619809910420852,0.04422230373909312,-0.7341205358749034,-1.1721131523175383,-0.05764566711306104,-0.8484123043490582,-1.1796990071509257,-0.14062860939684382,-0.9020099618197804,-1.066410282399237,-0.18194056367387362,-0.4851071207447861,-0.8744445749656926,-0.004215058217020739,-0.6601129318108436,-1.3673169348400966,-0.11036312358425897,-0.792158628041806,-1.2991663896554368,-0.16822121700984727,-0.8317877434902905,-1.0946072851311937,-0.1835828154586678,-0.38246105619873705,-0.9434195876139583,-0.07389406553326416,-0.5570563842806274,-1.4120287400213405,-0.16125088464336795,-0.6993337190414821,-1.2737806836080239,-0.19323679143927802,-0.7465995956776896,-1.0421443814743139,-0.18917982097769173,-0.27202443401879733,-0.953509415585344,-0.15051785892513772,-0.43771761439090623,-1.272467084189531,-0.2001590455822181,-0.5826816734083664,-1.2146887760372145,-0.21440540095286906,-0.6615132605737601,-1.0507455352636186,-0.21220186620965542,0.969280283204974,1.408529456681297,1.386989044302327,1.2958645271669882,1.259641062292833,0.7910635247070427,0.8482210510389191,0.654786783229579,0.6542407328335952,0.4837628075167216,0.7057034265157738,0.38135130030816666,0.8020644941101709,0.5353303373832775,0.7614246610095693,0.9681067556429839,0.2505380403805439,-8.32287742380997e-07,0.47397601698910474,0.21612281608539274,0.15700242921773958,0.1193533148194619
heart_with_two_hands,0.0,0.0,0.0,0.3242041207663254,0.1829883022035333,0.1024499049519537,0.6140419656772306,0.1804910036005838,0.13476877488715355,0.8245492027747832,0.33529442461597797,0.10902827903065937,0.9926919632245419,0.4899052003744828,0.07924984202266336,0.70137969757214,-0.6154725033938394,0.30128578538981354,0.9352396714098045,-0.7979811482445595,0.2847197295801817,1.0987898716142663,-0.657656925179071,0.22274262728767974,1.1837386067448075,-0.48193731431796494,0.17659848064774325,0.6825541243689267,-0.7059876596590411,0.18894785448932094,0.972411160463418,-0.9185258618220858,0.1584584116327502,1.137118454577597,-0.7227404627981225,0.07570644819881914,1.1871783513697218,-0.466386954955546,0.022877088663752168,0.652279604432994,-0.76913362115693,0.06123909958240945,0.9635382328574024,-0.9513509756223917,0.03224745908252852,1.1218068237600414,-0.7030280613342925,-0.016452701861571876,1.1757440730575779,-0.41543790740288,-0.04414531620306468,0.6149044688070598,-0.7449990576001531,-0.06787633393826878,0.8965949839830757,-0.7784264323019142,-0.09182394389093164,1.050824380806622,-0.6051234437305933,-0.10502893740039151,1.1322196910527902,-0.3939657844173632,-0.11125072370287144,1.1098310577133685,1.2902277657054364,1.2757086622341978,1.2477626333481764,1.2039548129492552,0.7852169495789443,0.9639810792327501,0.5657519369303269,0.8724845024902032,0.528432640962197,0.8401164754779203,0.5159980677206281,0.877429452800328,0.6945985923011307,0.8853530789881348,0.0,0.0,0.0,-0.2843310016918709,0.035672809268932314,-0.003275197562283381,-0.5797402781841764,-0.054649190038689954,-0.02216201950328346,-0.7775545320218128,0.002709865990847458,-0.06836530919091048,-0.9101766801612592,0.1433965558021657,-0.11113244451642157,-0.6029290544223516,-0.7301763323207737,0.09330308373940863,-0.7840780525715512,-1.0776812035164909,0.006568872176216315,-0.9074689827137674,-1.0748347192942351,-0.07489469581984347,-0.9803838134373893,-0.9562742194768066,-0.11709367702160142,-0.5228217075237624,-0.8518238891389792,0.032458034969500726,-0.7106292180465918,-1.2711068677380604,-0.04620820474789362,-0.8587540115679085,-1.230220880242062,-0.1050710185315111,-0.93070926185664,-1.0518590024407561,-0.13087489711006475,-0.42446281547205333,-0.9324638844993084,-0.04994967900235571,-0.6009152908486789,-1.368380539374209,-0.12255821991873217,-0.7535487570743834,-1.2340769569303485,-0.16359292205204448,-0.8239467221658139,-1.0071628842688198,-0.1730517693346417,-0.31978234847060394,-0.9690847538165541,-0.13746892920235285,-0.4986703691035828,-1.2663012401279032,-0.18259192005133212,-0.6398799489315405,-1.1659249250856087,-0.19765765477226682,-0.7203396841254284,-0.9677089485913318,-0.2000099652356008,0.9280811287541031,1.3745267308002609,1.410586874253041,1.312711770072291,1.2228466199418508,0.8108480042018225,0.8345941026299731,0.6589825151498387,0.7023772616252906,0.5639535351651683,0.7087219610377156,0.4063054081999671,0.8196372136380682,0.47961668595888185,0.8181026554164244,0.9774411575384382,0.21120791545111745,-8.436115420675199e-07,0.4823940321922912,0.1590167793438603,0.11300069203988924,0.08986142691404016
heart_with_two_hands,0.0,0.0,0.0,0.34083535217699396,0.15597677934399692,0.09362196368241035,0.6463303929675782,0.1335907515156419,0.12595342670596602,0.8609809480744746,0.27902165103524806,0.10355030154366682,1.0263790911645914,0.4796512931936014,0.07714192745374863,0.7285108046750589,-0.587879004669767,0.2642664313260337,0.9401048449679935,-0.8091877501097778,0.23401575200717517,1.0889677900292636,-0.7051907739180968,0.17017630683710333,1.182360511213516,-0.5459145754943171,0.1212512629689246,0.7013375233423368,-0.6960341746004836,0.1538249204136331,0.9546224354676145,-0.9733673417849312,0.10799932551273574,1.1057554179814146,-0.8081155030238507,0.029061676976317237,1.1712379627399514,-0.5588146360790059,-0.021495994363285465,0.6552968455069694,-0.7720691938693608,0.027392271155067385,0.9333888900709103,-1.0234122152300227,-0.02767809836525413,1.0866750375473508,-0.8025019597947247,-0.07993348535271334,1.157554477889178,-0.5088989696290067,-0.1067341898274816,0.6016868115630772,-0.7625622213297061,-0.09998213207791812,0.8702975295882796,-0.8177811143977446,-0.14969716436717784,1.0346290432879082,-0.6693972610583528,-0.1760909293958598,1.141858636833176,-0.46629241344013944,-0.19027339688469838,1.1355484484659502,1.3079376785557433,1.2978960823706225,1.2689770359816923,1.2479878712969892,0.7789492239501533,0.9092800066632563,0.5562663018494078,0.8667126454860029,0.48606205069274633,0.844616186471457,0.46922173916350624,0.878969365409096,0.7046642584816053,0.8874059902747645,0.0,0.0,0.0,-0.274493724254135,0.0627761756348243,-0.015009909270712283,-0.5764847568387008,-0.03286411649318859,-0.038702822680509355,-0.7867315818341525,0.0013953646812381148,-0.08488705311539986,-0.9327228018446974,0.12794833035868428,-0.12678123514388445,-0.6040732032405325,-0.7267085921174661,0.07158314072862712,-0.78872628135508,-1.0802421488613865,-0.01816649486484597,-0.922349112887729,-1.0619968510748328,-0.10063064484874436,-0.9981218495582537,-0.9424662778392776,-0.14541787402788697,-0.5377260475304633,-0.8428918136201389,0.019598171838690368,-0.7370852736678237,-1.2554773995528963,-0.06326253077603072,-0.8850856120583537,-1.1887018949072432,-0.12113099778109314,-0.9569247207456415,-1.0104045410436384,-0.14577502984687468,-0.4467014226244987,-0.9182869394157253,-0.05290700567069932,-0.6494806388979177,-1.3302227245020921,-0.12609576122402394,-0.8052513820506866,-1.2078660548912783,-0.16228200494843015,-0.8805129293595332,-1.0006188966876637,-0.16974502276014963,-0.3388159824554393,-0.9483561097102982,-0.13164893484043624,-0.5302864603647122,-1.2372066647225337,-0.17942577331715576,-0.6788861335949317,-1.1611382054143593,-0.1964284477089254,-0.7686511487379536,-0.992957993638078,-0.19957485359706623,0.9499558315559763,1.3804478510673999,1.3992400141014358,1.3436348342944924,1.2714638365971025,0.8461697689825027,0.8281762614724713,0.6297783475229305,0.7388137225967527,0.5267986485164257,0.7546568660789992,0.444752313278094,0.8179277185458231,0.5396455153751674,0.8051782307539008,0.9854935970718645,0.16971261040362207,-5.881872755212856e-07,0.4876309142099465,0.13873641902866948,0.10992461766355986,0.08127268316918419
heart_with_two_hands,0.0,0.0,0.0,0.31092116073349324,0.1319727006881428,0.060034765248016694,0.6159120933441916,0.08432827593845318,0.07799657779927925,0.8361926906739124,0.1909939762849754,0.05294721595658775,0.9944066154181604,0.39133043588705396,0.025617948989924755,0.7121375051944949,-0.6275595490446013,0.18224183558829848,0.9258830907095736,-0.882345619262829,0.13195701336967192,1.079239544483015,-0.799063329243439,0.0642267710656795,1.1770980630848047,-0.6549316884483594,0.016695518241382795,0.6761266889557711,-0.7312989997747654,0.08974671810229884,0.9357431511965593,-1.0504097576037914,0.029080180998801212,1.0991775279042377,-0.9112211326387497,-0.04434651040575716,1.175304452021897,-0.6919695353423744,-0.08961634987365232,0.6185071181890506,-0.8037994372916525,-0.01839396178514301,0.8970153317597415,-1.0973754854415352,-0.08984378226738604,1.0574883793044705,-0.9072395425575707,-0.1448453187761215,1.1336556756722418,-0.6467203666511658,-0.17136342507804136,0.546420250063556,-0.8089946565987629,-0.1279632869790485,0.8028343805020061,-0.894310206373037,-0.19221092267347428,0.9739009587728003,-0.7657714855808636,-0.22758969164291237,1.0888770652498705,-0.5832496505991415,-0.2463379707044097,1.0689435467551143,1.3471355191595116,1.366818745463022,1.3163539976312537,1.2595696939677288,0.8007587261828546,0.8571041496115656,0.5763917346670491,0.8523168782968104,0.5083284971177091,0.8312202803608832,0.4781056844417833,0.8636787319236371,0.6984405371979384,0.8824056831149817,0.0,0.0,0.0,-0.2649873830881996,0.05435331357159949,-0.01763749009701249,-0.552652292514664,-0.03680405360025691,-0.04364643926568269,-0.7638333099460115,0.011780192290826294,-0.09477073775197242,-0.9133668283939855,0.15300569652140605,-0.1385341186406644,-0.5736224293371877,-0.7549914713823527,0.0946521322220438,-0.7227554801044899,-1.1246806722457348,0.006905988228419324,-0.8433870564757192,-1.0798188801583413,-0.07475618561484533,-0.9050219621358012,-0.9321105982198579,-0.11773602981253062,-0.5109705134003382,-0.8584502618680084,0.044410385431140724,-0.6762519163437692,-1.2936688867597144,-0.03724508733495633,-0.8143102660471685,-1.1953488349835075,-0.09006344464147648,-0.8683536513044977,-0.9996466026130709,-0.1086771884043633,-0.43044456231252143,-0.927163145463143,-0.029516689107137627,-0.5983599582433574,-1.345249548226404,-0.100447194795809,-0.7535378041906122,-1.204171187036389,-0.13223122661388342,-0.8209261352980695,-0.9930133678321574,-0.1337838590995171,-0.34199966441637103,-0.9496839843474011,-0.11154794415473074,-0.5102522962888254,-1.2455920855166325,-0.1540862349545054,-0.663918943441092,-1.171150167752919,-0.17019496787275262,-0.7539370788196038,-1.0084497332777704,-0.1712691120688745,0.936398103589512,1.30451396772052,1.3285865139798707,1.2953352420374993,1.2707183370503097,0.8263777304352697,0.8351166197960602,0.5439893645374825,0.7448691079308981,0.44024637269487427,0.7772196135047293,0.397312562978758,0.8277122199178,0.52443554930939,0.8027589953877384,0.9918038391731179,0.12776988925856328,-5.646549325702307e-07,0.479707012577839,0.07216832673606877,0.09944176276531973,0.11129212752610616
heart_with_two_hands,0.0,0.0,0.0,0.31720181892015875,0.10764535926352785,0.05284745244694034,0.6168117920534189,0.06576833044327705,0.06427597600594966,0.830836652242219,0.17139904764898067,0.032836398527030686,0.9865604468800802,0.36039090353180037,-1.0615747158390016e-06,0.6932071006941034,-0.6366766969016175,0.18441482892530076,0.8832873637605572,-0.921953789893769,0.1331045719165411,1.019131455928512,-0.8475797401336232,0.06472794259294713,1.0984438209394383,-0.7019663302979531,0.017732201753318928,0.6494911966885043,-0.7542499369662783,0.09627158464728817,0.8773844360638413,-1.0973318338057665,0.02753304707744631,1.0153039247527282,-0.9545333406587964,-0.04891856658902622,1.0715097433145913,-0.7201771497733449,-0.09213678777796269,0.5860761693201765,-0.8343789382060657,-0.008612989928595051,0.8462165543485279,-1.163907055702634,-0.08617578242369194,0.9930438503876763,-0.9833970040931168,-0.1416963613213975,1.0617186502848515,-0.7162051312506454,-0.16492447684960973,0.509374561940735,-0.8391219970338287,-0.11532904463853128,0.759347176268079,-0.9216061059365784,-0.1817132208177454,0.9286749177956242,-0.7996334006018488,-0.2183385827169745,1.0468083019795509,-0.6182810876136844,-0.23644383379359998,1.0503252442447615,1.303706250507003,1.2943250923689154,1.2912770289355255,1.238541404609909,0.8028447032245557,0.8665003085407674,0.5441469468683474,0.8237536183856087,0.455764652844052,0.8262787602040439,0.44682850186182416,0.8564207191202153,0.7061294351545588,0.8800135587953943,0.0,0.0,0.0,-0.25091367331375886,0.07758529340416968,-0.005419475373055382,-0.53528385943376,-0.021488292363687888,-0.02258944412226338,-0.7454525244088324,0.0689740748707041,-0.0706315124140092,-0.9015820251596244,0.23152257018099615,-0.11105222305780474,-0.5693180763962872,-0.7544213948203317,0.12741537906318262,-0.7202610895085875,-1.1379361081360937,0.05186252410550739,-0.8433628046108251,-1.0702459392586903,-0.020620417942691996,-0.9005106757465324,-0.9075836699602513,-0.05892879110195673,-0.517563761557499,-0.8529393619707798,0.06798674520324849,-0.6898025882158927,-1.281929538348877,0.005383245066923388,-0.8363789556631132,-1.1674746463458074,-0.039035718806636546,-0.892107195130248,-0.9629487696275713,-0.05561533284053744,-0.44773972806946183,-0.9214994333763799,-0.01687946437797858,-0.6309217384630812,-1.323791941102917,-0.07863123758985703,-0.7957635158191635,-1.1648741745320204,-0.10555653787505488,-0.8697037583466064,-0.9430318968178188,-0.10606261461321381,-0.376637410361656,-0.9486424268027218,-0.10986713311950352,-0.5684919433905896,-1.2217050847219253,-0.14621803945273526,-0.7214108760476254,-1.1146461712071611,-0.15526969717208028,-0.8065027094862293,-0.920170285491322,-0.15287974069930288,0.9374355683673542,1.2798828843033776,1.313856402266768,1.2872230047340736,1.233098613179861,0.7614649609298474,0.8749908543865492,0.4908561227846896,0.7679337546963935,0.4240779288162153,0.7924421480264573,0.39910577727491214,0.8426382970067314,0.5021990982825941,0.8247315441037287,0.9968583358432243,0.07920516561128768,-6.049634752143618e-07,0.4788363987195117,0.043001173982060444,0.08478824551428146,0.09950348548544621
heart_with_two_hands,0.0,0.0,0.0,0.30136364766984297,0.1260534244242796,0.02097721553795153,0.621795449294424,0.08446723433796097,0.024268329020818862,0.8517592281821301,0.19988767222391585,-0.003953156929158024,1.0039247793744326,0.42738794029297966,-0.03179577128297854,0.6963780580105575,-0.636022526469191,0.13128255941689865,0.8915044334908274,-0.8952045348725076,0.07511180053281453,1.0247393908516311,-0.8183647555225905,0.007172589615310245,1.105966105168681,-0.6730044414288124,-0.039365929699479885,0.641954776564171,-0.7639822102462669,0.06500190207735647,0.882943189441252,-1.085524163164195,-0.010987563551356754,1.0202394341663712,-0.9456617814827971,-0.0869631337793303,1.0814974471489538,-0.7206756724675578,-0.12815468466323665,0.5707110832470825,-0.8451338588018656,-0.01687372008818116,0.8385900826405701,-1.1550243000510527,-0.10430370242095817,0.9894028787017918,-0.9694621003800381,-0.1659979973673379,1.065949405978793,-0.70383181010133,-0.19080936201658957,0.49070838809340706,-0.853122016257173,-0.10122878641484312,0.747755313494286,-0.9252310812107021,-0.17811268654242482,0.9136936791696746,-0.7909878734211301,-0.22152457023273586,1.030512322631647,-0.6057218269152614,-0.2422629978191861,1.0915751853268552,1.295239622767152,1.3059225766780371,1.2915245122142416,1.2196499246954318,0.8074134672789253,0.8366304839571811,0.5572209999517436,0.8328334640219274,0.4773503571215174,0.8320942512481163,0.4638848791999178,0.8638464016339233,0.704860451584328,0.891385222969313,0.0,0.0,0.0,-0.2524007350012882,0.08483435457488969,-0.012773493881213632,-0.5372737028272934,-0.0028616863378830857,-0.03958796263291259,-0.755494544218481,0.10143818599289448,-0.09776558348801945,-0.9213309864358179,0.2753104524697479,-0.14938191863140116,-0.594768708010807,-0.7290077875851478,0.10543349313775177,-0.7821421933561543,-1.1145741603754087,0.012730136066042473,-0.9210545813642588,-1.037076228968518,-0.06863642960879007,-0.9772976503430589,-0.872538478042626,-0.11049128673409679,-0.5431142382498099,-0.8385354286723389,0.04341957014556644,-0.745566239066031,-1.2977894683308038,-0.043043567492560254,-0.9050884068202937,-1.1460247945550446,-0.1007670967571586,-0.9570290452150789,-0.9082491881982966,-0.12000806117645987,-0.4736466305039968,-0.9194794850012549,-0.04333118862812386,-0.6821575405007623,-1.34679705012296,-0.119350894367332,-0.8563652059674329,-1.150062921384066,-0.15646629406530385,-0.9254858634667069,-0.8998904788104117,-0.1598709066584851,-0.4016773505881323,-0.9593892144902874,-0.13796150739489546,-0.614569487241551,-1.2190715041901459,-0.18195952229496498,-0.7769328516045115,-1.0881155943090755,-0.19657892687925455,-0.8617985595905034,-0.8839934742918167,-0.19587773809324463,0.9731195144584724,1.314778467071606,1.3248483369787967,1.300725053239982,1.2500037232677788,0.7619344539837739,0.8870420450660034,0.5149976583257521,0.7699949380828408,0.4098006125395725,0.8051591447978979,0.38565867324697894,0.8500749941203024,0.5054038688693991,0.8398899028228275,0.9986047025085524,0.052807652166620006,-6.744159987734267e-07,0.47772972429969623,0.03387782032332501,0.09157674605512686,0.09124537283676792
heart_with_two_hands,0.0,0.0,0.0,0.3017965634736643,0.14450693575426402,0.017304022394829786,0.6256961278392786,0.11445460068258155,0.023699366456239917,0.8663592133883424,0.23134128026525644,-0.0008367786742766096,1.0299787429312655,0.4453370396547549,-0.025841465595653555,0.7051318598923528,-0.6102688742809728,0.14137989264968626,0.9005320168344446,-0.8577233007414282,0.09380516262949917,1.0328028673636545,-0.812944568318268,0.029095946779174413,1.113484441310229,-0.6985718931810803,-0.016917821813676473,0.652885183803909,-0.7532335647606083,0.07987573904110346,0.8884508045582171,-1.0900806074052676,0.007430862165220257,1.0170725391659579,-0.9637288463566582,-0.07065538189197594,1.072223020696694,-0.7348019381004055,-0.11427097731963036,0.5811050635223859,-0.8504501328781312,0.002777269850711911,0.8508388739553996,-1.1840862428075831,-0.08464610935594889,0.9949829431387411,-1.0138053060188703,-0.14974973412533113,1.0665237709977213,-0.747610005786223,-0.17784597210431968,0.49915744686289865,-0.8756788364848676,-0.076368870362965,0.760665658206256,-0.9387467922610163,-0.151388447664884,0.931272925515967,-0.8189708967167355,-0.1954901720708,1.0557740670528717,-0.6423601204527079,-0.21853762361847745,1.1224299849535657,1.3145860579199335,1.3048578277366614,1.3145428348473878,1.2550076087204374,0.8232624789803572,0.8523408772870197,0.6184466990773306,0.8103908758445653,0.47433367516581537,0.816191351217713,0.46161978311905016,0.8510446779985652,0.7373436248402417,0.8869293435010347,0.0,0.0,0.0,-0.24501105203146348,0.089808824589579,-0.005193396943761221,-0.5218713850965064,0.019521640600448722,-0.03294183131497665,-0.74184308149032,0.12180450428379781,-0.09418764661147509,-0.9070635889459671,0.29184525244935017,-0.1471499970690018,-0.6064900838233438,-0.7164852780670854,0.11627759374400902,-0.7925041128808191,-1.0937831422104938,0.023845908982028274,-0.9336441554602081,-0.9982561742216639,-0.05735821025458341,-0.9837013094303998,-0.8217757951289381,-0.09905454933623471,-0.5628755624304039,-0.8250729713013623,0.04925132735874283,-0.7679458398875443,-1.2661530343982033,-0.029299923732098627,-0.9276583194494248,-1.0966021009499813,-0.07762964940073919,-0.9720827406089586,-0.8661287224411514,-0.09354730596464775,-0.502405547899787,-0.9024739295375347,-0.043447058702777284,-0.7054334753558921,-1.3131337699153693,-0.10900848147644272,-0.8819240873466122,-1.1160396953482363,-0.13339012612291987,-0.9437425249556066,-0.8736972466750631,-0.13216265589883588,-0.4397567447282099,-0.9397402338920507,-0.1454704374115268,-0.6448865094323575,-1.2102167394336496,-0.1801959643585322,-0.8073841109510241,-1.0869075898287603,-0.18633227513432268,-0.8855953782697104,-0.882959656623642,-0.18159797371274003,0.9641530622293176,1.2856109549078547,1.3053255980331528,1.2928510354528104,1.2636750979955977,0.7805946534384164,0.8868142969717575,0.49106420967309516,0.7792298291688391,0.39422640696404504,0.816724213396544,0.38487049516008015,0.8441693552267446,0.5008865294625651,0.8224431394507854,0.9991821186853582,0.040436291854485364,-7.053284938039145e-07,0.4796830326888849,0.03952169686647813,0.10300811754675977,0.08542981911730751
heart_with_two_hands,0.0,0.0,0.0,0.29277719363952737,0.10721332521770825,0.014396912589700822,0.6014724328623122,0.050444986094852554,0.016594421878302977,0.8226058615256908,0.1198940918879241,-0.010510446599186265,0.9796235900010106,0.29460874234612056,-0.036334444011300676,0.6638404586062688,-0.6646630832619549,0.13160959497855348,0.8377892318249535,-0.9252204564223814,0.08107820288359122,0.964342052145794,-0.8794980961327338,0.016318998476369428,1.0446307051209536,-0.7513574429644744,-0.02892831128025079,0.5994093328016195,-0.7975567734981064,0.06790909215714593,0.8051634209889797,-1.166180933552292,-0.003580350866497131,0.9321160885916303,-1.0707715574790049,-0.07822906791438948,0.9983431819255291,-0.8657137655621284,-0.12070617393735564,0.5231190918220342,-0.879363556706606,-0.012039207469539313,0.7640032366826001,-1.2412592248912708,-0.09891420817171624,0.907364970115854,-1.1051822661446098,-0.16044194031636563,0.9862359716695919,-0.8629864835243495,-0.1874973657828374,0.44229173373963526,-0.8853504395242391,-0.0946482987095461,0.6840422954741566,-0.9860219372028001,-0.17036974263746318,0.8548091991004153,-0.889151604070025,-0.21227600645134548,0.9838010026887613,-0.7307787497293682,-0.2341615476722731,1.0236097307933534,1.2871006815215122,1.326921027494683,1.323843769006105,1.247691317736765,0.8406639739174333,0.8309948014821419,0.5910630410590919,0.7972784246515366,0.4842650696198859,0.7994784574401993,0.46745581895464683,0.8334158734271117,0.7186500414145434,0.8788030237015554,0.0,0.0,0.0,-0.24187638720517976,0.09150843672966409,-0.005656652574476359,-0.5009751536863316,0.035322882024747156,-0.04112703449597805,-0.7157297475727469,0.13707680112498763,-0.11145232416251555,-0.891682576018032,0.2819499039330183,-0.1712094401790823,-0.577700826791242,-0.738016946425211,0.12441553473134503,-0.7624633193780483,-1.1040469736075227,0.032726379427103665,-0.9019376234249233,-0.993359576284573,-0.04648553888106048,-0.944588784591914,-0.803157102141366,-0.08527342588625267,-0.5390368244425925,-0.8403431735316292,0.05711963404675968,-0.7468110673827205,-1.263851363798642,-0.013468344355283737,-0.905193986899257,-1.0879790410756742,-0.052582925715506906,-0.9511994203150831,-0.8579718011555335,-0.06314528312594761,-0.48880205080283984,-0.9131956711676182,-0.03781008830682483,-0.7015782763447798,-1.2961938070771963,-0.09696681562900444,-0.8703658298083553,-1.08942654990467,-0.10953817939086677,-0.9266955242966295,-0.8399592436017653,-0.10181519304693919,-0.44150228198678393,-0.9388901485118298,-0.1430896615261931,-0.6517861513300467,-1.164875556356988,-0.174902075587559,-0.8044384184643893,-1.0272710840619588,-0.17478847417535315,-0.8744093160627734,-0.8213478084965001,-0.16523263756547094,0.9507398367105621,1.242811675138001,1.282530029109212,1.2548555531210115,1.2109936825005374,0.7903189434274682,0.9238334383094327,0.4708710154265962,0.7829865432671135,0.38983642258663403,0.8263658820476404,0.3827617162612806,0.850772429239506,0.5049916392395308,0.8372429821361337,0.9999351446331296,-0.011388877336561637,-7.313128632376231e-07,0.47011713867975047,0.02624401054158382,0.09459281425399882,0.08525525363702449
heart_with_two_hands,0.0,0.0,0.0,0.29144903043889064,0.1268391137794939,0.004340112774741771,0.6186783220820053,0.05195919135227452,-0.005331469886039804,0.850637218896031,0.15602725420849145,-0.04316569246651007,1.0133993136489374,0.35744284328178927,-0.07990416366470653,0.6673160700004687,-0.6786091947882746,0.08347181766587013,0.8557033556335409,-1.027773780603374,0.019522738903178544,0.9777191159249452,-0.9523923274973152,-0.04608470685986881,1.0502971313097909,-0.7889550117871834,-0.09143830766004298,0.5947536356553017,-0.8036728363250322,0.019444408658492382,0.8224136980792753,-1.2205897851949676,-0.06623690988421273,0.951578473600981,-1.080962469242429,-0.14014088611348108,1.0137915216231457,-0.8494906714885239,-0.1811398537234627,0.5063854498337341,-0.876818665664072,-0.059781717871880205,0.7683822284497286,-1.2680018672298503,-0.15459451943653124,0.9162436130187209,-1.0819081872655523,-0.21133935688373842,0.9972651470616032,-0.8037418015826266,-0.23540277203463075,0.41143235904629943,-0.8782422873796367,-0.1426436863969585,0.659034364270899,-0.9967040380630087,-0.23253546162924282,0.8438003353130644,-0.8857422591430296,-0.2830026087904781,0.9865731055791086,-0.7185068734410454,-0.31026696974455137,1.0775566019882499,1.316789671424189,1.3349978639937794,1.3022876495754216,1.2593030661236793,0.7916404151373916,0.8521483512017337,0.5043253332055624,0.811675497981104,0.4267234109644405,0.8387014662347779,0.4214240863786059,0.8689993788383147,0.6973090659909518,0.8932132073013312,0.0,0.0,0.0,-0.22821950932754667,0.10431606483063066,-0.03585541128326173,-0.4824426295747778,0.047402060423203274,-0.08383234470110665,-0.7069779560523568,0.13839549480206298,-0.16244141736505516,-0.8944502741383779,0.2880406796727191,-0.22910825308582852,-0.5855706078823472,-0.7217861311088644,0.1131628454284596,-0.7819042223653614,-1.04281095040803,0.01175005834549681,-0.9292611958348147,-0.9485439999122787,-0.07921460174813424,-0.989997032994565,-0.7655222724740223,-0.12598371602581804,-0.553451715398218,-0.8307734293087912,0.05921746260420692,-0.7607089575469778,-1.2376568716049052,-0.029260818490228324,-0.9194846954528929,-1.0885902192019046,-0.08780339330489749,-0.9782563692254731,-0.8589860190029568,-0.10880736672544072,-0.5082401013723984,-0.9085622764204364,-0.02512004503884732,-0.7334115718377406,-1.2531692769911214,-0.10655339993409219,-0.8979300636699212,-1.032514603419262,-0.14067989945750065,-0.9597010280953838,-0.7661440471549055,-0.14225042609036814,-0.4599576187444715,-0.9396189145361451,-0.12034690216464593,-0.6838453863643359,-1.1425167507041638,-0.16389501712050117,-0.8308635396351136,-0.9746643110906429,-0.1731111984669693,-0.9006140353269692,-0.737417385435163,-0.17003072794484414,0.9672121368575672,1.2577719871644093,1.306400224979496,1.2362192152046199,1.1763504959897848,0.8089183293978727,0.9110171961167052,0.5327582921966625,0.7840145639809135,0.4309824566561417,0.8143453122498403,0.39927643390476786,0.8637119030971724,0.49654489430167154,0.8610241554724652,0.999981644693341,-0.006058900543942332,-7.740201858862157e-07,0.46410537789401407,0.028459874369464237,0.10516085204925098,0.10467726564627387
heart_with_two_hands,0.0,0.0,0.0,0.24626357893539289,0.1353953638630779,-0.014508549769490798,0.5780129038790469,0.05432805104245067,-0.027689383434124897,0.8006199594505001,0.14864462673195683,-0.061888916687751004,0.9590482988686723,0.3363141022288068,-0.09197720216094163,0.6503906700492421,-0.6802141946593381,0.07185794189348312,0.8276427629176196,-0.9621703672591174,0.00853726995733955,0.9463579484989012,-0.868928688965888,-0.06079052801498709,1.0204992829976145,-0.6984128149063081,-0.10831649778266815,0.5809538104721049,-0.8136385474356648,0.022022357383416402,0.7950030290808933,-1.1590059833506527,-0.06094673128386755,0.9187706226756023,-1.0117560158680516,-0.13325419512159062,0.9830223889242281,-0.7810828395015972,-0.17099484394240125,0.4945484747410591,-0.8893641787434354,-0.04321961723713553,0.743971134928228,-1.2221722422559318,-0.1358495314702052,0.8837521874871198,-1.035137900142314,-0.1881767538160352,0.9647832801436111,-0.7718181605479157,-0.20751037924850263,0.4044547189621698,-0.8837990785750331,-0.11384082740015218,0.6459926640585536,-0.9550125554960506,-0.20142263247765904,0.8122713886813012,-0.8248542371161032,-0.2447918429749939,0.940399792475246,-0.6516855104287484,-0.26398171582000257,1.0204609843782453,1.241342704621049,1.267147448383597,1.252825050871865,1.1741942430780083,0.7945035167984912,0.8519269983781135,0.49515190288954675,0.8412361230352337,0.4308671635936523,0.8537383387838743,0.42906115363631414,0.8818679183399241,0.7062723112266615,0.9077373536319598,0.0,0.0,0.0,-0.22201024020623492,0.10365105871095592,-0.03449363507654342,-0.4863818794346883,0.03716616809140551,-0.08524910016718036,-0.7214810852401361,0.1345246556313173,-0.16718403555426123,-0.9135911732978858,0.2983433096396665,-0.2360887852944454,-0.5865326851300213,-0.7374995880334472,0.09881889114594217,-0.7897840251048611,-1.107768337745076,-0.01872185656168692,-0.9384320773466794,-0.9779058328752966,-0.11735031128372414,-0.9973044018385426,-0.7610275023017464,-0.16647768029260282,-0.5528861373059439,-0.8322485787797788,0.04097831492327592,-0.7788842457303078,-1.2633453333363076,-0.06461787774500778,-0.9375766217181702,-1.0882799376994527,-0.12896577757002609,-0.9907931592865437,-0.8428321637328761,-0.1511125647011004,-0.5063993763141292,-0.9068092012911997,-0.046884836627370904,-0.7527277421295133,-1.2688722799612195,-0.13939548902154386,-0.9091702203660944,-1.0295415356927848,-0.17410672918769876,-0.9614999850478821,-0.7569390892024247,-0.17348697713313332,-0.4553120002257689,-0.9569897504592939,-0.14527740749519583,-0.6960590262837922,-1.1745805486540832,-0.1943261571374451,-0.8442009202097698,-1.0041123342038973,-0.2048086821228681,-0.9110676616076208,-0.7657006415748903,-0.20143486566890906,0.9896441162743121,1.2655013817541938,1.3095312703109445,1.235935571639746,1.2070284841885166,0.7990499042303335,0.9033302177440029,0.47932826745866036,0.807560518926248,0.4133053891986286,0.826931246034801,0.38674614498384247,0.8703281777061435,0.49608135479082394,0.8580576034619714,0.9999893134869011,0.004623084568438555,-1.0340551908017508e-06,0.46160200301377496,0.02821814610638323,0.09449444767401848,0.08716726621887368
heart_with_two_hands,0.0,0.0,0.0,0.25074743235259145,0.12551970823276304,-0.01640644664049013,0.5804104403626769,0.05152499908083744,-0.02836510454036812,0.8038442304720074,0.15571045030903938,-0.05917855295850073,0.9607304327841144,0.3563065888448677,-0.08569743224505054,0.6488064060492265,-0.6781381701872418,0.06897127528966722,0.8291597781707947,-0.942468053805848,0.01035093384981993,0.9502414744285388,-0.8551789697251777,-0.05303347268896253,1.0277178895795773,-0.6968625215198502,-0.09645718724237959,0.5807195209941438,-0.8137563034451057,0.023780591659779336,0.7968081582700189,-1.1507379646849214,-0.05550439282409644,0.9195874167000359,-1.0086658956810954,-0.12061945264817037,0.9840820789754927,-0.7868567633042962,-0.15368392104800171,0.4953841415687578,-0.8947829327873763,-0.0369080364092503,0.7491124129864593,-1.2313987895895944,-0.12822642645114984,0.8875053112021235,-1.05215516469776,-0.1783869249113728,0.965839483111528,-0.7941378041932554,-0.19617195993336684,0.40629656479747916,-0.8991046884363753,-0.10268824239272477,0.6564111817283946,-0.9736540574966861,-0.19149242910458106,0.8284290241215263,-0.8444264807482249,-0.23639703035499643,0.9613536008846185,-0.6716224427385843,-0.2565396447531041,1.0282516227194647,1.2454418587118452,1.2693225956025245,1.2656951438044344,1.200454097770512,0.789680644692988,0.8510071208158387,0.5149688625588341,0.843544274381979,0.43606295653118815,0.854016740795466,0.4338462103398318,0.875984558316935,0.7116059592587147,0.9074481016068644,0.0,0.0,0.0,-0.2262426673795753,0.09196963791066429,-0.048569596287622675,-0.5000563921436807,0.026689099840742723,-0.104891722919995,-0.7396469395452983,0.11435069622326334,-0.1868221276056462,-0.9287817289900425,0.28233240234652146,-0.25441484892472377,-0.597553443810952,-0.7320766471678829,0.06590652942917145,-0.8026419178351508,-1.1271636557576936,-0.06308102597444311,-0.9479545118512844,-0.9833172777563723,-0.16795590488519416,-0.9976282509324613,-0.7463375300646734,-0.2192189523330468,-0.5602771182332722,-0.828076818134123,0.019450811116415757,-0.7889180138327792,-1.251139455843501,-0.09177936086976526,-0.9392979125580021,-1.0697807313085812,-0.15637032507391474,-0.9761189854864342,-0.8186678933717092,-0.17900660445987857,-0.5114260530190228,-0.903495711986603,-0.05656920728031015,-0.7575359682124411,-1.259145020260139,-0.1473912609355086,-0.9076787359478549,-1.0313399801800067,-0.1781027767090045,-0.9495349226025585,-0.7667287138747245,-0.1761437576797502,-0.4549799971732995,-0.9618586576065888,-0.14394578511722403,-0.6926751617072784,-1.182012789098025,-0.18915257438115307,-0.8428073841207346,-1.033369122131423,-0.1973090513740294,-0.910947091983523,-0.8132656359362304,-0.19250647240349025,1.0035307672781542,1.2650449734707447,1.2864947562679738,1.2330920944079473,1.2362379790741076,0.8165389202437824,0.8843178165640757,0.45953523062804663,0.8064821850533032,0.40581805541719207,0.8198527909401825,0.38950684618574277,0.8594785787673298,0.5153312801371542,0.842864612242927,0.9999545945342894,0.009529368738402301,-1.1012025932471402e-06,0.46286416646347545,0.05957321344959799,0.10698849320647132,0.08514838999169523
heart_with_two_hands,0.0,0.0,0.0,0.2699600545521279,0.1409954553614931,-0.0076831788119390365,0.5960977096651937,0.0704426801331102,-0.009774581702059566,0.8368277058061832,0.18188341018266926,-0.034444921186046064,0.9947577311606036,0.4005065132022486,-0.055398479016285314,0.6619756097873123,-0.6647599930253818,0.10046767757875748,0.8539593611703499,-0.9138020426036173,0.05108369482931352,0.9917030972901589,-0.8424762028473046,-0.011192628150485159,1.079217082494385,-0.6912845781004524,-0.05472800130645277,0.5967625729354988,-0.8007053409146124,0.05239645574099341,0.8123545256714692,-1.156836839162271,-0.020208274824312512,0.9505074569790979,-1.019384627784417,-0.08692568753008896,1.019633036155918,-0.7851193095829324,-0.12138674647283854,0.5172099024361019,-0.8916384606086092,-0.01221399353517467,0.7653459400835152,-1.248597439652618,-0.09796378611485469,0.9123459970918828,-1.0700248364462517,-0.15298785805536183,0.9894231692736055,-0.8018923983524037,-0.17390474250864582,0.438262249937332,-0.9139616299894254,-0.08190895894637311,0.6852852160710708,-1.0128039207250088,-0.16311267710733104,0.8509371750516082,-0.88655615789633,-0.2068238704023223,0.973214317867407,-0.7039687451319628,-0.22708067352536246,1.0737864789140028,1.2828012446182813,1.2925937493736295,1.2853919580804114,1.222408988396897,0.7926726841748978,0.8376687548875006,0.5709237064795628,0.8228081766255761,0.4473875693642188,0.8339094044568615,0.43133782224030864,0.8620006681051033,0.6817189639027703,0.8900920676985484,0.0,0.0,0.0,-0.21641378367292802,0.10646335980508867,-0.028491288242610376,-0.48285492907347394,0.0298096109338264,-0.07507906728852339,-0.7067044833688101,0.13786018797051766,-0.15352875455326043,-0.8740074292871822,0.3460977340283424,-0.22001130831885074,-0.5705615946691522,-0.7454936764034231,0.0988062732130131,-0.7727867001931571,-1.1314919800574963,-0.012893453851258637,-0.9098739682713728,-0.9981297639724812,-0.10128261174309822,-0.940909081826601,-0.7750474503120158,-0.14149074020281105,-0.528736027215078,-0.8479127288154292,0.0384995823040803,-0.7454950286075733,-1.3129080159127908,-0.06117156731573776,-0.8968396668055466,-1.1191912493431988,-0.11566336204029316,-0.9247945945268443,-0.847935445845154,-0.12752984929427907,-0.478708259826215,-0.9280818028161831,-0.05076736630678216,-0.7083493044972147,-1.3055769058916147,-0.13729701425112228,-0.864676274107322,-1.0530541330303502,-0.1690318427464665,-0.9034397752630796,-0.7685479458432639,-0.16428979801183782,-0.4339006765595209,-0.9714826881053376,-0.14975040881398682,-0.6647066451059898,-1.1669889616474145,-0.1922320995268823,-0.8116410694678138,-0.9965192888294938,-0.200514045701434,-0.8709779511088874,-0.7679666332790571,-0.194477130272494,0.9654416625239013,1.2272033572566827,1.261151626430269,1.1974391468120937,1.1773685469498623,0.7703198575277013,0.8625890227701698,0.45321008930504414,0.7843561859122731,0.37111103904303144,0.8148416963782167,0.3615131342305588,0.861245919459084,0.5043372483048181,0.8530933805180602,0.9999051125026727,0.013775557701149589,-1.0196405998173696e-06,0.4578403298863795,0.04110302522843049,0.10517133007306652,0.08258514907184093
heart_with_two_hands,0.0,0.0,0.0,0.27638355418564897,0.14425581595913392,-0.0005696801258672978,0.6031895348455661,0.06140263810043273,0.004161865961140042,0.8402601041421164,0.17722409360960734,-0.01693969607129216,0.9963397388686479,0.4169753835433643,-0.03374042120303282,0.6495267365681351,-0.6712210353156786,0.11907718973604696,0.815020871186112,-0.9552947458415798,0.07000920411735931,0.9373895172386628,-0.9043444680714642,0.008935395244315846,1.0187107829338382,-0.78530325787148,-0.035330999652943305,0.5888512290197303,-0.8055044699852326,0.06645885129734558,0.7880396409995366,-1.1846273493672492,-0.013537104469140871,0.9078057200702049,-1.0665052613355879,-0.08355533101203663,0.97158400312436,-0.8626501212008018,-0.11789027673285538,0.5163944348780874,-0.8903501891078112,-0.0035552784021958828,0.760545637392739,-1.2735643243917771,-0.09729213169020773,0.8967871855101595,-1.0957876266405042,-0.1510417898374767,0.9742899792032391,-0.8310271670029917,-0.16712996166022562,0.4443690564527722,-0.9039121099879099,-0.0785177892064584,0.6952526560830635,-0.9861812714640597,-0.16654746877135704,0.8747778848110117,-0.883589269677447,-0.21720204741189278,1.0186930664299785,-0.7284832887694164,-0.24167970629373778,1.080601574010023,1.286748283708088,1.3046221001052618,1.291425390782377,1.2754734595604273,0.7745325704154202,0.8286386965235023,0.557890395521672,0.8237124899942126,0.4381585669744728,0.833085630370338,0.40996807279384595,0.8709569318612441,0.7437034332668492,0.8969511763859804,0.0,0.0,0.0,-0.21917579848242394,0.09413133835053664,0.005141343608491025,-0.4841403045816719,0.010318096396681737,-0.01766612545921255,-0.6961860365263509,0.11900494398009161,-0.0757636731920794,-0.8596746812676492,0.3101645197717399,-0.12437101357990177,-0.5692845403178827,-0.7301536513846855,0.13199448921808066,-0.7474066550722694,-1.0748892744965917,0.05031180137308546,-0.8846355103443757,-0.9483779681336565,-0.02166269890390401,-0.9276488913744259,-0.7667514777141456,-0.05919708378116529,-0.5320308657086574,-0.8445006317191402,0.06133384839767984,-0.7318886003648567,-1.2758822004475432,-0.007035083386802907,-0.8930911674420854,-1.0930545222312167,-0.04769310469752125,-0.9329473941697196,-0.8485583230867496,-0.05937442927918706,-0.4860408237336865,-0.914491916203798,-0.03471956571086947,-0.6959545985005963,-1.2975223634204454,-0.09312484585411025,-0.8747799040547469,-1.0787181008014897,-0.11327303600374351,-0.9329472655215674,-0.8284897259407623,-0.11134743046205567,-0.4491595855249948,-0.9296160502692649,-0.13906788301048184,-0.65803465511128,-1.147109388217603,-0.1660059537809737,-0.8129130076759598,-1.0058620792642996,-0.17010449093689714,-0.8830482494428963,-0.8064679925485226,-0.16758678227484464,0.9223398158795707,1.2049666339667757,1.2625242139539725,1.2526707773809014,1.20758029275185,0.7502832736366573,0.8779154698769247,0.4464162565356289,0.8112252974275556,0.3794891465777103,0.8186165489193558,0.38236371391520874,0.8525692606788479,0.5087284391699046,0.8427072082896332,0.9998316435919721,0.018348963756938515,-1.1056667411100321e-06,0.47187780399985735,0.050196476987847856,0.09690652414505943,0.06791975767889254
heart_with_two_hands,0.0,0.0,0.0,0.2635410775679943,0.15099646243211726,-0.003863005632001083,0.59575734248581,0.06453551683808728,0.0019622717792079397,0.8367541072112069,0.18386347171865922,-0.016342162707571144,0.9936990598906446,0.4213028722062172,-0.030522867804372734,0.6375350821176063,-0.6752800709980423,0.11022441138088587,0.7922428482320305,-0.9651150311104431,0.0640318196304022,0.9047658293111301,-0.902807446963372,0.007637941149070514,0.9740378290075993,-0.7702538303554445,-0.03169040735876111,0.5767803980691567,-0.814417818955021,0.06362380507115135,0.7767566151499656,-1.1839997889717362,-0.010739546747584832,0.8858387807826513,-1.05305234476409,-0.07399066847080946,0.9346086975858375,-0.8428643526749524,-0.10272188386850799,0.5040318179537978,-0.8944875889780778,0.0002887812802096383,0.7574232715320666,-1.2537461122367406,-0.0915665263433369,0.8945620576532856,-1.0707595076054977,-0.14487773491604714,0.9682960502970015,-0.8090531981359872,-0.1598572246074985,0.43262886366475667,-0.8990892654017428,-0.06710727121351917,0.6943494916284926,-0.9621112736318727,-0.1559928099525511,0.8721581786012141,-0.8453966627890678,-0.20582982973259034,1.0107519488299754,-0.6839797129742781,-0.22804885014633128,1.0797525536972636,1.2421935990149182,1.2627214736586834,1.2718956917507247,1.2415530709063682,0.7711555459810343,0.832457086922051,0.5133542558833272,0.8181957424966975,0.40899502128504056,0.8397416649340453,0.4204146794572188,0.8714969412734326,0.7486852249879525,0.9033153731003207,0.0,0.0,0.0,-0.23025448307864832,0.09371124621261738,-0.00026425904123029314,-0.5014093073423761,0.022937413930968063,-0.02912247289293469,-0.7230514049568273,0.14322825015052404,-0.09418894802585706,-0.8904792580286326,0.3557726844634674,-0.15046725976401193,-0.569074328478753,-0.7364910346771586,0.13767071722605953,-0.7400664591275374,-1.0833635888049464,0.058005232227199374,-0.8713529082671223,-0.9782461099638066,-0.012762682328419034,-0.916660152889319,-0.8177569263537425,-0.050783857402482355,-0.5255490282228353,-0.8481350078938623,0.06682235643040013,-0.72831519188285,-1.2954699250703174,-0.006466171200748374,-0.8878107483826511,-1.117743009051162,-0.04871114651953329,-0.934520684445921,-0.8693075866130718,-0.05951514825022726,-0.474532380968239,-0.924195050463141,-0.030763979615857428,-0.6909464653433923,-1.316253659368605,-0.09808950311860491,-0.8664740773178123,-1.0970579116209818,-0.12177307708962079,-0.928309283666111,-0.8379659485979071,-0.11896972753975905,-0.4355267490315061,-0.942549414434314,-0.13676838422788168,-0.6540914022839727,-1.1396835555016926,-0.16876697489219447,-0.807623770359319,-0.9963011933456765,-0.1759738011877142,-0.8845098480934431,-0.8024325677252017,-0.17478848997978746,0.9706533409258202,1.2294597295833913,1.2777193129445772,1.2562240457900664,1.2069824826192634,0.7598620594271536,0.8731854963516249,0.4629115214465446,0.804561930357568,0.38075144957969287,0.8224620295626908,0.38167092993156426,0.8565932094336995,0.5282803570902269,0.858754203048257,0.9996325560300237,0.027106326271822304,-9.62929894896729e-07,0.46802914161060627,0.056834927358336944,0.08199789749029651,0.06174450643410878
heart_with_two_hands,0.0,0.0,0.0,0.28055876422146014,0.15086089144717146,-0.0035964523474270003,0.6177847368772852,0.07255024894574538,0.00318770561019087,0.8524777957770251,0.20236035042905368,-0.013384388188127969,1.0016259240854082,0.47699012296605586,-0.026556996774684136,0.6589906551874605,-0.6398847377378581,0.09904006447855172,0.825689313064533,-0.911620795038888,0.052779554021831036,0.947811747979996,-0.8611635326594018,-0.0004498596584459979,1.027388279306114,-0.7384483261081168,-0.038693941816772576,0.5967746298204416,-0.8006549140609681,0.05302593509499521,0.7944680514110127,-1.1811686475792829,-0.02213657454929238,0.9075934423091935,-1.075191077652038,-0.0830895068458585,0.9656114762957584,-0.8726784532700645,-0.11139191339492285,0.5197279631543492,-0.9010649197598477,-0.009022270291521826,0.7653383247892223,-1.2831024130683517,-0.10532170324187819,0.8965582994295898,-1.1110272348334953,-0.1618494467812348,0.9694494430789823,-0.8457484093450589,-0.17930866299122178,0.4438280698422393,-0.923334411477565,-0.07446957679740694,0.702731411929993,-0.9735413273163631,-0.1702791459795825,0.8800543025725086,-0.8586943735283459,-0.22759734469257326,1.0213989646905581,-0.6941714222147678,-0.25554399898730773,1.109720389685984,1.2658316744025555,1.3062853303645754,1.298951188928801,1.2611235244451837,0.7652397027763768,0.8193295931006007,0.5636072218118009,0.8135527799614639,0.44092536219344003,0.8176287186451263,0.4128812131941398,0.8650864891627948,0.7665847554537141,0.9006619780666256,0.0,0.0,0.0,-0.21771049370807546,0.09379148180902547,-0.0019394409225996093,-0.4963218407816652,0.008620061037885889,-0.02459922569679573,-0.7136130536732853,0.10064527519128541,-0.080843024417165,-0.8650713865142955,0.29112366873582435,-0.12430392842139229,-0.5499064327652677,-0.7517224062250362,0.13545116891136183,-0.7280040807596428,-1.1153380912939588,0.0567586912520049,-0.8639234636303248,-0.9882499207912514,-0.008428309049908333,-0.8940970768371128,-0.8040823960402171,-0.04003863188544696,-0.5101728392128345,-0.857337732968255,0.06852507393916836,-0.7118083834203565,-1.3023319212963358,0.0035769035606561207,-0.8715285629080167,-1.12096438657423,-0.02888243145066563,-0.9016369546544674,-0.8791962395327892,-0.033113431706480644,-0.4642516429087313,-0.9270143982335035,-0.025629947867184043,-0.67917851490804,-1.3184649153783865,-0.0840397573447874,-0.8519443714749033,-1.0941192083172901,-0.10006766366364474,-0.8996191185089683,-0.841032745614349,-0.09317808031979999,-0.429494396415986,-0.9419244269791489,-0.12913463677856277,-0.6451978822519003,-1.138546858361696,-0.15776866782519805,-0.7961456494140138,-0.9892111189152212,-0.16301397471493131,-0.8606257507583188,-0.7967919462400993,-0.1599776670636651,0.9211693443037291,1.2031463645266545,1.2597744738509984,1.2350436398097626,1.1837005290277343,0.7755034046025846,0.8437100969561203,0.4334682616351301,0.7910976321842124,0.37383823417161227,0.8067107641197581,0.37264695211596904,0.8481096407322724,0.5171136032166125,0.8506910708653876,0.9989040906150852,0.04680403563093942,-1.052280658452329e-06,0.46916399562031935,0.03720587554533629,0.09175178153261633,0.07342005933156144
heart_with_two_hands,0.0,0.0,0.0,0.2791022920228535,0.1574830565125086,0.02984283847919198,0.6038959681144115,0.07618530758012156,0.051894327921103586,0.8246965159520167,0.17146516439475637,0.04366714764511123,0.9741560738682374,0.3958753383735758,0.03860148601706272,0.6527150668463154,-0.6473627614638926,0.14035298899477394,0.829551937849341,-0.8792732871581415,0.09860481830220261,0.9650977600489974,-0.7834845068693781,0.04394180989485829,1.0533498815051527,-0.6313490769870788,0.004792283489377679,0.6010914616541365,-0.7956588696629648,0.07494009509699559,0.8092024848877415,-1.1408587051929528,0.007172591854934436,0.9342303473441986,-1.0128695045020164,-0.05386922457468527,0.9995218978033138,-0.7929118806632375,-0.08323928451164231,0.531915423957091,-0.8844919049939773,-0.005428264058805273,0.7881190292788515,-1.2459880216344885,-0.09246129227500018,0.9258658612865739,-1.0661865684621157,-0.14348710109475069,1.0037760688494919,-0.7964070957169852,-0.15951020545935485,0.4627964046536902,-0.8841561577351198,-0.08779662310542971,0.7316754359394468,-0.9394399195924212,-0.1811020074962671,0.9120294809399432,-0.8106154056729262,-0.2337980918667188,1.0493685752880795,-0.6271622799727783,-0.2583461011065159,1.0522297346632519,1.2280759731630604,1.2785468521611794,1.291229710062849,1.2494997559742562,0.7899460718973862,0.8166979418201774,0.524986907431599,0.8644661933203346,0.44190125982720696,0.8368180672691667,0.4225272293379797,0.8715377591333523,0.7471757247723451,0.895393004709527,0.0,0.0,0.0,-0.24024844143976787,0.08702277100160698,-0.006129769057666014,-0.506124101149029,0.017708443716682332,-0.04016576984091916,-0.7135572355581694,0.12466698513953309,-0.10786277092325829,-0.8718955878857623,0.2943540854735481,-0.16528966727513658,-0.5675387217518789,-0.7465460228245147,0.11726775438043432,-0.7448149592655197,-1.0995577391203448,0.02903109102586602,-0.8774915717537244,-0.980730507490343,-0.04402291656532957,-0.9023467281983094,-0.8041858281546217,-0.08134459704661934,-0.5223949769641268,-0.851366220939573,0.047739353637429954,-0.7235931668957323,-1.2885747999432586,-0.02751745453170099,-0.8753493650211424,-1.103266876171663,-0.07130194366148883,-0.9024995204174115,-0.8630766353569529,-0.08436589649127725,-0.4665519134144395,-0.9142230206284339,-0.04824454158849832,-0.6809415803505449,-1.3159019251202169,-0.11673872454604148,-0.8514377566114854,-1.0945663189186667,-0.1393295246057219,-0.8969992497829489,-0.8436808720200234,-0.1372453627149398,-0.41823517523489384,-0.9131889936774633,-0.1526568446108916,-0.6382746647328047,-1.1195933354530903,-0.1879598077479376,-0.788514530941563,-0.9822852244016794,-0.19379082181671464,-0.8501202041315937,-0.8008781134016133,-0.19100708405080846,0.9349689395469527,1.2114294893074071,1.2516086718074115,1.2390485694719136,1.1834668648323292,0.7669762574215702,0.8935677300879871,0.4508617986970772,0.779771859798349,0.3697532457886609,0.8143865179060142,0.37120885482375876,0.8457894638881902,0.5253662059013524,0.8393302220539318,0.9994147676144309,0.034207050053272924,-9.196955982606208e-07,0.4780736118132503,0.07139176606878128,0.1285558689186386,0.08015976977144214
heart_with_two_hands,0.0,0.0,0.0,0.2772781662433187,0.1487717722086126,0.025822530225330584,0.6044169599517982,0.056176790640733436,0.041785990446237826,0.8254391629097968,0.13868914817632444,0.02865317440617535,0.9736964354868692,0.35494199592675146,0.01930353502233016,0.6666996037710288,-0.6336149978791122,0.12552371623839062,0.8366321648986723,-0.8681469218671972,0.07936486950118277,0.9648960161104108,-0.7704380737853485,0.020995804341018238,1.0498676279591235,-0.615357001664471,-0.02120374184127053,0.6142514034805445,-0.7866831729184232,0.06184495750813995,0.8182927899905241,-1.14376993862887,-0.009864960616186434,0.9373411169539541,-1.0220082940516555,-0.07367910027914079,0.9996642050033914,-0.8069723273973604,-0.10542309483808232,0.5459471040166112,-0.8790622068086525,-0.01558867518339265,0.7901927516341888,-1.2632679318972357,-0.10107316468149659,0.9206006372799824,-1.0883755600052285,-0.15052394962066956,0.9931488846336186,-0.8174716495590523,-0.16692148060622838,0.47933067709330934,-0.8801738103479735,-0.09562624605968739,0.7378178411911702,-0.9388060559953546,-0.1827759865221239,0.9182491116891389,-0.8130658021902487,-0.23244268083948624,1.0577502084264336,-0.6290202882110701,-0.2566349180103604,1.0365525531378808,1.2171014232191482,1.2890488310670836,1.2970996051073234,1.2571250962213292,0.7959333897032023,0.8051379474286373,0.5099677465486815,0.8675442136513686,0.4383486097369148,0.8335817687614845,0.4029179106648195,0.8697090101967546,0.7437171179390999,0.8946898637218962,0.0,0.0,0.0,-0.23023686315539058,0.08470665945535995,-0.015952085215435178,-0.5099871325885977,-0.01412290312234927,-0.0462634300473201,-0.7209898037444319,0.04702825185298227,-0.10483165621886996,-0.8712771984343197,0.21063148478029775,-0.15106678861389708,-0.5622284718841266,-0.7483876547931911,0.09927716787822573,-0.7420983587767858,-1.108264380605261,0.007963666432973871,-0.8872968016847388,-0.9816755454536484,-0.06493302678886341,-0.910096628805035,-0.7944439378502522,-0.10065597732745153,-0.5198161868722033,-0.8533486889928406,0.03983901178295927,-0.7152614983830627,-1.2850630999889194,-0.03031548782983844,-0.8749998035251153,-1.1068539700267266,-0.06734214507005726,-0.8990162089436591,-0.8741068079567416,-0.0775765321904147,-0.4608772587532419,-0.9161914822380041,-0.046076120381943884,-0.6694681339228138,-1.3056290955213523,-0.11041968340132252,-0.8432961416958817,-1.0893474241828236,-0.129648397930112,-0.882894318885381,-0.8461390558269631,-0.1272245560854361,-0.40529353322906675,-0.916565720129288,-0.14108401422450684,-0.6219174625738447,-1.1092215800649639,-0.1772129536757326,-0.7652974462174961,-0.9714578501244303,-0.1832506979914857,-0.8097164079850322,-0.795645136509132,-0.18039865982831907,0.9090163659222125,1.2122494256220744,1.2563084708806367,1.2294876037548983,1.1494500950796742,0.7992244927739087,0.8302073100039146,0.4519312038523261,0.7694861971417629,0.378787946181954,0.7981688936595212,0.3771827150460058,0.8340785287302981,0.52597232260473,0.8218302748909976,0.9993787482363383,0.03524368841051026,-8.902498254854096e-07,0.4857963558856906,0.07076019060327858,0.11895862837604101,0.08871250969317865
heart_with_two_hands,0.0,0.0,0.0,0.27551073525824615,0.13962170973336188,0.029099882498393397,0.5968792773717048,0.026504833242926983,0.05096750002054454,0.8086113431570767,0.10406752637120009,0.0439672170341788,0.9553151115526987,0.3011035104552749,0.04039851968907803,0.6494941991319342,-0.6495301716446495,0.13222668522762523,0.8213331056588489,-0.8735450638080984,0.08796240410641855,0.9605251701823956,-0.7932815734834433,0.03194282025464161,1.0512044896523458,-0.65340710324683,-0.008066961190242415,0.6000676093182319,-0.7969987728354541,0.06864270060160921,0.8118595895867026,-1.1301934571754975,0.001652938467213842,0.9413430064483675,-1.0084995186880672,-0.0594186704221355,1.0104123749188467,-0.8020037166741052,-0.08984286972967617,0.5324084348147619,-0.8848380505151011,-0.009287236742774648,0.7831709151248258,-1.2395882506284206,-0.09378761458068195,0.9208695247992837,-1.069036969473866,-0.14544683780048975,0.9985666979502575,-0.8137975789306707,-0.1636228580962982,0.4639919317157816,-0.8825203248448532,-0.08897687913176686,0.7181703713624357,-0.9451067794840594,-0.17486961357317632,0.8918130254391788,-0.8278063712334002,-0.22417930760983892,1.025003993396133,-0.6558775334246972,-0.24843886644364088,1.0024581421498373,1.2377547404480047,1.2931414733854476,1.2985277776852922,1.2419864716208004,0.778532927258635,0.8154691707055507,0.5553811350377927,0.8523874439485042,0.46169427392901546,0.8357375902449895,0.43043836552204506,0.868644452596717,0.7431874335562054,0.8933877871845765,0.0,0.0,0.0,-0.25592257618307435,0.06522011530482048,0.0025225488660339554,-0.5258112788860761,-0.03171346021641601,-0.021330314935822117,-0.7288587763386852,0.040689879900050525,-0.08076613298030612,-0.8780254075550761,0.20850396450923883,-0.13052185546594874,-0.5810948549283493,-0.7353777514378614,0.13830805882285643,-0.7690625843152937,-1.0674020410679392,0.04893798317893357,-0.8941193436768978,-0.9385271515250951,-0.031223664758582733,-0.9155328645320812,-0.7517793387795929,-0.07370592159193871,-0.5344279421885925,-0.8426041003424487,0.06637096273340463,-0.7395087555008574,-1.250343869357425,-0.010110115798759568,-0.8841349502569701,-1.071399199238973,-0.06406851635948814,-0.9074175767667885,-0.8274178142665746,-0.08530475517287892,-0.47069689279616556,-0.9088770071096368,-0.032032321450650575,-0.688033228687889,-1.288022338145576,-0.0998144104876336,-0.8546561820244146,-1.063959942539617,-0.1311288532661466,-0.8966779621524674,-0.8089101581710988,-0.13596689035871196,-0.41080389257434524,-0.9144297897672885,-0.13817411782141092,-0.6344641432181564,-1.1059758927195624,-0.17079314812832996,-0.7823360401257287,-0.9577497050072225,-0.17965401641862,-0.8384195336312175,-0.7703853752493784,-0.180534687772415,0.9118324814803437,1.186930984991089,1.2309767663307423,1.2152588230809567,1.152837245348014,0.777063960370119,0.844307964919085,0.4497340507285357,0.7928261104715566,0.38338588575706334,0.8108555273119421,0.3775908329686827,0.8459577518544066,0.525507351116381,0.8425513475117737,0.999778804106605,0.021031948510569227,-1.007606877988774e-06,0.4923403322828531,0.04021758474264714,0.11830753546746878,0.07692838678533558
heart_with_two_hands,0.0,0.0,0.0,0.27346716174886615,0.1470120101319185,0.03417549981044951,0.5819845509576305,0.03252245861801644,0.058719640889548584,0.7862371602502861,0.09929091789163859,0.05502885315039437,0.9259187799606213,0.29667035803156794,0.055613830406564084,0.6378069636706366,-0.6649111008170906,0.13509694346149773,0.8105872962599405,-0.8766263594114353,0.09775167638207939,0.9384849978025334,-0.7793936913373029,0.04742625162036528,1.0197695652671361,-0.6352157337696164,0.009896042358989807,0.5879263391546643,-0.8056814199405072,0.07225004699543368,0.8093655258508228,-1.113808529436398,0.00444631121616098,0.9284827459696899,-0.9673702212010787,-0.055631140314733686,0.9861107244292633,-0.7562177589465527,-0.08421323781671206,0.5211031200640159,-0.8850120364763892,-0.0034435076660348247,0.7819298133716124,-1.2127915393738253,-0.08905554431148041,0.9157014334227638,-1.02028003813772,-0.1421265735113558,0.985362881673858,-0.7606679222124284,-0.1608473684261561,0.45635682945727457,-0.8770028331534909,-0.07983733240122907,0.714302947559479,-0.9126811742773301,-0.170024220432234,0.8899032947090738,-0.7875102099795852,-0.22478780799674405,1.0256984756258438,-0.622220950749537,-0.2526889789206777,0.9738746256838374,1.2014686539098585,1.245540657387035,1.2551603771603062,1.2259967351183332,0.7845071782521835,0.7965158431775072,0.5232726300714711,0.8722833326768357,0.43845882578829415,0.858933511229864,0.4260300044841926,0.8810018322433832,0.7682514039185743,0.909311322479347,0.0,0.0,0.0,-0.2495745290595245,0.07386410251567174,0.006425334187756506,-0.5335857301923906,-0.004459172310319801,-0.014538328756645886,-0.7408144750430555,0.08065097741622253,-0.07059576273132137,-0.8824572644633862,0.2649258460164038,-0.11776973131868902,-0.5770195817334564,-0.7397596013306745,0.13739220227352653,-0.758275295353963,-1.0913947485228388,0.058255782915557185,-0.8972279371440613,-0.9861260646624024,-0.011709793973632513,-0.932494571748396,-0.8125412501410223,-0.048340371158305,-0.5289161689093562,-0.8461234305746032,0.06574820529044058,-0.7320426948981875,-1.2653085703936613,0.0016056725018616434,-0.8852969054181983,-1.094370947053328,-0.03812150707232128,-0.9175281543390468,-0.8541392016208824,-0.05168809873642702,-0.4663178833340097,-0.9111721863193866,-0.03188727123804994,-0.6853068103967324,-1.2941159950578502,-0.09192973389298578,-0.8538397268302551,-1.0737810178970755,-0.11411121779686045,-0.8988468583227341,-0.8149741472176105,-0.11449687243822385,-0.40998879863238374,-0.9155742460779486,-0.13707967727370104,-0.632125139845502,-1.105434917496629,-0.16644950192672733,-0.7708551891261853,-0.9569410625727034,-0.1707324704215145,-0.8193952444934252,-0.7638701287896204,-0.16897394078298936,0.9288628731446781,1.2377827761787132,1.2546247842687321,1.21869523226599,1.1328982006426016,0.7859937663204684,0.8362616114611091,0.4735354729801536,0.7735653840307595,0.38731992099843315,0.8076307927378567,0.37853745534713723,0.8451099617560587,0.5146668057847711,0.8389454180577736,0.9998176495232054,0.01909627453732485,-8.295279416291456e-07,0.4948244293256129,0.06054010616487334,0.12074068148164782,0.08638532339340288
heart_with_two_hands,0.0,0.0,0.0,0.2958996113258299,0.13477288389631512,0.04245611843135638,0.6157313144333895,0.0255909614537671,0.06506068505587621,0.8275711259287661,0.10119000191937606,0.0539273201219222,0.9753849729857068,0.30736426982652576,0.045809637888224036,0.6621753564980425,-0.6346000398872716,0.15918276821355,0.8460441448789219,-0.8151500408491693,0.11628469108224036,0.9698348340900027,-0.6855516192208297,0.05791003752036202,1.047119295458623,-0.5198514422560446,0.014917065940193019,0.6176845767014895,-0.7817292611244926,0.0858203123208997,0.848862068945188,-1.0637615604520152,0.01275408133582447,0.9613865351712735,-0.9052313803778824,-0.05605808638525259,1.0092466428878728,-0.6785763313573199,-0.09024905196136919,0.5570898930553724,-0.8689812642157314,-0.0021029588662729417,0.8257552779262333,-1.1958753618568383,-0.08833422638481904,0.9619329315560541,-1.0136999131671556,-0.14790182573539717,1.0326247688549388,-0.7541860854775324,-0.17180634732443784,0.4984332163648219,-0.8684681733224356,-0.09119892807210216,0.7563305631897521,-0.9031685360556311,-0.17690753168850815,0.9326819760747359,-0.7702356058847067,-0.231806088338352,1.069349313591599,-0.5901416339600641,-0.2613257731371103,1.0236929045449967,1.1691564736140827,1.2195037986979484,1.2902046294141116,1.2490261255544604,0.7831253159324989,0.80718742558887,0.512068112962872,0.8966093797896078,0.4429645793286646,0.8596230993903632,0.443812079999406,0.8707640149871178,0.7609316464402568,0.9065180364459644,0.0,0.0,0.0,-0.25371851663184053,0.09483220537330056,0.0075814943691157105,-0.5571263304315688,0.0015237715398146812,-0.008644746673187554,-0.7728049880638728,0.06585307702546793,-0.05969572608296976,-0.9199500431727774,0.2497767020225853,-0.10170629151672411,-0.5934631057671763,-0.7169509146345882,0.12863673576581033,-0.7888993321627533,-1.0726603870586282,0.041639631677785234,-0.9303787600082392,-0.9471935318965581,-0.03154114736969508,-0.9542543600916499,-0.7653715467314368,-0.06839493138159995,-0.5435924617276664,-0.8375229303234931,0.055340552357244964,-0.7569309053826987,-1.2883928383281664,-0.019828033924113767,-0.9156097995671744,-1.0959803739007228,-0.06501776715395871,-0.9326959559043302,-0.8342818318871955,-0.07884153174007845,-0.480131993427793,-0.9096788920974417,-0.04293908359268769,-0.706086380317325,-1.3272804240080907,-0.11081579252275277,-0.8802738656619075,-1.0880303610447744,-0.13991908815794865,-0.9129983283127849,-0.8213344791523822,-0.14250921045997236,-0.4250643499102272,-0.9134083299355826,-0.14776755439609196,-0.6599478447220599,-1.1204601668221956,-0.184495366871867,-0.8081902645962008,-0.9590853593617618,-0.19441221753742774,-0.8510303473097955,-0.7591223284484712,-0.1951987428279359,0.9586660797905385,1.225182784297384,1.253859604702404,1.2363111053502591,1.1569882932825493,0.8068935846219296,0.8104448858893335,0.45975430271055473,0.7756146161051976,0.3734455565758633,0.7986870607786876,0.36528659872317204,0.8364031494932646,0.5081525613837181,0.8302248104371791,0.9998569832094746,0.016911922611797397,-9.060970002516081e-07,0.5028178079669495,0.08778595129018674,0.10540090859904239,0.08109586151801695
heart_with_two_hands,0.0,0.0,0.0,0.3004899755532776,0.12728775849739168,0.03333553038918236,0.6216195616014294,0.01858727729757427,0.049144889742526135,0.8369139121280427,0.11168384926156708,0.03290920221844924,0.9862551772401171,0.323159792906304,0.02035091838291857,0.6567354447250431,-0.6372908870268447,0.14318827383200486,0.8254469368647416,-0.841674186561243,0.09940075283959042,0.9535509498422542,-0.7358584268278084,0.042476654314189295,1.035110710285011,-0.5836796892027395,0.0008893710261639529,0.6095987364113372,-0.7890934768864026,0.0756364019571882,0.8259249579834119,-1.104015587631474,0.007091106432212949,0.9471256683881886,-0.9704704543265699,-0.0555208549542231,1.0073777642317,-0.7621470530449828,-0.0881004524336477,0.5457315194268691,-0.8739131846302554,-0.006966685691612929,0.8081019613172314,-1.2109374338395946,-0.09551539778883708,0.9427598650951059,-1.0183732871332651,-0.15116152736643332,1.0113830925828344,-0.7442765769427145,-0.17221592028931476,0.48396423031713853,-0.8681047901212818,-0.09085630526069752,0.7384266955478391,-0.9045653093135179,-0.17765676691850063,0.914464886979173,-0.7669279556797844,-0.22990739655738368,1.0484427515523045,-0.5796570746491458,-0.25762815583796106,1.0380489806667161,1.1883336876127717,1.2662700265159181,1.2674784835053725,1.2254006667836612,0.7634565553998589,0.8258192325867234,0.5167280861551914,0.8777136340043744,0.4502018993994142,0.8477006397440185,0.42483715459894933,0.8747824581191801,0.7520655197647161,0.9037605307055517,0.0,0.0,0.0,-0.24399298501021538,0.07956030574081716,-0.0014013208517563863,-0.5339399480882202,-0.004615897877383563,-0.02408272188600776,-0.7410981044583599,0.062495818034730394,-0.08051282056443639,-0.8876400495211602,0.21609207673350725,-0.12819320765559006,-0.5947830129687479,-0.7207226472270823,0.11224146719330068,-0.7870829106780104,-1.0932456117114981,0.016181457154734694,-0.9196954740100577,-0.9715862777280095,-0.06084628887915886,-0.9356208810163686,-0.8055044874489323,-0.09914774733253363,-0.5425793750515313,-0.839008314768937,0.040898282571254586,-0.7582059076689602,-1.3212006734649393,-0.04913146516027726,-0.9121793884791166,-1.1205382818527543,-0.09967352503962944,-0.9220607867249973,-0.8623669485182756,-0.11329482849644426,-0.47524314694485154,-0.9159366507850464,-0.055702564588384934,-0.6954310753483992,-1.368745358153439,-0.13382753206561626,-0.8666506307844649,-1.1106693709595263,-0.16427761631741386,-0.8945741723878559,-0.8403007557684772,-0.16417183153048995,-0.4089264591516174,-0.9309638789365037,-0.15928160212452042,-0.6366200669588957,-1.1640070165895036,-0.20022184306401103,-0.7882407224067651,-1.0001737302474283,-0.21041563650066467,-0.8364804063163339,-0.8056231172991317,-0.20968039483452378,0.922515117290745,1.2385694119004107,1.2675600839710446,1.2382732736825772,1.180124546501712,0.8047796132516123,0.8464088761518882,0.45287077558449185,0.7718913624527922,0.3595880586783528,0.8002304900238495,0.3391072095203665,0.8433881312723184,0.4859412636780093,0.83896894695728,0.9999751755294151,0.0070461566757494595,-1.0080878091642343e-06,0.4931950514668296,0.08004355864474919,0.1172377051057412,0.09602436308542008
heart_with_two_hands,0.0,0.0,0.0,0.30704239638045444,0.11631002860625562,0.05611190550049302,0.615473350957392,0.023854973258849665,0.08212916083592663,0.8205991910890768,0.10316235355915851,0.07066527772727849,0.960898726548951,0.3207299439667667,0.06287165011442286,0.6647917908678462,-0.6380709391715919,0.1700064310672285,0.8406949874763494,-0.8808756877806893,0.1243261486286641,0.9674428994727917,-0.733164753364889,0.0653658592177432,1.035017698833944,-0.5404781142075902,0.025722958334535754,0.6237336673252712,-0.7761582602837186,0.09238326276073557,0.8404625375270758,-1.1209098091280068,0.022283291508201134,0.9571235586040939,-0.9497923467692533,-0.041434057941924285,0.9927880553575925,-0.7061331186357575,-0.07163887057872549,0.5680145106411263,-0.8601737370142293,0.00015276408149410988,0.8261096222395029,-1.240000662202192,-0.08397244211298949,0.9579380604452923,-1.027743498651667,-0.1381235321122823,1.0083872314649247,-0.7274130655871509,-0.15613805554895546,0.5158887103512849,-0.8605670247150441,-0.09243934605573878,0.765179577335576,-0.9189196098873201,-0.17633266634013786,0.9428135179332864,-0.7727623588812206,-0.2305884225491422,1.0691750948694705,-0.5684585526180037,-0.2580621438249947,1.0149615283489475,1.16792118716221,1.2204033070558136,1.2531375299459357,1.238093930042971,0.7858345228341445,0.7998012228432348,0.4435761868440531,0.8806687434681032,0.3940940411728287,0.8484430221749493,0.3854256297105893,0.867884920200445,0.7181631760873028,0.8904888409526409,0.0,0.0,0.0,-0.2429740550535044,0.0439277253096668,-0.006268036311473054,-0.5292016991545719,-0.04524535527650585,-0.03378725263455616,-0.739713078757343,0.05391769726471418,-0.09356365349960793,-0.886206052418806,0.24980535233478504,-0.1422053578995498,-0.5667189018121869,-0.7606015869497336,0.12067936833146208,-0.7358632026574098,-1.1373426121137356,0.027467844307282427,-0.8747137232100202,-1.0023165567598262,-0.05072113482625339,-0.911493386915692,-0.800943634794338,-0.09038048657851376,-0.5188878627720541,-0.853032743676258,0.055592482261592135,-0.7106636852456648,-1.2979223181745048,-0.02257100617238491,-0.8630771497677687,-1.0963398808370917,-0.06783553640285372,-0.8934510242245595,-0.8440061438296936,-0.08191284870703393,-0.4606931620528698,-0.9047875248184355,-0.03627550848045277,-0.6668922868038731,-1.3169585709682474,-0.10259646593783388,-0.8341092206159233,-1.0798693816883622,-0.1265721650738701,-0.8808215571856286,-0.8172462226937481,-0.1257443177719593,-0.40852831872021833,-0.8955374585169166,-0.13661777787178117,-0.6216057010944854,-1.1081429953330075,-0.16541978878616864,-0.7697493868301166,-0.9582605313115846,-0.17098689373114287,-0.8288149091694722,-0.7681730390110253,-0.169539468866833,0.9316577940500304,1.2167577954805855,1.2317917105961889,1.2081182216828164,1.1427018872079815,0.7621307733730311,0.8474858388805864,0.4270215119921735,0.8020618234023797,0.3508015994064974,0.8288750787525936,0.34970089525447223,0.8580216675377432,0.49930377401322185,0.84739149875429,0.9998048308163269,0.019756018721623823,-7.791358989283767e-07,0.49497513439523777,0.10586336794116663,0.12717706817117497,0.08820123953473216
heart_with_two_hands,0.0,0.0,0.0,0.2625345658869482,0.06520211052626138,0.06887788724156399,0.5236108899889012,-0.012562889777228388,0.0904667809250275,0.709281188369126,0.05735778244761005,0.06953314661547824,0.8608739157387836,0.1695740001445488,0.05468316579729335,0.543135649010456,-0.7781083834335695,0.19995523327373987,0.7161203464243202,-1.065933704982826,0.14616816011713085,0.8311928150776153,-0.8649564618730565,0.07336411949865389,0.8602660767869591,-0.6200863860489554,0.031665231023357554,0.5123709738389307,-0.850457144612085,0.11915800579736582,0.7156802399880898,-1.1671091825114888,0.06554442681420178,0.8424607036617141,-0.9471868427195096,-0.004831747373098132,0.8594630433312904,-0.6782625153285817,-0.042099937710143503,0.4878789638869137,-0.8720294041404909,0.02404737821002717,0.7195424776813085,-1.1531395038937933,-0.029320309422721867,0.858995168639283,-0.9329982849092189,-0.07068779091156199,0.8990841586688684,-0.6715225879521202,-0.08437524400317106,0.4715360182028655,-0.8029168698301037,-0.07199819480906788,0.6978280079312211,-0.8993868530746728,-0.1160637879308946,0.8415336318576297,-0.7598540221138125,-0.13279127801732524,0.9191366166393617,-0.5782106312671309,-0.13408194042048968,0.8791185863955238,1.0609276770305518,1.0956683655684032,1.1253506530410042,1.0941287039944207,0.7853573301682494,0.9117767303981313,0.3647900239923246,0.8683624075368962,0.3688749173086588,0.85071579308893,0.40908246489474875,0.8652079150184281,0.6289389780963587,0.8716420089877801,0.0,0.0,0.0,-0.2015170081085484,0.03313410956894177,-0.016629226031325398,-0.4449894268073927,-0.06384951655953433,-0.04883443257570778,-0.6378882230709965,0.03233942290040408,-0.1099832997539751,-0.7850428970394606,0.2042488888444518,-0.1574628274896766,-0.4972862266106458,-0.8169051126879122,0.08729261609052863,-0.6706949719526062,-1.227042018818358,-0.01358507352648961,-0.7789384804725235,-1.0087621905143063,-0.09156049872939774,-0.7781622775927947,-0.7651670115577124,-0.1290090544663993,-0.4602777289069726,-0.8871474626699487,0.03337351870138432,-0.6557083392364164,-1.3295175389777083,-0.05465302248783093,-0.7752383514536694,-1.0683376505999587,-0.10255526517357196,-0.7678872672692076,-0.8218055254769024,-0.11546739775285582,-0.41813213291736023,-0.9195587282211948,-0.045136555905332824,-0.618125565326983,-1.3073086273474985,-0.1137614908117295,-0.7500113509866289,-1.0327174133111006,-0.13631910231470049,-0.7583284746994037,-0.7774860499229754,-0.13240068440002337,-0.3803082560017029,-0.9034738794491719,-0.13258922776464224,-0.573207401016039,-1.1472897013690315,-0.15892917900595327,-0.6981256120464461,-0.9778098655262766,-0.16105631144086682,-0.7274468298597753,-0.7771098641331293,-0.1547010995036054,0.8263198538261961,1.0989360408954107,1.130640480825959,1.094109946300805,1.075644486525949,0.733471129236741,0.8744015375101054,0.3190182956934937,0.8481355443349304,0.2893559646290869,0.8504655557945728,0.3021727473092648,0.8649213836938232,0.4158325493826071,0.8434585909267579,0.9999900760269833,-0.004455092249556428,-7.720028460880897e-07,0.4960528964483717,0.12994618525868554,0.14346023296561283,0.10602618598813802
two_hands_open,0.0,0.0,0.0,0.27382022888664803,0.023237510997559833,-0.07480666960401576,0.5399932967149426,-0.0824748932873485,-0.09218080439138455,0.7444482960236498,-0.14916791801531237,-0.11392778960367636,0.8918143481197893,-0.10406620078418066,-0.13573317881691394,0.5393035849300704,-0.7567305748186641,0.03526711234502216,0.6903974582452974,-1.0402635512109437,0.011344226266170019,0.768647805662246,-1.2130659683412972,-0.030981002543626096,0.8378228627572748,-1.3625758052222827,-0.06544617409727861,0.4253886767763489,-0.904438912908822,0.0321671647301302,0.5533293562373406,-1.2783098151138927,0.02297977215037112,0.6212928897925833,-1.500031472386856,-0.01237428405190796,0.6732727565745922,-1.6719723616666948,-0.04184320595315127,0.29850808041267013,-0.9690147084689231,0.011091665866126851,0.4077309047481377,-1.3133788936744433,-0.009629396394114469,0.4732012697098386,-1.5115055793175523,-0.035522911747347494,0.5278720648874392,-1.6714917906625797,-0.05465025265111068,0.14770992897965451,-0.9790005994635246,-0.022586089003546393,0.21663264652528552,-1.25559729765024,-0.044146056742144495,0.2621473831449807,-1.4159932242287228,-0.04713270319569414,0.30426734514291437,-1.5578465994666046,-0.047213742953685335,0.9080672340139372,1.6008882459559504,1.8029250225140514,1.7537161609723952,1.5879841883072003,0.9763401017601943,0.8061559430985568,0.9495338074184494,0.9950702657781062,0.957979491424575,0.9961976259748824,0.978596401252932,0.9953036603036526,0.9789931338305672,0.9932563380828291,0.0,0.0,0.0,-0.22135058885685943,-0.05979686083542644,-0.09980107601668564,-0.4531583762586673,-0.22449808080731182,-0.15569799653572672,-0.6440526543793387,-0.36232800829117134,-0.20474706044273372,-0.7859524450839008,-0.43680234484412606,-0.25126593251505197,-0.41531875210046887,-0.8165991734825717,-0.05975340776224988,-0.5451392509431816,-1.1300880230510997,-0.11663865924116211,-0.6147772531802295,-1.3218428381350567,-0.17371152455105496,-0.6713477576071524,-1.4989485229878574,-0.21678191961173188,-0.3058135090590964,-0.9504906785091473,-0.05518666273822637,-0.3952293458195765,-1.3359034566350458,-0.09573499886145108,-0.4433176920423099,-1.5796424078731461,-0.1375273682340343,-0.4783586566065372,-1.7825934614814118,-0.1704601658234229,-0.1846027231092472,-0.978097353494421,-0.06650756639746984,-0.24878467640494872,-1.348135448375093,-0.10278483135092516,-0.2815216558309227,-1.5676409518025038,-0.14022411837523754,-0.31279747115294637,-1.7501302217322965,-0.16797280653316124,-0.0542585185465485,-0.936074941355296,-0.08944923724454487,-0.09109622119854945,-1.2253737757132206,-0.11276667151756245,-0.12078354632058086,-1.3989719352201182,-0.12489643948997249,-0.15010878071347314,-1.5509822637431518,-0.1349458002052963,0.93362310556099,1.6566680074421,1.8535164205906678,1.7857807577401663,1.5640616987466207,0.9956941125043325,0.9497380277002577,0.9633674433125989,0.9812272070691128,0.9769477729650958,0.992086096631765,0.97624881348202,0.9910213162227358,0.9859938151266499,0.9931505899515284,0.9956079205988426,0.0936208760940705,-4.7683183693521633e-07,0.57244498588333,0.3409715978305982,0.27132814672919703,0.8004214036815721
two_hands_open,0.0,0.0,0.0,0.2587185980404648,0.06917226385111627,-0.09792825848987988,0.5314153047087224,-0.01956118771253344,-0.12894858193271286,0.7578588942118228,-0.07626152321188273,-0.15797989794718198,0.9217592097673615,-0.01918546832782881,-0.18557890766011,0.5496547369908868,-0.7393831180551028,0.003638955638574436,0.7151138123987917,-1.0462655327899033,-0.024008980771737534,0.7991540743908409,-1.2259633688460025,-0.06607237143254573,0.8686817127654647,-1.3706985609349094,-0.09867919359186503,0.4298649869193734,-0.9027996486645132,0.012995668202837138,0.572622235749561,-1.3033073972049563,0.0027943079485950543,0.6491722860838751,-1.5299973709037227,-0.030778085172891007,0.7061879669317792,-1.698400109929767,-0.05808916432029569,0.297594721379354,-0.9804357711020822,0.0043418217227441476,0.4144585105041592,-1.3428788127807303,-0.011282687985527366,0.4888977154345315,-1.5458428471485337,-0.03206186531800823,0.5523785704205071,-1.7090808978392606,-0.04871531906479636,0.14180810821154816,-1.0001841579595265,-0.018412143722317663,0.2183098725278913,-1.280402650453221,-0.032794839722217826,0.27139556031806217,-1.4429677354105848,-0.03012892598216016,0.3217925558024987,-1.5872649845458011,-0.02646855394055718,0.9404507716803832,1.6257798271260822,1.8402822416847135,1.796789576642307,1.619771948294818,0.9775258368783704,0.8168044773769981,0.9549505083772685,0.9957662488372663,0.9628807734556617,0.9958512651132279,0.9784888053682739,0.9938571851005632,0.97405317604941,0.9929884963923372,0.0,0.0,0.0,-0.2233793719494186,-0.06943170122668534,-0.07264589429983605,-0.4612060198053912,-0.2500407199371313,-0.10122074041547761,-0.6477233058926924,-0.379901825491513,-0.12654829820866387,-0.7906716666902819,-0.43397692789255454,-0.1488333693509475,-0.4112228705402538,-0.8308091803389053,-0.0076200666308982356,-0.5405726568224397,-1.1501932339677643,-0.04810045622444575,-0.608271281829229,-1.3389758999222132,-0.09217296279805151,-0.668446542059026,-1.50745198613505,-0.12712478562339452,-0.30391227390013037,-0.9525850061842417,-0.014803234978218893,-0.3965009324801901,-1.3525820521286092,-0.0396054493061923,-0.4446605395529682,-1.5875367550984565,-0.07152814116100681,-0.487335297305575,-1.781050814728708,-0.09847756527253404,-0.18330457826624008,-0.9873300017629398,-0.03771006113111117,-0.24935849458809112,-1.3569277996228284,-0.0671612708531462,-0.28651342906210003,-1.574891803849483,-0.08576821093636634,-0.3234282090215801,-1.7533600665646412,-0.10174884718771822,-0.05469857149992511,-0.953370637870363,-0.07069157136168554,-0.10257582214833973,-1.2337150104056074,-0.09123200301906838,-0.13400272171125147,-1.3997297460042464,-0.09011902965455744,-0.16569239228180788,-1.5397461232870784,-0.09143646223727815,0.9141384087118335,1.6539023493583198,1.849144539376983,1.7858415823690799,1.5513325625616592,0.9860149658177373,0.9214276756536318,0.9659123541690473,0.9925467308733333,0.975725699688196,0.9952220658893983,0.9968837310251786,0.988805064055166,0.9743121765147257,0.9876392906875908,0.9925905804079723,0.1215069532382778,-3.4038006293628163e-07,0.5610511872128954,0.33952656929294134,0.2706112994867327,0.7904592251541448
two_hands_open,0.0,0.0,0.0,0.2681556693847403,0.09114052735726869,-0.09100968864434544,0.5547836167934366,-0.0026330909183523896,-0.11161576818445344,0.7919621813513883,-0.02939114057897178,-0.13039636553081194,0.9479814983396251,0.03733563047338122,-0.14738101985630134,0.5733615360507006,-0.7154347299192515,0.011790537752022441,0.7444848579056083,-1.0276485803107154,-0.0068435486191650045,0.8338333869664045,-1.211872895418844,-0.04116738937528973,0.9067835705465713,-1.360640648258281,-0.0681117746953604,0.45826763284602845,-0.8885297074546652,0.022488567233700577,0.603283843442242,-1.287818579906279,0.02637259628399097,0.682493774751488,-1.5207401391989621,0.0022530688973297595,0.7394871528338075,-1.6963783116733018,-0.018485642538322484,0.3272513752973012,-0.973359752375903,0.015985921417714568,0.4464891063440416,-1.3350029339700056,0.012331440211690305,0.519174984978709,-1.542346799343911,-0.005343393166315313,0.5771303038708201,-1.7112395435655932,-0.01995229569499403,0.17188131452574584,-0.997306534057151,-0.004520788285947206,0.24822029392317177,-1.2777078391423653,-0.013395926139151219,0.296084385400197,-1.4483746832095263,-0.010354176702703367,0.33975579837567527,-1.5964099453064204,-0.005428000775881768,0.9600958470439132,1.636532502383639,1.8506437648834169,1.80605045810246,1.632172839865792,0.9352072234141265,0.8361293168443429,0.9604987607008239,0.9979322045668686,0.9653601497676659,0.9936817320658703,0.9767321947800647,0.9978576136372174,0.9846271633684581,0.9936493147386033,0.0,0.0,0.0,-0.23552436324665224,-0.0636801048796122,-0.08079951696383443,-0.4821481929629231,-0.23308976149481217,-0.11048338675273442,-0.6746750993308456,-0.3600946183756321,-0.1352622416394788,-0.8212151910121022,-0.4130472668302054,-0.15687352665462906,-0.43130762489772506,-0.8164744166737149,-0.011346924142849235,-0.564293852884677,-1.1494528583735475,-0.05411388050642362,-0.6327543230483683,-1.3500297627599984,-0.10085515995913716,-0.6915739151196961,-1.5312437978046953,-0.13723587442303545,-0.32124069193503657,-0.9468997864173829,-0.01360927359610304,-0.4134378653066037,-1.3532285421861519,-0.03767182035827099,-0.4632118919201776,-1.5979156745742982,-0.07128807893362413,-0.5038140965845537,-1.8030635226266107,-0.10054836030605141,-0.20081903681650504,-0.988462916443504,-0.03265160847808306,-0.26278128090622194,-1.3681097888980562,-0.06078776876988608,-0.29657649840186867,-1.5936725632514208,-0.0805074054912483,-0.32637327179084935,-1.7798568311337737,-0.09818179040410627,-0.07294921433560149,-0.9615030515807256,-0.06273838101785228,-0.1147109026106952,-1.2428048078958263,-0.08311156633138274,-0.1400510391190889,-1.418660184300318,-0.08313356465410326,-0.16204308522626587,-1.5734641616701208,-0.08552938266893849,0.9325297517773934,1.685768588394619,1.8748271075766503,1.8121946683069061,1.5840968104347768,0.9935249970322729,0.9246820570006038,0.9648349861990964,0.98981776185761,0.9747439086523481,0.9976531324384836,0.9940907078781499,0.9960911125233503,0.9772343093887015,0.9951195160769125,0.9938962573837204,0.11031876340211108,-2.494664051237524e-07,0.5594751768558701,0.33256017556450146,0.2707491545773133,0.7901525933033781
two_hands_open,0.0,0.0,0.0,0.2683650080473847,0.0970924147599931,-0.09329036901492217,0.5522586040448777,0.009935291652682313,-0.11486211263607943,0.7881161321956964,-0.008903664143029306,-0.13434332782207012,0.946567551793515,0.055831367389232896,-0.15165628955958269,0.5755430421880399,-0.7055549934062073,0.017080898805872085,0.7471621682887185,-1.0089392700693132,0.004039658256314961,0.836662339575693,-1.1898379099374128,-0.027543487421396857,0.9086406499584707,-1.3379966970283017,-0.053864556552444334,0.460933089740234,-0.8869290519760447,0.029959031082400073,0.6106566109611389,-1.273669939243312,0.03708303095743564,0.6944133892818524,-1.4969050265577135,0.013477823035341714,0.7541294367932124,-1.6643888610865,-0.006893169927799227,0.33146383727878165,-0.9785301713251738,0.025515467584409087,0.45238973866271603,-1.3330870093216098,0.025523104985228244,0.530614961619989,-1.5336497989127338,0.006837467161184746,0.5943664614248712,-1.6955950528514556,-0.009209375852220767,0.17811962233620307,-1.003823013679769,0.0067671705650878145,0.2517946600492233,-1.277797394985508,-0.00021139980967919728,0.3005509487253841,-1.4477060135037199,0.0013249872248211508,0.34413558980207964,-1.5930247176312868,0.004889233340285073,0.9602639750901313,1.618259677081583,1.8272791259516203,1.7967745786059643,1.6297794205828355,0.9306959493923996,0.8516885093209565,0.9585992200039134,0.9975083453633394,0.9629726934983136,0.992852845953097,0.9692032941508467,0.9980217627232452,0.9881390712901418,0.993949313051154,0.0,0.0,0.0,-0.23510975936329312,-0.05205037538462421,-0.08630800484205406,-0.4835369323935359,-0.21638847637131667,-0.11999205108776698,-0.6795022355425401,-0.34646708560889233,-0.14773926079011207,-0.8328405834627016,-0.3979051238313913,-0.17189250717044563,-0.4334962098097192,-0.8118558355102062,-0.017742883780186895,-0.5725244565049483,-1.1416061411159935,-0.0629206818677726,-0.6415939794220731,-1.3425562169900755,-0.1103989323672314,-0.6992919818967029,-1.5229103557128436,-0.14692344474922295,-0.325538740358555,-0.9453458273117884,-0.018595572321270824,-0.4201974335573957,-1.3510374667906768,-0.04288455303049359,-0.4691986298175244,-1.591799880441342,-0.0746523327972059,-0.5085836558179747,-1.7918314505722364,-0.10207911231132584,-0.20386339805511858,-0.9874177063826532,-0.03680551807137919,-0.2654463205627433,-1.3687800402856403,-0.06599211170500126,-0.2974462710175782,-1.593491103204096,-0.08304966825152577,-0.325453891076178,-1.7779934154414534,-0.09854126814527951,-0.07336250423877652,-0.958577165550662,-0.06655185488004618,-0.11133795314355363,-1.2374213349382153,-0.0890288144849228,-0.1317429794095196,-1.4134240051894849,-0.08807803045620641,-0.14787096424792198,-1.5700395953341726,-0.08903689938312616,0.9388817598905146,1.6822163137062416,1.8654054324449816,1.8102185509207085,1.5794991998847179,0.9983922721849907,0.9166568276686152,0.9632106496821348,0.9885326563413078,0.9758630549942027,0.9974038876668972,0.9940815166239709,0.9961644164374944,0.9721901039322306,0.9945312781025784,0.9947578309061142,0.10225877884519076,-2.2975375899891093e-07,0.5547588160566529,0.33151412543548076,0.27085349153409843,0.7956246105345988
two_hands_open,0.0,0.0,0.0,0.2670373105146619,0.09011630453448811,-0.09409637322273741,0.5426223994487535,0.018724916434198848,-0.11693707944083787,0.773452849525842,0.005755910248384648,-0.13777111785944166,0.9318950165521979,0.05937643421327459,-0.1565739543663182,0.5662926967155452,-0.7111706124648065,0.01676935758528374,0.7423315457217097,-1.0079703114267646,0.0009695050184755611,0.8342489821079729,-1.1903462580275233,-0.03498891889952133,0.90921826715369,-1.3471597348749713,-0.06527961916260916,0.45277694080262787,-0.8911673191831674,0.028528075597562954,0.6014886044576041,-1.276939022230857,0.03080465210241744,0.68856682945738,-1.5033063390729215,0.00029623002838429673,0.7510844333358854,-1.6743157285426418,-0.025540191731682114,0.32337472801021966,-0.9809214694279765,0.023321990535551437,0.4439917873164327,-1.334777539133395,0.018375695531143713,0.5225773938107708,-1.5317565374303308,-0.003678801483926246,0.587405957095616,-1.6935428411840814,-0.02190564542070149,0.17158160663574162,-1.0035229764195344,0.004075650737540027,0.24585737625796983,-1.27879879496207,-0.00770406158609508,0.29561389469442123,-1.4447704241315897,-0.007551967557850593,0.34190122941399176,-1.586840941248585,-0.00465453293847043,0.9468206197588909,1.6265849615905026,1.8352420238863476,1.7926552849498323,1.6232628524593204,0.9373293113664721,0.8786883050568668,0.9537089285543795,0.9934268678492484,0.9584161821164822,0.9927014937299441,0.9669659222221896,0.999496366198908,0.9839383236216176,0.9904280739839593,0.0,0.0,0.0,-0.22947566191266175,-0.05217101511274243,-0.0908697935535657,-0.48086644676242196,-0.20954569170177303,-0.12741197425169704,-0.6810243048015964,-0.3330978043169626,-0.15748364341034232,-0.836692847254421,-0.37807416124992044,-0.18397698913816748,-0.4341129598598586,-0.8047895290355744,-0.025410151554185266,-0.576217822812858,-1.1401181167680785,-0.0753789014367595,-0.649971323041876,-1.344508666958635,-0.12622175454906495,-0.7094918963345475,-1.5325910273903973,-0.1652346321395238,-0.32708401040109947,-0.9446441219544246,-0.025759134241810307,-0.4255564725121377,-1.352942401020985,-0.05437423490075024,-0.47723771566929524,-1.6017950848267122,-0.0891616967921575,-0.5191456128237513,-1.8135374273318154,-0.11901753923786117,-0.20570918608922184,-0.9916832057322543,-0.043887680208481473,-0.2704037669187684,-1.372530672753991,-0.07626549603894828,-0.3039679159885223,-1.5980740095027302,-0.09564737407184203,-0.33424590127316123,-1.7833737552684368,-0.11288252024676479,-0.07528388244198322,-0.9665890333530893,-0.07401241782170347,-0.11406324642044553,-1.246414518309488,-0.09867149248411658,-0.1366369425953375,-1.4247525764885758,-0.09964887983478743,-0.15628218476108896,-1.5824524437830378,-0.10253105312473414,0.9363986995846834,1.6969138139163784,1.8901310383922283,1.8179341948693895,1.5934530036883656,0.997535151364371,0.9136909438085142,0.9656952426971152,0.9834218746895087,0.9761163301246463,0.9970123550113377,0.9934775996771971,0.9950021305750726,0.973746938086946,0.995909908238091,0.9956213897949642,0.09347752768819269,-2.173554582171909e-07,0.5533182771590358,0.32649901031313117,0.2749314923032496,0.7926923759943122
two_hands_open,0.0,0.0,0.0,0.2659370215556,0.09870705879952404,-0.09648305942314209,0.539767968982964,0.03390376965966743,-0.12278290685107454,0.7717344463687097,0.01952119652470496,-0.1475685903545577,0.9329236935808745,0.07927909208242194,-0.17049404785321506,0.5676578802487552,-0.7082340303950156,0.014593596465694527,0.7481268105616192,-1.0037622062788496,-0.004822115316265545,0.8461875563989539,-1.183931488488829,-0.043103644907516746,0.9257441946902165,-1.3364865303296363,-0.07466127339864818,0.4561966890772398,-0.8895259548715463,0.025063050190029555,0.6091076383875883,-1.2723369214499836,0.023646015299376596,0.7007213287077887,-1.5020066771673979,-0.00874904474795117,0.7675149938694424,-1.6762365776688852,-0.03549955105122575,0.32893478687838923,-0.9819571473696206,0.01803210491050286,0.44951923805855826,-1.3362866756271312,0.009465966465958191,0.5320250727204991,-1.5375599178770964,-0.013763839974032747,0.6008663109267179,-1.7013207539489732,-0.03224553272519366,0.17777444152718117,-1.0074268342621813,-0.003406570629074629,0.2517856476274228,-1.2833243757580752,-0.017581855311326635,0.30333811455823145,-1.4495483004825402,-0.01771599873869917,0.35119835962587187,-1.5905125732832968,-0.01484167358058539,0.9516827269838246,1.6275051046005031,1.84393832550179,1.8045975744760707,1.6288925099130482,0.945853291980469,0.8679783947797728,0.9561820906893032,0.99436055602267,0.9596275714818958,0.9942618224299408,0.9671092693473582,0.9970448747995446,0.9801860893568185,0.9893992459669999,0.0,0.0,0.0,-0.22616932562065137,-0.04272305661957087,-0.09243998887492881,-0.47489418355585605,-0.19938154423245313,-0.12984881560412512,-0.6721356536804078,-0.3266227612801437,-0.16042100925158914,-0.8284131817947828,-0.36846725332335245,-0.18759919656885624,-0.4363212277402195,-0.801793171495178,-0.028775521923476467,-0.5793607235090702,-1.131832655521869,-0.07869166314251975,-0.6543382682748983,-1.3348867982291828,-0.12999887269649318,-0.7150068750039584,-1.5212372939739327,-0.16995777809158322,-0.33062171919509364,-0.943298777895609,-0.029609025940263517,-0.42997148912829153,-1.3472043232261963,-0.0593922448657426,-0.48287001118030504,-1.5946299479531367,-0.09615278509166167,-0.525945982722923,-1.8049035833847686,-0.12750789238928484,-0.2098496163415994,-0.9896672570518734,-0.0479473939984478,-0.2740697086886658,-1.3725521521646622,-0.08270199865487017,-0.3073814525115621,-1.6008171273002294,-0.10470052506096872,-0.3375430211458244,-1.788727819714273,-0.12375326973575536,-0.07973271348986706,-0.9624723329553355,-0.07817801154181454,-0.11709875983238245,-1.243311083886371,-0.10643435612058393,-0.1388236267127312,-1.4248047803437993,-0.11012861623793908,-0.15704763712015224,-1.5858666385770501,-0.11469433671950993,0.9258671476493222,1.6894624536265632,1.8842914808168925,1.8244992123633044,1.5977458329009102,0.9964506438356303,0.9013039726612914,0.9652147642554949,0.9842524785577494,0.9748913111732296,0.9972922982096759,0.9930117928591411,0.9952474136709207,0.9744471537767511,0.9967416216543877,0.9958578583592599,0.09092373696697763,-2.610828808809096e-07,0.5562421394304695,0.32136722477929747,0.28351092625284247,0.7899201726457623
two_hands_open,0.0,0.0,0.0,0.26462802739689933,0.08836813045223149,-0.1004414087432158,0.53453751046745,0.030891350945027644,-0.13120105866950818,0.7635078643365217,0.0111617535654175,-0.15993064487907702,0.9255895278509582,0.06354944741258484,-0.1869591683889309,0.5603922281062231,-0.7100911116508332,0.00571250233034136,0.7411756375049301,-1.0024974226734116,-0.02063336031385444,0.8394583360159006,-1.1849654782582937,-0.06378968094480822,0.9206730922659023,-1.3430916172110516,-0.09882311612606738,0.4494410117390948,-0.893174375661404,0.01556636209266482,0.6048919464997278,-1.2738669860983443,0.0054850093201573025,0.6963153259478295,-1.5050173993058085,-0.03215552468374155,0.7650092626575659,-1.6836212859630928,-0.06231604732477901,0.32136001031024714,-0.986672238994122,0.007871441023361462,0.4480622258256127,-1.3417312097437797,-0.008831030491400438,0.5323366579964842,-1.5467663874837119,-0.03546908643019836,0.603751543790007,-1.714868803146717,-0.055576393578303164,0.1682448821584436,-1.0124873826063845,-0.014062195919762672,0.24428751436735754,-1.2905729937032928,-0.03478842784678732,0.297979943746197,-1.4598646424002557,-0.0376724793524423,0.34829208051480876,-1.605214273356716,-0.03625580466230728,0.9464186372734241,1.6313491481978721,1.8503251325791568,1.8188951795410973,1.6429652218197364,0.9606171158216166,0.8739709300658951,0.9548980813888218,0.9930005663643312,0.9598127809546418,0.9964557521033697,0.9717348115182007,0.9951170417651647,0.9781866432383961,0.9883944249021882,0.0,0.0,0.0,-0.22694942791869513,-0.05475053063189893,-0.0851868503926606,-0.4757025686418032,-0.21320595067255685,-0.1206222659487639,-0.6730973031171521,-0.33776345749976083,-0.1512526657716108,-0.8253576968441985,-0.3790599099512935,-0.17951541018017853,-0.42967074331216976,-0.8071800351987882,-0.023972764357155993,-0.5700908433576921,-1.1408653485735911,-0.07667830689051736,-0.6447421514275593,-1.3462144620878735,-0.12996110989020018,-0.7049388944953388,-1.5351170961898162,-0.17108773274417324,-0.32256802096136983,-0.9460847613197211,-0.029554969999504008,-0.42088949207116105,-1.3544671753266853,-0.062080756474152524,-0.473538280602753,-1.6069885847599858,-0.09992831696643863,-0.5159749554455009,-1.8197888555243056,-0.13179191266360027,-0.20057291203727984,-0.9920931319223258,-0.052458559419232165,-0.26592770946601585,-1.3791817562643527,-0.08871977294470779,-0.3001668951626915,-1.611350915789154,-0.11069992362294638,-0.3299467043458793,-1.8002056476443609,-0.12944426822674637,-0.06979258070146734,-0.9638702698571383,-0.08680020054470602,-0.10583616709125025,-1.248964958872653,-0.11503268028896621,-0.12819981496631655,-1.436372943597169,-0.11865444227335026,-0.1467290493189876,-1.6019759745264242,-0.12342184047152424,0.9258118197368191,1.6978793703564765,1.8961093696253333,1.8347645680294018,1.6134092436760485,0.9962746449495954,0.9050885764051884,0.9661240640937783,0.9833447897469388,0.9761578740853344,0.9972590462258331,0.9933819979212737,0.996548993624456,0.9748364748093657,0.9962008039271165,0.9951593206712722,0.09827474996675536,-2.5199143562112575e-07,0.5564677107610804,0.3264039135095808,0.28431041184659256,0.7951734092053175
two_hands_open,0.0,0.0,0.0,0.2609559099342245,0.09031775215793694,-0.09275145230239694,0.5359792619405501,0.022849246911174213,-0.11992250566370938,0.7636406770066365,0.0025661880908583643,-0.14533150750641263,0.9202562496038897,0.056758388016452596,-0.1693388899751873,0.5633125961265006,-0.7087949815704424,0.001095092825486811,0.7453194397446998,-1.0055038378187084,-0.025984931148792537,0.8428086876816779,-1.1855125471555696,-0.06818741381352314,0.9231369699568468,-1.3393989249166238,-0.10219010690635062,0.454108756960897,-0.8909119648814393,0.00781714030332589,0.6106685254471327,-1.2781595201865275,-0.0033867164298147915,0.7027812208410279,-1.510202358983437,-0.04157083871020224,0.7696281377124375,-1.6872941687470404,-0.07199152198793136,0.32722302476221526,-0.9832310553845046,-0.001227351092785745,0.4516791420891078,-1.34542616941449,-0.018589011143822748,0.5357868846104634,-1.5495847085561443,-0.046817643357602926,0.6053427039140656,-1.7133995454852895,-0.06812114225973177,0.17438157230483134,-1.0073090607593278,-0.023263708924447173,0.24789828196675623,-1.2892106032052078,-0.04424782149127385,0.30047363120207965,-1.4548007584795946,-0.04764929816521931,0.3501423605688062,-1.5933368671284343,-0.04673381203233483,0.9374266580395885,1.6299123176779933,1.8559288406306476,1.818465914355823,1.6320251511549766,0.9517283607290875,0.8663705171363307,0.9565497397734845,0.9942924270840521,0.9601757346118817,0.994150286774808,0.9677765487790656,0.9957505864487565,0.9764571479435246,0.985691273873594,0.0,0.0,0.0,-0.22607586969550625,-0.05064118794203339,-0.08957109971595201,-0.4756812743773536,-0.20845522408791442,-0.12595141758655723,-0.6751693817810656,-0.3315648013996227,-0.15666072790510538,-0.8284102630817558,-0.3746793853237918,-0.18457206076076796,-0.4328290091038964,-0.8053690290372523,-0.0249868934635482,-0.573360377562173,-1.1375425888995327,-0.0765726692609717,-0.6469880461301553,-1.3418652987220339,-0.1295585868003921,-0.7072006293938944,-1.531131316200353,-0.17117109934972016,-0.3254485956678915,-0.9451153081372076,-0.028987340383489567,-0.4227503980230342,-1.3519315902837212,-0.06111340318461388,-0.4750638051435621,-1.6026935364929482,-0.1000138910274707,-0.5190258226594523,-1.8165530474317957,-0.13300001803845993,-0.2030224405714155,-0.9889886002271217,-0.05077669273280775,-0.26550554855094644,-1.3761913367702414,-0.08804312935193669,-0.29916521260742607,-1.6110904709866565,-0.11275001060921333,-0.3306989507489333,-1.805761895272197,-0.13369426649781554,-0.0718588842694914,-0.958057771887654,-0.08422273290470769,-0.10628161187728284,-1.2411004670828962,-0.11465933386697735,-0.12884026920097963,-1.4279791110726445,-0.12076911540499745,-0.1485564774641636,-1.5958544611967078,-0.12750678021479833,0.9277472993112269,1.6952272363660095,1.8939223277418995,1.8406553113871897,1.6078179210715187,0.9957791067443538,0.9112591444841993,0.964696210932313,0.9842889683992937,0.9746953630684062,0.9990418971384785,0.9937104743254891,0.9941823808444059,0.9764761554027539,0.9974319547237948,0.99515714831597,0.0982967453966433,-2.3234767685023187e-07,0.5602537019059333,0.32741638829819114,0.2872984577113813,0.7945884335439019
two_hands_open,0.0,0.0,0.0,0.2573387969981912,0.08911825070698495,-0.09774798271175829,0.5309780830321704,0.020987497010788676,-0.12763424834688114,0.7623943591426942,0.0009675682097964612,-0.1542657795353654,0.9234864784441148,0.04723191937496792,-0.17920487344012245,0.5630257846205444,-0.7051620605228582,-0.008275848287794598,0.7475494824907688,-1.0006015848885959,-0.03645901242551479,0.8436746150890879,-1.1822730333236402,-0.07937809851400249,0.9248672733632135,-1.3415903013079162,-0.11445766303976557,0.4556239826800377,-0.8901699418794654,0.0020642144001562297,0.6085431592825282,-1.272788852972073,-0.009608732509563784,0.6967767800013325,-1.5030820683481658,-0.048235291363924106,0.7618404170236843,-1.683136554279607,-0.08032355929454202,0.3294878609371635,-0.9842358635436718,-0.003234717382946983,0.4509261914049555,-1.3383529149945108,-0.018829388049626493,0.5316671492201047,-1.53914754767067,-0.04706138437424716,0.5987209041797499,-1.7055184251799675,-0.07027809986461045,0.17837335613599395,-1.0087514965885862,-0.021960732338559847,0.246422369755028,-1.285443388435806,-0.04108609237672046,0.29576954659910104,-1.4512119986664687,-0.04518517336451405,0.3427140444323862,-1.593643018104348,-0.04605055815741014,0.9418983579673798,1.6335068308795941,1.8492704928000105,1.8089220080066342,1.6307273344463653,0.9500243071119905,0.8840319180907585,0.9542310925347722,0.993849324565146,0.9593074068687386,0.9930917632084136,0.9674810861635221,0.9995887847376667,0.979387229216336,0.9891347378096594,0.0,0.0,0.0,-0.22950581479038654,-0.04774084173064844,-0.08734634270529108,-0.4797583317941846,-0.20387827093117386,-0.12247307491966566,-0.6777941937724294,-0.3302208645732646,-0.1523623155236999,-0.8304976326028557,-0.37297110697536906,-0.1798587558256421,-0.4319537356008951,-0.8038988957627438,-0.023401435092943904,-0.5738471677598992,-1.135901385044951,-0.0735653702617475,-0.6497909836229596,-1.3411168745778341,-0.12519044481575722,-0.7114365486468786,-1.5296164440412257,-0.16571901608185144,-0.32357789958356403,-0.9457938280267512,-0.027773688404553104,-0.42118098153705547,-1.355740648202696,-0.05865305300210657,-0.47445996092245957,-1.6101448308119315,-0.0964269236340579,-0.5182397753918424,-1.8267071145899245,-0.12855971971844765,-0.20083730807194436,-0.9921884505256705,-0.049640168218138,-0.2627301404039105,-1.3808434053282472,-0.08548653283609728,-0.2952916696234678,-1.6191483360331058,-0.10924949305446495,-0.32425194676505564,-1.8145347625579875,-0.12956655581926949,-0.06988914205216168,-0.9642337437713079,-0.08296484069942313,-0.10370750924700027,-1.2465601308598342,-0.11166992029036812,-0.1257670533558171,-1.4333538309169505,-0.11653703441277946,-0.14426634825675524,-1.6000683754871328,-0.12244315095006819,0.9279994269634696,1.6950903282489234,1.9031444897394734,1.847826621168547,1.6112181449722915,0.9959232191863824,0.9060798429261807,0.9664206017724928,0.9846980671853817,0.9757561005578465,0.997807459765135,0.9925767744055971,0.9961786137584491,0.9762038084696465,0.9962795115715168,0.9953207979330999,0.09662561359069709,-1.9657371406575085e-07,0.5622250680700988,0.3268106564321821,0.2869710363058851,0.8001307267345484
two_hands_open,0.0,0.0,0.0,0.25873701831431445,0.09053922935626356,-0.10015071639070218,0.5315218625163752,0.018074652851775896,-0.12880979332814751,0.761151566411976,-0.009550369326134754,-0.15327206079507583,0.9189169342386283,0.039213337525256846,-0.17486873010633808,0.5637792866862704,-0.7058930262237887,-0.002105898676048207,0.7447307689274656,-1.0005191406782563,-0.024403173675069664,0.8394972346887666,-1.181635797706848,-0.06309293700787591,0.9187854793440337,-1.337387850840234,-0.09470098568847526,0.4566023197539158,-0.8895954458132905,0.011587250907600983,0.6093227437750859,-1.2691709270821285,0.007993248321983646,0.6974897259854073,-1.4978123483383066,-0.02405193233807985,0.7619483305977509,-1.6729124412908973,-0.050833376812047304,0.3310187697750171,-0.9835989989999497,0.008889780911290094,0.4533944515144779,-1.3360530172712735,-0.0003155677783317483,0.5342758293863008,-1.5323351960874945,-0.023711152317930355,0.5992032195395888,-1.6922803705781222,-0.042754712865840684,0.1792065436478654,-1.009526567042949,-0.007879644124574292,0.2494614134271822,-1.2888125012025402,-0.022619884466354764,0.300418098775675,-1.4593727242908545,-0.024142435180247106,0.3476691523109089,-1.6063707771288869,-0.022370576652966618,0.9362291870260149,1.6253434398055304,1.8389631118988454,1.7957408823165093,1.6437157162301625,0.9556785140497305,0.8671770345693218,0.9553375190490322,0.9956425256520106,0.9611328851153754,0.9937364551118701,0.9674807140910338,0.9983332533483905,0.9805409200724811,0.9908342343599855,0.0,0.0,0.0,-0.22660012387747253,-0.04472548036335894,-0.08832678904836239,-0.47324637142184756,-0.20294504706202687,-0.12475962074251826,-0.670801217033889,-0.3272672349965925,-0.15582258348887423,-0.824380843073416,-0.3596534096578114,-0.18425655137358637,-0.42663927674396634,-0.8084717120619904,-0.022292277720974786,-0.5685314793049216,-1.1351129016304609,-0.07108114731480243,-0.6439063551279117,-1.3370554064999534,-0.12245673778878233,-0.7041607432774023,-1.5218595451285173,-0.16273139538274556,-0.3193572006984158,-0.9472839947042383,-0.025768425238116996,-0.41656789513441594,-1.3531441529258759,-0.053960307085207965,-0.46916614518713484,-1.602860631590666,-0.08985942806477565,-0.5113534088286197,-1.8128681915310132,-0.12062694457089587,-0.19689973378904221,-0.9918119726408683,-0.04682171229722012,-0.25904095329828936,-1.376558127722277,-0.07994611826775,-0.2906341370838871,-1.6087662025805878,-0.10128388762046356,-0.3181910668731758,-1.7972847532006464,-0.11990557937880457,-0.06680848754818705,-0.9619571828565737,-0.07966866772818867,-0.10225930363849854,-1.2436237160440635,-0.10622519027648988,-0.12278415331333406,-1.426347495777749,-0.10871363545521306,-0.13893289575945153,-1.5879058472110383,-0.11274545651576486,0.9180984839487606,1.6847493387786139,1.8874650323494964,1.8291679493943591,1.5979545885587803,0.996125252355904,0.8877543644862788,0.9647864903815088,0.9838775006005364,0.975394009843389,0.9969090276136323,0.991875211772499,0.9962151377314302,0.9742658531370878,0.9946995218318542,0.9956319244715095,0.09336525570631168,-2.307220889918162e-07,0.5648422379133093,0.33042647428141403,0.2874826734263196,0.8007332305529313
two_hands_open,0.0,0.0,0.0,0.2610980037618006,0.0911502794489121,-0.09955738063322483,0.5363809241400008,0.020908611390478678,-0.12794363549628646,0.767052283412531,-0.007503404026949925,-0.15303639893803503,0.9260571688605486,0.041722544272510716,-0.17610848366861015,0.5671080671075465,-0.705460673970426,-0.0025191845902723803,0.7476472883901343,-0.9998936450074962,-0.028606675423470222,0.8426895685919933,-1.1815877854140686,-0.070179067565125,0.9239635308378731,-1.3372299970215862,-0.1040220557826271,0.4576624882268581,-0.8890743021264557,0.009588126425787422,0.6077096760223726,-1.2711801009153294,0.000826783010055031,0.6954759921896395,-1.501720946657361,-0.034892587468799696,0.7625386574246572,-1.6806642532493867,-0.06443924497455698,0.3303337787842653,-0.9800714562781874,0.0051841263902621245,0.4508908591520642,-1.3336668586296823,-0.008594213863527057,0.5326067425923975,-1.5318361173663997,-0.03370982719386107,0.60180774045324,-1.695676615070542,-0.0540298570249014,0.1774763847575944,-1.0020129361455887,-0.013297210814696248,0.2486844083184413,-1.2799266231795794,-0.031562603994933755,0.30037464248858853,-1.4493803927881348,-0.03422884409938684,0.3496657814370215,-1.5975231673453134,-0.0334773479015272,0.9435766257801449,1.6287152173851587,1.8466862084583315,1.8001141532738019,1.6356855326545763,0.9596245718051326,0.8661099883722453,0.9548944540683709,0.9969286282960458,0.9608799581520375,0.9965385094271382,0.9677776752219033,0.997153128368903,0.9788869541250089,0.9898029422956971,0.0,0.0,0.0,-0.22555149972280053,-0.053136370030772165,-0.08908289780486221,-0.4699809361142486,-0.2093503094936754,-0.1269167581223743,-0.6674211385130268,-0.3329695378390821,-0.15933901533383618,-0.8209399670605569,-0.36756423964414686,-0.18869593286614453,-0.4219193656330587,-0.8103734447258651,-0.02378219716072164,-0.56279375622026,-1.1379748477389404,-0.07255745204373125,-0.6392244711931584,-1.3374386168415815,-0.12317718315353494,-0.7014524976129446,-1.5196864343400551,-0.1627945768590096,-0.3151413543170301,-0.9486622908313155,-0.026940392608658242,-0.41081456562107,-1.3552253562086733,-0.05537366153810784,-0.4622949066335839,-1.6047717808104416,-0.09054395161730956,-0.5048446526736655,-1.8157662072299317,-0.12049433331768884,-0.19380602152909837,-0.9923177520356186,-0.04765394317100096,-0.25357494536505104,-1.3770900018889705,-0.08156484744029723,-0.2838105658415221,-1.6098757401696515,-0.10279452275541519,-0.3117054601528183,-1.7986176333986483,-0.12086079302096958,-0.06467074987650961,-0.9615731377757746,-0.08011648900241382,-0.09528656463680679,-1.2435527157412725,-0.10670468261057633,-0.11440224681714196,-1.4262457476948271,-0.10891522883840812,-0.13102259379912762,-1.5858032626055039,-0.11253122360341326,0.9190495388513031,1.681661243942826,1.8884898535636985,1.8294242308309172,1.595180925181151,0.9959934502985613,0.892897964070191,0.9667357736265854,0.9851204290232413,0.976296708822733,0.9985586489405703,0.9920214888981213,0.9942702487672753,0.9740492151568778,0.9966538373757066,0.9953423714149466,0.09640313099702279,-2.0347189906858496e-07,0.5652488439223046,0.3304427373859833,0.2877873317731392,0.8032028308505693
two_hands_open,0.0,0.0,0.0,0.25794923396033453,0.07595911291565347,-0.09858283448065346,0.5292635578289043,0.003906093705634951,-0.127209252578754,0.7611577530515425,-0.015431196152512433,-0.15305978538150672,0.9207982699700917,0.031413318974029554,-0.17624862418664086,0.5572479554099481,-0.7139716975114502,0.005142063801741815,0.7366869237671312,-1.006211785845512,-0.016310294936427477,0.8302042979737506,-1.1882401620412208,-0.05569770287883473,0.910098245171626,-1.3472096717995459,-0.08879684860162174,0.4504259252472317,-0.8926455628480764,0.01733161829767019,0.5970724206607401,-1.2709576412266226,0.012709823538596964,0.6844610965723336,-1.5002943188395508,-0.022273913314349213,0.7519830785803377,-1.6802836889237003,-0.051648656793335135,0.32521465054720866,-0.9828030455397225,0.012821899689012543,0.44090163937864035,-1.334254758476345,0.0022825568801656437,0.5207505727967471,-1.5305497469130018,-0.022694890171706856,0.58799682899923,-1.6932757418960982,-0.04312155574168414,0.1751464516937386,-1.005231719060346,-0.005885244927774303,0.2381463205143766,-1.2828463972704063,-0.022150568339830208,0.28538572328909273,-1.4545398458551604,-0.025324398660613298,0.33095856632829423,-1.6033397847445379,-0.024935906692973867,0.9380404192339271,1.6282314319458069,1.841602402659911,1.7929814493118759,1.6373313157126572,0.9440990022210701,0.8832505351445354,0.9528022022614807,0.9965912528456081,0.9585159214150656,0.9964150897579582,0.9643601158339371,0.9981511613759135,0.9809191114644936,0.9888061432483692,0.0,0.0,0.0,-0.22418473452744495,-0.053147889898237884,-0.08469741338138653,-0.4713456392137237,-0.2113381829526181,-0.11955853499166748,-0.6691714530699899,-0.33587015809704135,-0.14984250274560293,-0.8223149486869602,-0.36539841985855376,-0.17758636423295182,-0.42469493581657597,-0.8138275143631325,-0.019163858001463245,-0.5629653598874211,-1.1420969182610934,-0.06475317792990244,-0.6376569185157193,-1.3423865053863757,-0.11288136192805966,-0.6984343815803872,-1.5250639768704537,-0.1516072918367047,-0.3163622015951064,-0.948305387174709,-0.025136627803317775,-0.4109333820283997,-1.355504104317913,-0.0529436123009134,-0.4607703203932929,-1.607682242156131,-0.08819399570927014,-0.5025290040828478,-1.8214327714274088,-0.11855225459967332,-0.19422692108879944,-0.9883287218389459,-0.048532423709932174,-0.2536725006710437,-1.3725038169029389,-0.08389899134414738,-0.2850009541344106,-1.604123596567204,-0.1082665695065981,-0.31534558767791226,-1.795474210806953,-0.12886106784569423,-0.06513658031566705,-0.9555203150264282,-0.08301226463701752,-0.09469937515012421,-1.2379027181620055,-0.11306523035579143,-0.11405131172537344,-1.4251181832461488,-0.11955814680514606,-0.13140828012978473,-1.5941261477300073,-0.12659366261039928,0.91719943132922,1.6842254866435078,1.893200300508347,1.827505309471661,1.6045349065621155,0.9958775512895544,0.8822297882185605,0.9673024213295585,0.986685468373771,0.9754178524593671,0.9990170071854777,0.9926487224723745,0.9927446529447074,0.9774054043165578,0.9977964694758767,0.9954836081072139,0.09493358725863192,-2.2473361286616782e-07,0.5652137637091289,0.33477808818858074,0.2859366468351358,0.8103274466848198
two_hands_open,0.0,0.0,0.0,0.2598889593163938,0.07806939312567286,-0.09953178522874702,0.5253821085158569,0.0066261419324664585,-0.12848538197549178,0.7520126959146757,-0.027711865492048814,-0.15454747278649147,0.9115464348656378,0.014772981999617569,-0.17787282852600425,0.5509642641309974,-0.7174812330849308,0.004681275919087375,0.7286225116861724,-1.0065858826357155,-0.018391408127679802,0.8218405486936936,-1.1894496371293084,-0.059461046843401845,0.9009414423776085,-1.3489111736572232,-0.09402234467574068,0.44353817676360613,-0.8961072808722176,0.016298064946999414,0.587594306082786,-1.27432881748085,0.008910244472660735,0.6731199074029852,-1.5044164882875233,-0.027593098862994745,0.7388739477439545,-1.6838890833247393,-0.05806135235055733,0.3184519260851492,-0.9843617936997217,0.010944146344938017,0.4323789783580938,-1.3387247459404819,-0.004029065657446324,0.5117189771676068,-1.534604949210685,-0.031014461201158885,0.5795061958851062,-1.6960697105736848,-0.05229902755238247,0.1691222076514718,-1.0038275407929296,-0.008479131650095248,0.22973319876598888,-1.2854164674707704,-0.029292451396689862,0.2768549591145769,-1.4575776515640275,-0.0347308054268694,0.3229923074416926,-1.6064131365638579,-0.0357370245094239,0.9288562251722582,1.6248375421281591,1.8397794096662083,1.79310208367445,1.6389522051945957,0.9643066669977687,0.8700705976568998,0.951716180047783,0.9961283709040418,0.9587398903383989,0.996358261849246,0.9637957172217528,0.9955683142669628,0.978015526654668,0.9869018315283045,0.0,0.0,0.0,-0.22951204295469937,-0.06092762729453191,-0.080664438683811,-0.477254549584899,-0.22225715458886755,-0.1138466814226277,-0.6744379236739179,-0.3444705917192102,-0.14351730497060972,-0.8265710076935725,-0.3785252542722565,-0.17136002889040103,-0.42568754300699185,-0.8131409169636993,-0.018429793285715205,-0.5645631106002514,-1.1511350219139576,-0.06692562230046588,-0.6409271772262425,-1.357128082341903,-0.11760003153120217,-0.7042741032530508,-1.5453812061995145,-0.15779751526770808,-0.31551294944391367,-0.9485469515014087,-0.026650694748669053,-0.41072032531113384,-1.36105605897198,-0.05654369805168464,-0.4625179322655116,-1.6175237820205948,-0.09401827619816314,-0.5066708860873055,-1.8355871429149861,-0.12607903661695416,-0.19206805617270137,-0.9914196972549161,-0.05182671800375106,-0.2529676103779238,-1.3827625726701915,-0.08720630661249122,-0.28501730291859145,-1.6223077372220274,-0.11176686811550796,-0.3155106935706656,-1.8189489497737572,-0.13270777133147196,-0.06183423768767777,-0.9618236428504123,-0.08787360645190304,-0.09175814567090276,-1.2493316804874695,-0.11642582600689581,-0.1117075847614415,-1.4408239876767437,-0.12174884091990137,-0.12974705116860413,-1.6111607155455046,-0.12824162793964936,0.9251298602805789,1.7056099028829008,1.9084002382932037,1.8508737483178754,1.6214558469908031,0.9913908338410242,0.8935603880073226,0.9679270889886064,0.9872164592288665,0.9755500197125174,0.9997092269095866,0.9921959961520707,0.9933039734241218,0.9774584334861524,0.9966919563580997,0.9956552544209201,0.09311613363949221,-2.1269713085563556e-07,0.565934779281561,0.33846731851534323,0.29039305010081845,0.8144924457240135
two_hands_open,0.0,0.0,0.0,0.25180697503708294,0.05560052565711654,-0.09232943886701855,0.5117904679478095,-0.045438083365221225,-0.11997078596205328,0.7315227288453594,-0.09017375137443974,-0.14601426888421234,0.8879912988079638,-0.05312944221255199,-0.17013515926666953,0.5244571625895654,-0.7410739702708165,-0.00036055348548500365,0.6929290490880026,-1.0302417623699403,-0.028763350769936257,0.7830905534820252,-1.2141564533107099,-0.07175722268652428,0.8608683195110107,-1.3714820567570822,-0.10747623474946653,0.4155224405160494,-0.9095615482129129,0.006236300194446264,0.549284343349173,-1.2870634931696658,-0.008207460906679257,0.6291545570114959,-1.5162733860374578,-0.046468982183358244,0.6932662237676094,-1.698325898091273,-0.07768769538076653,0.2915164057395178,-0.9885629917019016,-0.0029977772782161932,0.4019786834746351,-1.3412293361000103,-0.02268530236033332,0.4754313518257129,-1.536316334926231,-0.0490037523180798,0.5402630389721785,-1.700062928147091,-0.069936225865881,0.14610494550281655,-0.995511877361449,-0.025482525444858083,0.20035664486879312,-1.2719690898056555,-0.04924760357171571,0.2429624864398596,-1.4429838831858945,-0.05517379062014145,0.2865210410292022,-1.5942627951967754,-0.05686619414640574,0.905702631555836,1.6228396213367082,1.8360185977157488,1.7852140450455452,1.620802866217169,0.9459880589300247,0.8628907891010177,0.9550168683221263,0.9977882625969179,0.961672611285999,0.9983588129186661,0.9708112872425013,0.994180304918849,0.9773037113441794,0.9863777745544191,0.0,0.0,0.0,-0.2304096474613891,-0.058803280650107696,-0.08234796073665482,-0.472450825645681,-0.23010457369573137,-0.11401597932529578,-0.6648004595320407,-0.37334682582642553,-0.14130316924641054,-0.8159701321678852,-0.4286758634695957,-0.16603802109657106,-0.41106178872956856,-0.8223620646903577,-0.014207694949344674,-0.5484421771288163,-1.1623604051964693,-0.0603086884287803,-0.6228252077032383,-1.3685361770298554,-0.10863322944541291,-0.68254820705227,-1.5538751108420215,-0.14599864427471876,-0.29889583451141466,-0.9541029608990561,-0.018676726570232678,-0.3902343202957461,-1.3682323525425173,-0.044112474309646744,-0.4388419907235529,-1.622810788231456,-0.07781754660632992,-0.4781862624111792,-1.8366893603281196,-0.10653224782335752,-0.17608253103057564,-0.9931898812528352,-0.04057595868246954,-0.22966083003659285,-1.3793630475870737,-0.07191626814389868,-0.25779407808370935,-1.614846514015876,-0.0929464241770943,-0.2839804507974884,-1.8054426608527796,-0.11074015294747612,-0.04754403486645957,-0.9592533606274637,-0.07362829476912156,-0.071614379962421,-1.241897208550762,-0.09774738514351769,-0.08772982043019989,-1.4237554031087285,-0.09932755044210186,-0.1023970974698443,-1.5816178344864165,-0.10240631878097624,0.9365569267060838,1.703442255896756,1.9009047918629665,1.8309919386870985,1.5882339859296617,0.9920351268057238,0.9079086418947797,0.9684293300918623,0.9861451633725439,0.976141146492642,0.9977828082203625,0.9934406648944868,0.9942818552537875,0.9757311790032142,0.9963153965240357,0.9969312527466042,0.07828203687347329,-1.6341293042633756e-07,0.5636436470262742,0.3518437475642757,0.2949180595921844,0.8379731130576019
two_hands_open,0.0,0.0,0.0,0.24377613756475527,0.02760248555915653,-0.08639709023510202,0.48841935244567,-0.10321124033213441,-0.10855791998032607,0.6953941925780197,-0.17209101049636866,-0.12892980532945467,0.8481216460017807,-0.15685193911674544,-0.14758657823055565,0.4770607122032547,-0.7873083810509268,0.006584831720160063,0.6228179094346241,-1.0791485042514695,-0.01741484355030236,0.6995377960795378,-1.260325313752919,-0.05760345479289574,0.7674997904353617,-1.4157942367206688,-0.09226441978588194,0.3639266032493507,-0.9313623993397537,0.011023091376144718,0.47558997193282243,-1.30933623590507,-0.001894709710148911,0.5408131587179976,-1.5398401373922075,-0.039209290855497445,0.5916059090250139,-1.7231828252022328,-0.07042356377359833,0.23660381339608869,-0.9850470206844771,-0.0002957493634982146,0.3356627383139554,-1.3382884629464702,-0.023005571761889238,0.3961119179111499,-1.5373866449641076,-0.05310075335651882,0.4509394938091028,-1.7095167380690612,-0.07674618907705912,0.09098588576992428,-0.9695117442713683,-0.02355310451268505,0.13587776717455963,-1.2450717225187131,-0.05204134468532153,0.16982034723722167,-1.4125475972359927,-0.06271630774356213,0.20890150383667655,-1.567027476109089,-0.06859490152527999,0.8750398021205991,1.6130846140882416,1.823270709192641,1.7696564305968956,1.5823780236407827,0.9459953622290871,0.8665701665221589,0.9547127869697415,0.9963982825940813,0.9610715607265209,0.9968953807621266,0.973092504462162,0.9939323679906237,0.9825247867923259,0.9827636091648824,0.0,0.0,0.0,-0.2316633097269471,-0.09723606200587205,-0.07318150306503005,-0.46029646175774064,-0.29553317549288266,-0.0970615103291093,-0.6416377383167132,-0.45880895217546147,-0.11816885253188733,-0.7875594006421415,-0.5380400682280311,-0.1371625151260299,-0.37764724905457897,-0.8500452646496186,0.004421427745754143,-0.4891516368815349,-1.199665524248048,-0.034626465616970435,-0.5556575675352129,-1.4077105885819619,-0.07796541683559129,-0.6099650826900616,-1.59333679366212,-0.11273535332060365,-0.25660487987826813,-0.9665124895513918,-0.0027464820826653075,-0.32492668976220807,-1.3797784915540714,-0.02593488341994022,-0.36203073690515775,-1.6335176447143362,-0.060805056570770906,-0.3933235766646148,-1.8477302245767615,-0.09007910914985141,-0.13007278064999814,-0.9892171337836392,-0.026979646285836555,-0.16209472902813976,-1.3741405766984498,-0.06190691181689889,-0.18255973964556566,-1.604103822726901,-0.08670178947414588,-0.2063224775298778,-1.7907116905927831,-0.1057842906427017,-0.0011268937394793752,-0.940474302622137,-0.0605425139295022,-0.0077250559689998315,-1.2229236461065995,-0.08831476075429326,-0.01668014427006136,-1.3971333443736988,-0.09225314268132408,-0.02904028305129287,-1.5497651690709504,-0.09653081734713927,0.9636132419774708,1.709821277217856,1.8912759356265192,1.8056598903742946,1.5530401205387185,0.993639811671187,0.9248718438993261,0.9713917962522278,0.9903601641238694,0.9739070225745219,0.9997542518879178,0.9943487879151149,0.987855725800859,0.9744008228473608,0.9904767868154113,0.9981141813952165,0.0613846959570167,-1.4608135606033698e-07,0.5576093842995209,0.3943402577554123,0.2997865259920132,0.8969306509705088
two_hands_open,0.0,0.0,0.0,0.24475597299868604,-0.0117964889494656,-0.08062313382922295,0.4819458806785256,-0.18248070247308606,-0.09945851720620938,0.6831157278471365,-0.2773501725828528,-0.11771823832132315,0.8337139864260008,-0.27296036555116354,-0.13611398669981337,0.4362613047561316,-0.8249729537320326,0.008695902152640156,0.5669287572507651,-1.127881283905093,-0.015252229455423875,0.6355326662470505,-1.3121867204747115,-0.05475512329175501,0.6955424575810552,-1.472061798752618,-0.08912895838048643,0.3155859564342726,-0.9488496147059403,0.009482234644536666,0.4122739264558806,-1.3329827843436453,-0.004660930903370728,0.46708076134742255,-1.5618161791362313,-0.04285789491678828,0.5084355195625152,-1.7443028805417562,-0.07475810403189029,0.18455692122754339,-0.9842439042255133,-0.005070629133781925,0.27030989604834854,-1.3453088261134931,-0.029683923160961044,0.32303239598272177,-1.555207472858942,-0.061681129720422834,0.37039220319518323,-1.7369218411195027,-0.08679119793430988,0.0382761296127239,-0.9526969300433598,-0.030770696672109642,0.07410304802464837,-1.2319318260471332,-0.061486763574242306,0.10110024364341129,-1.40457651421698,-0.07377922676086192,0.13409278410412726,-1.5664339456005951,-0.08128762587131382,0.8877575061352485,1.630548748387081,1.818430089593085,1.7780946483201105,1.574262957322708,0.94160548445162,0.8507217958303624,0.9568708974151972,0.9991276804861197,0.9599699413135704,0.9954024339556746,0.9740343089685055,0.9947810478528821,0.9849725596669355,0.9833963825750284,0.0,0.0,0.0,-0.22648303436750472,-0.11723106968579909,-0.07209063277557043,-0.4528074038016213,-0.3464871845274191,-0.09166638640532405,-0.6295711750240935,-0.5354392182758909,-0.1082448794365226,-0.7700816029736718,-0.6337832753268353,-0.12145870874723345,-0.3558717126122655,-0.8728446132969296,0.013368479461139678,-0.4544021457828003,-1.2310954415989395,-0.01972814510841391,-0.5080625281619597,-1.443090920680867,-0.05933850968463833,-0.5508785179300605,-1.632549603196541,-0.09161160776622736,-0.2298140170417095,-0.9731918457858658,0.009118600059896646,-0.283717178839809,-1.3836671020351126,-0.007253350852114727,-0.309751470429217,-1.6334755982328213,-0.03960623306744338,-0.33151308947701646,-1.8436924115313424,-0.06734480858924027,-0.09981642839570816,-0.9809851877497098,-0.012129902233655598,-0.11694071531001624,-1.3526939658924284,-0.04052989457048307,-0.12701483503734695,-1.577457557940844,-0.06439070877627452,-0.1417120634574634,-1.760481359695925,-0.08336870238529762,0.02992857156190103,-0.9170506991622644,-0.04276812079597544,0.03673620456167465,-1.1867352275873384,-0.06455897606483724,0.03608535953352627,-1.354532713451229,-0.06687923613786886,0.03274726513896868,-1.507161145034356,-0.07052300422823649,1.004718434812986,1.725421118188692,1.8744700477939824,1.7681423209978302,1.5091655292249189,0.9913971503052016,0.9338133363254837,0.9705246925419798,0.9907170262990821,0.9705571293627271,0.9991999019235587,0.9906064219839831,0.9887802712496755,0.9768172993884362,0.9934452703622898,0.9991333132002918,0.04162478172178085,-1.4696192297244785e-07,0.5555998236031512,0.44096501352049966,0.3033047853535043,0.9572194304212952
two_hands_open,0.0,0.0,0.0,0.2386455996642256,-0.042173530782910015,-0.07734331983825797,0.46016570712690463,-0.2691433038045198,-0.09281906550857835,0.6407698199909738,-0.4254684615833274,-0.10784779458164814,0.7808559071794661,-0.43266497124883174,-0.12314371303373846,0.3848637151725165,-0.8588519434866092,-0.0011906832307123489,0.4819558170218746,-1.1796220794174073,-0.027506068577990345,0.5328599193389315,-1.3825289864967778,-0.06476435175823914,0.576815871965947,-1.5558194796426335,-0.0974976876599846,0.25737271722636224,-0.9663100524844805,-0.002041297371612483,0.31764870260282024,-1.3592686722107865,-0.01969446209337692,0.35322564191623634,-1.5901010244100169,-0.052601177104772336,0.3814676376751619,-1.7784526457464944,-0.07911058978532966,0.1279253998407944,-0.9838567189603028,-0.017379047683127414,0.17816789307721023,-1.3550149659827355,-0.04484852297401096,0.21428009489054517,-1.566752335936246,-0.07137940202985794,0.24817712641768006,-1.7510722698106167,-0.09131790877098245,-0.012538586777764095,-0.9317849370524558,-0.04360863311946421,-0.012427349332371931,-1.2088396121782088,-0.07613704068286996,-0.001304117933600701,-1.3769733859437217,-0.08851906260925174,0.018225665315994125,-1.5327062656175914,-0.0949625457984176,0.9011655226330816,1.6621662379215727,1.8206234803419288,1.770927706214725,1.5357534166148386,0.9729037336231067,0.7895526572408441,0.9653355275425668,0.9982553593344125,0.9695696019048187,0.998609837677585,0.9807981997236885,0.9932384496822588,0.975005455458527,0.9786997158285674,0.0,0.0,0.0,-0.22124433701098928,-0.1373610258251068,-0.06431996891799588,-0.43085305514442734,-0.393923701334862,-0.07775038850829319,-0.5894541537026811,-0.6002083008939617,-0.08905208467486476,-0.7197821863685512,-0.7074471205506514,-0.0977725688194029,-0.3089354806793548,-0.9086208215890008,0.01948346566807228,-0.3970219743911118,-1.256254378013825,-0.008921063481332021,-0.4406542209278251,-1.4682575883406421,-0.046185328489848104,-0.4730221212830344,-1.6549168624662327,-0.0772050064942632,-0.18060273778789734,-0.983476692548391,0.012499852702882933,-0.21884960404413656,-1.3861901906914582,0.00031485368430391754,-0.23544419338069633,-1.6333696831677107,-0.029866326966155682,-0.24651471691607954,-1.834048594718137,-0.0562440842689734,-0.05151830011235445,-0.9669806999492057,-0.010757172833636836,-0.051182421116903055,-1.3336469179026618,-0.037419842278289484,-0.04917653730965893,-1.5610239960556886,-0.0626340091015021,-0.05134855481357794,-1.7447035780606994,-0.08243179982162056,0.07486730769937867,-0.8775124072733658,-0.04251571502946283,0.09280276450953615,-1.1435075039919425,-0.0649572662055123,0.09885099416239562,-1.3109061041095516,-0.06914239072087869,0.10167285927113422,-1.4638875497976724,-0.0741601400040912,1.0139661233998127,1.7229220417436073,1.851396000443731,1.7474044325802431,1.4692868525684246,0.9905538429252041,0.9278321948590577,0.9675817014223428,0.9898415181093837,0.9696980740895008,0.9952157499262971,0.9876961109125598,0.9933938724899406,0.9787613763200604,0.9938532535764919,0.9990621796069065,0.04329851358983398,-9.08339109047169e-08,0.5510232483280973,0.5144804483444324,0.3134315394633086,1.042261570275624
two_hands_open,0.0,0.0,0.0,0.23261085415331084,-0.09142078784709612,-0.0829777351476536,0.43671469803101437,-0.3463507323164465,-0.10159611538466023,0.6039616593913728,-0.524793357503434,-0.11899370709151721,0.7419631718796418,-0.5858926634832928,-0.13626399172594894,0.3030181039329175,-0.9111297590270215,-0.003757397696295238,0.3774969331456153,-1.2408446707244984,-0.027559404585127588,0.41776660855569364,-1.442900029988136,-0.05995369885746208,0.45052697122181,-1.6091144355687488,-0.08735789608308568,0.17122967651080576,-0.9852306622639752,-0.0009695446836824812,0.20646576888187843,-1.3822667278570842,-0.013136358845184172,0.22850849240233811,-1.6168850609820273,-0.03943936937903104,0.24543247596060122,-1.8084597150723163,-0.06089305808035476,0.04453493628852704,-0.974605707104641,-0.01388436513233778,0.06872590609560356,-1.3501086425857252,-0.0373840809177872,0.09023948831233114,-1.5641971918796698,-0.05870199108990551,0.11163196345359731,-1.7520968416541018,-0.07513692267927805,-0.0877412897622057,-0.9007317392038952,-0.03841308030063338,-0.11276175316081215,-1.1726142026648734,-0.06993659974457532,-0.11726389183945594,-1.343766136971394,-0.08112674466110972,-0.11201775352515062,-1.5029570062406006,-0.08634631356600261,0.9551688002601085,1.6732767913773543,1.8260535605008883,1.757256553536932,1.5095971070384868,0.9748530574327462,0.872197763563046,0.9715737417931313,0.9984457509648579,0.9742780725411437,0.9982415674590381,0.9837751456032464,0.9943189427193145,0.9739081811460154,0.9785110127537464,0.0,0.0,0.0,-0.2243302996860024,-0.17809203135778692,-0.0696777987208493,-0.4176199547729642,-0.46079755687124696,-0.0855670287046457,-0.5619857426859434,-0.6950667785653183,-0.09892573578035878,-0.6859373911375524,-0.8333209319469173,-0.10929310166179511,-0.2576771116788263,-0.9441961360772793,0.015397677629329623,-0.32632414090960776,-1.297123634407519,-0.014072349568997828,-0.36091495467887214,-1.5128437495120326,-0.05151095719675457,-0.38469476022103494,-1.701471246703835,-0.08187580771050851,-0.12358991571911063,-0.9922787079551698,0.010416259950771134,-0.14048031286537918,-1.398979037701998,-0.0032209976279255737,-0.14663777010885207,-1.645250173241155,-0.03380110024649891,-0.14649860483508928,-1.8465950489520395,-0.05918189740445077,0.0068021270395273205,-0.950799940479284,-0.01112348132382034,0.025222372404337976,-1.3182734829685985,-0.03997904815215012,0.03667538349716058,-1.5437975976511304,-0.06531508709719075,0.04332210123271239,-1.730065588842481,-0.08386901992147136,0.13396378981974133,-0.8399126139383154,-0.04139170296615376,0.17134397026956466,-1.0985023006876002,-0.06519479490144098,0.1867253697435343,-1.2621287806927395,-0.06802928725548267,0.1972769583836565,-1.4144414148788191,-0.07073773684524313,1.0848404777903182,1.7463384866026603,1.853342281666612,1.7326389579640318,1.42988340148681,0.9849019683539916,0.9431704665100361,0.9701223973425147,0.9888515636584688,0.9708741340678416,0.9918648109980939,0.9893446853416259,0.993784854420493,0.9717209085924888,0.9921820776703102,0.9990769415428066,0.04295654638646049,-1.3804817179067037e-07,0.5420282208528178,0.6069747310251862,0.328843701099038,1.1515997118378765
two_hands_open,0.0,0.0,0.0,0.217394342225709,-0.13626237486206652,-0.07507137009197566,0.3869460091325181,-0.4301611817981925,-0.08830953521723912,0.5300937858185221,-0.6326274117502713,-0.10059315344357081,0.6534537714644788,-0.7056015006528289,-0.11169729401375891,0.20953261007963228,-0.9492990693299872,0.0033508313869084635,0.25118608719233293,-1.2800387592787084,-0.014922190422299806,0.2753614114483349,-1.481508634395389,-0.04248338926886004,0.2956920291586182,-1.6416810357729295,-0.06553061633432716,0.07753632246662019,-0.9969617405107809,0.007443564741876872,0.07704739962126514,-1.3847725921348613,0.00359516237119198,0.07764910918454358,-1.6144795204807447,-0.014870168969315676,0.07783030396938405,-1.7940488560476402,-0.02947956168651328,-0.043108826264177585,-0.9605834778747736,-0.0032089972626134873,-0.057922041127946355,-1.332369306861082,-0.017460270417718898,-0.05884078744438951,-1.540444890059748,-0.03527856601577004,-0.05732677188109443,-1.7175516434582414,-0.049151761900277154,-0.162282985075034,-0.8509374695552815,-0.0249128784185332,-0.21030165962938824,-1.087358346595361,-0.04647301646425219,-0.23218206642530217,-1.2329676230436453,-0.05322005972563159,-0.24470063443051338,-1.3649963828403204,-0.055329672640134345,0.9681691973279627,1.6693845156229214,1.7959782567333722,1.7192108371047206,1.3878598266151805,0.9705041812887468,0.8659168298332263,0.9743918500004499,0.996950334541759,0.9775918242435421,0.9994081601026077,0.981246852435454,0.9952805692987395,0.9786690939883892,0.9801900546692522,0.0,0.0,0.0,-0.21145902245715356,-0.20758781352098749,-0.06572844701134109,-0.3851952750701128,-0.5362713317563321,-0.07487514996718811,-0.5113481357893989,-0.7885368717485088,-0.08131956149292134,-0.6263022609662234,-0.931709547016776,-0.08591054436365117,-0.18365940555239096,-0.9774470888566521,0.014917687641057048,-0.23399320556383646,-1.3348136214173665,-0.009133671058359107,-0.2531783007774574,-1.5520087236675106,-0.041627358385259605,-0.2625876542751095,-1.7408911228512263,-0.06906417576227675,-0.042823198176010685,-0.9990253577311856,0.01070085548237941,-0.03181609722405098,-1.3998365932068333,0.0014698504560830977,-0.020359392040529424,-1.643805377798446,-0.02796880578627811,-0.006810160763948199,-1.842076801996578,-0.053237779148247504,0.08577716437283524,-0.9332473789415471,-0.008856362981721003,0.13279397409632762,-1.2772132802493323,-0.034336744024839376,0.16200327026546368,-1.4948717768132334,-0.06179373757006788,0.1812837072542598,-1.6742191663192967,-0.08240233556526251,0.2009069942176261,-0.800086778866865,-0.036410695114942535,0.25528818335327963,-1.0469420891979153,-0.05877810813008126,0.28331343453395563,-1.1991748484682427,-0.06343769591673068,0.3041790176950536,-1.339543381850185,-0.06803422156834274,1.1259297596770717,1.761937580668972,1.8428585360445355,1.6860200901215083,1.3753290522522124,0.9928048391600195,0.9322800127325203,0.9693395071192752,0.9878666737443117,0.9685316211979742,0.9929575542949854,0.9837104800455295,0.9910246803826152,0.9784391324884257,0.9890032207879638,0.9988311811523165,0.04833499309857538,-1.7002635056311337e-07,0.5268849112695516,0.7235799306264167,0.3607424712731126,1.2774977215544812
two_hands_open,0.0,0.0,0.0,0.20792389490654398,-0.18598336641132587,-0.06585305999495221,0.3548244415262776,-0.500442345703295,-0.07415750795827707,0.48120292128003117,-0.7281816232709473,-0.08382742949906706,0.5953981016765519,-0.8223758368210264,-0.0943519441957541,0.13897220771525723,-0.9812558479094704,0.016149445080291102,0.16042346881277808,-1.3168406527950052,0.0034797183920909666,0.16998248682543304,-1.526276809456479,-0.02234196604622043,0.17528643827659213,-1.6952217650273722,-0.046763749594955765,0.008900719392981619,-0.9998668963775916,0.01367357753222558,-0.019044608777596495,-1.381520083809002,0.007852880664719073,-0.03707439357089968,-1.6179929595049702,-0.016305691866015076,-0.05375521795931778,-1.800378072452121,-0.03655922569752987,-0.10861635425576406,-0.9402061965230579,-0.003321516694998433,-0.14609703819009526,-1.3135469314131099,-0.025333474816563246,-0.16365034168880735,-1.537405706269596,-0.05518899904226938,-0.1805884797704408,-1.726789221128506,-0.07710351763272486,-0.22278081617220824,-0.8099838215732557,-0.02971382595629046,-0.2937699503244327,-1.0600509245351923,-0.06428661646493045,-0.33903503665814894,-1.2247653246634074,-0.0837576298438843,-0.37613956511105817,-1.3813481876510603,-0.09489057868448987,1.0196583770266607,1.7049014682210795,1.8015513881673961,1.7379177672325958,1.4347850047626935,0.9774648697296325,0.8804981842970997,0.9723683196273528,0.9919641617348403,0.9725107101126671,0.9944861846934232,0.9755789645749796,0.9934591062192806,0.9934729714010249,0.9819258103540884,0.0,0.0,0.0,-0.19852227959001165,-0.24653562419591193,-0.059341016860163,-0.35132607651629005,-0.6111226301575694,-0.06725481965260653,-0.46583860405964206,-0.8798202523787197,-0.07366264873492642,-0.5721274052794524,-1.0370897743374696,-0.07938841053344221,-0.1170732863587443,-1.0018341805501467,0.011767648414714137,-0.14577366258989835,-1.3584640636076522,-0.013909773731724433,-0.15315871861622565,-1.5802971852863148,-0.04671962577139833,-0.1526639007857153,-1.767630599815933,-0.07392662468576704,0.027163402808064736,-0.9996184517783993,0.005010031141923166,0.06802131889108734,-1.389039731116978,-0.00396161845583504,0.09626974109237495,-1.6278866021935388,-0.03223768519578915,0.12152146549479824,-1.8203431829616588,-0.056711700987250396,0.1561233863223011,-0.9151866561561687,-0.015756629286722598,0.23403658703122093,-1.2440791854046793,-0.038928007626343214,0.27831348000406697,-1.4564709662030468,-0.06552960319567969,0.30695450635740634,-1.6313980188732125,-0.08613742781463764,0.26343526638824993,-0.7650406503852017,-0.04393008583598259,0.3426360297242046,-0.992483748609679,-0.06345087814113454,0.3851244188394134,-1.1385227192843324,-0.06626600093558845,0.4171446199819783,-1.269329496714774,-0.06978404148555392,1.1870920299766858,1.7757503624795283,1.8252761400291886,1.6622575677153897,1.3379375238239442,0.9979974888855754,0.9390214472499213,0.9718406974848876,0.9886581848456389,0.9697492153910571,0.9951680183751784,0.9809149948665599,0.9861910223407762,0.9741736891951464,0.9860868579960199,0.9988761009930667,0.047397625097228224,-1.7703885322398182e-07,0.5150954476832391,0.8347714166546034,0.3935571072549953,1.4201040735631918
two_hands_open,0.0,0.0,0.0,0.19763353636724626,-0.2316672004820299,-0.06396042561040231,0.31646944216288964,-0.5545624910876572,-0.0752082840042182,0.41679621702425873,-0.7937573818802685,-0.0888860237590892,0.5137577805768334,-0.9155474696776055,-0.10186076381968177,0.059778306645392625,-0.9961516084278824,0.019447513921312835,0.059405505355450035,-1.317234974351042,0.0066785415991083225,0.054804497873456766,-1.5236177267978435,-0.015542137072143776,0.04993589427135662,-1.6844610152735415,-0.034676927903892325,-0.07488425866255065,-0.9970464773526929,0.01704904112101714,-0.13264679258847725,-1.3661720444901666,0.01831102465780911,-0.17411294154331766,-1.5832582250871048,0.008729924413150777,-0.20790968569890197,-1.7501163326984397,0.000832608834067873,-0.1875064450534469,-0.9246929238423636,-0.000525271070442305,-0.25997447428818166,-1.2764253681540974,-0.013588836432488609,-0.2940627721768057,-1.4736628747632095,-0.022354437110507993,-0.32457878165006765,-1.6333004703271765,-0.028069255501480067,-0.2918844522617668,-0.7786565859580677,-0.028972464019270727,-0.391795718784052,-1.0052131067838408,-0.05547076552813565,-0.4453092138110298,-1.1596117973805928,-0.0620685554152131,-0.4882968274324101,-1.3062592627217462,-0.06138894043442785,1.0547747823787923,1.6855577696542774,1.7624228518215266,1.6654758163878651,1.395892422479103,0.9844812652685789,0.9120608382180818,0.9774978843234038,0.9956536276882375,0.9817045103684394,0.9963400652517846,0.989538046380174,0.9937248948173932,0.9665735636845162,0.9789893941101208,0.0,0.0,0.0,-0.19501154825219918,-0.29810439025135155,-0.04849067545523742,-0.32652087341900005,-0.6807082848317473,-0.04376824607576874,-0.418722702913204,-0.968255918444801,-0.04123295705002715,-0.5104965333940199,-1.1454096339685937,-0.03776523737502722,-0.056400942994902475,-1.024177256350586,0.05035074617271545,-0.06644921407968402,-1.381097895976043,0.03690351666206012,-0.06458287324917968,-1.6026690555701073,0.009327446501112904,-0.05409145274345647,-1.7927502114266534,-0.014732760013956169,0.09159084196458302,-0.9949386268480388,0.041330938459680805,0.15674209222213928,-1.3786170167391472,0.04620838580315577,0.19759705999126165,-1.6142891814385707,0.021951839845080257,0.23396632349893973,-1.8013782501658475,-0.0003657808880321417,0.2203714366959167,-0.8887917941012536,0.016744388440004362,0.32042212420333754,-1.1973194280243373,0.00501303366847785,0.37614366610951,-1.4019388202792338,-0.019962715100564257,0.4148820745983762,-1.5702110828249873,-0.039862425882735,0.32178542415804,-0.7198813206373064,-0.015616593585665082,0.4209483924728694,-0.9280417655701706,-0.02483514683060108,0.475409373125562,-1.069242143618654,-0.024524397028404463,0.5186540809611406,-1.1956922979255966,-0.0262925061820036,1.254590033974992,1.7936265664981206,1.8165087322933073,1.6245857913470523,1.3036001775458494,0.9933048754613676,0.9465511478810049,0.9702187058363598,0.9852329156045252,0.963823645263449,0.991887859207887,0.9700797152424515,0.9874549568443294,0.9722371099695764,0.9867861191349838,0.9988469873555892,0.048007247896505796,-2.5845420729092284e-07,0.5080752301877134,0.9501727626553995,0.4581983417531935,1.5428762391996385
two_hands_open,0.0,0.0,0.0,0.18102753476853373,-0.2705327847760189,-0.06763357580639016,0.2753351338517602,-0.6186376304501183,-0.07809585778468019,0.35583463189645387,-0.8762947989929927,-0.08993485650970219,0.437705541937759,-1.0268868041679224,-0.10132240203057788,-0.03358122679202836,-1.0176822058381008,0.011785432615205213,-0.062422950425895164,-1.3428996253550747,-0.003955866376166675,-0.08440583492499922,-1.5555805713872801,-0.029314490917427494,-0.1042474056911461,-1.7211068806300114,-0.05137819272863154,-0.17173073451799975,-0.9851039496557737,0.008874863069545347,-0.26953044210221344,-1.35075437082071,0.005820158933471371,-0.33003023419097993,-1.5696042637500667,-0.009852755140676652,-0.37602235232520703,-1.7287056375620913,-0.02326234009691091,-0.27905450281906624,-0.8816021131850077,-0.009311628111898805,-0.39193728295041474,-1.2091923977965462,-0.02705111233320943,-0.44442895623097606,-1.4151045088390657,-0.049564475114856954,-0.484632656620958,-1.5795639549946894,-0.06626026692009312,-0.3662126331037181,-0.7058859741918123,-0.038165479575379746,-0.4997419978197373,-0.8940186036222781,-0.06941348626727019,-0.577394277528517,-1.0310574497324039,-0.08522515414259949,-0.6375265178062259,-1.161692814888266,-0.09303576748855229,1.120869697676979,1.725026415691471,1.7692815285459584,1.6535663043114643,1.328392227883519,0.9869480332918245,0.9375674796970671,0.9772853431164054,0.9932850586287887,0.9804504501306688,0.9947029412068146,0.9686840404243228,0.9961190227769516,0.9660156412119929,0.9695799393053941,0.0,0.0,0.0,-0.16937825743938273,-0.3369105573456093,-0.04493783460784841,-0.27174779027430473,-0.7391102086543124,-0.04122991745543941,-0.3506352049895361,-1.0343149449001283,-0.041102599993004245,-0.42954336341947086,-1.2304661126827663,-0.039947499932928086,0.01881315078330373,-1.0380357613217577,0.05770164329530999,0.033243084727146016,-1.3897883299999239,0.051488602113727494,0.04758002156799217,-1.5983856100668765,0.029795738641320162,0.07084001878754417,-1.7759628790116382,0.009013305189890622,0.16542459864709386,-0.9851856708418724,0.0452094694759587,0.2567370323187673,-1.3518727818046994,0.05346252170859946,0.3139134692292644,-1.574806416023883,0.031831678155679284,0.36351635259400683,-1.7494344648113478,0.011945878661810199,0.28587449306276363,-0.8598339667191562,0.01701001358120659,0.4117419931477114,-1.1548814935765739,0.0030502053308599747,0.48719970267349927,-1.340926160402905,-0.022437473968800623,0.542465853227715,-1.4977150806963413,-0.04130804507333477,0.37397654553977894,-0.676641327589096,-0.01830564538608134,0.4953720270402991,-0.8756982469583322,-0.034546515456400494,0.5682495913776981,-1.0093649176208648,-0.03826314744541153,0.6285704491316055,-1.1314244310673396,-0.04098587653795534,1.3038980628366779,1.7773980127027185,1.7868429671602424,1.5934635293759005,1.2949524681675177,0.995343696545733,0.9613418614975703,0.9713341460201033,0.9801236638898951,0.9631524545046757,0.9905015548306783,0.9730435618582701,0.9847340382351761,0.9789313697770783,0.9871391947229157,0.9986256501368328,0.0524100266050867,-2.0532450477339605e-07,0.4947353596341107,1.1028948777605818,0.5260570519045487,1.6962795461371
two_hands_open,0.0,0.0,0.0,0.15769349640110583,-0.30216232968854045,-0.05982095490265988,0.22396038503857496,-0.6722105973912619,-0.07054476591008596,0.2922502617912451,-0.9370086469054087,-0.08461709196909162,0.37247583218662234,-1.092561618689138,-0.09893438094269569,-0.11864550051946347,-1.02422902071235,0.013932122550974238,-0.1737568360770376,-1.3527816958337415,-0.006082281102197159,-0.21122568760598875,-1.5588311545249816,-0.036493330026369286,-0.24474925534198025,-1.7268870982955524,-0.06464780231382378,-0.2593073626338131,-0.9657909558020623,0.0027425125040855375,-0.3967311791305898,-1.319430553933898,-0.01085119632167721,-0.4712044748516867,-1.5374661853261937,-0.037955087321465644,-0.5293774715697941,-1.7142710532180105,-0.06053234431639769,-0.3589488260813695,-0.8365710490039214,-0.022766184417737065,-0.5030499592806241,-1.1485890163161088,-0.05148783541960556,-0.5704054420953396,-1.3706924096376727,-0.08948454181231917,-0.6262663651014623,-1.570945065811584,-0.11773771062181686,-0.42416734438071835,-0.63987636940581,-0.056877740195748566,-0.5789537252436133,-0.8083110655215466,-0.09747060116427472,-0.6727479071154926,-0.9314207745537916,-0.12191576929357635,-0.7507940043147887,-1.0669426995395526,-0.13779203092247633,1.1585409565174039,1.7453425413351082,1.7951684923748117,1.695269927875094,1.311886048710605,0.9749982004174104,0.9282855790307358,0.9728513440602258,0.9920108977286246,0.9709685545291309,0.9962584685910488,0.9496420767577745,0.9888315342960999,0.9704519418542042,0.955748970476803,0.0,0.0,0.0,-0.17442475193967968,-0.3464124607181797,-0.039627596506757665,-0.2609656478554981,-0.7652344805757582,-0.03147120574439241,-0.32306218103438616,-1.0842038540425003,-0.028819906431119112,-0.3974588526592321,-1.2891481308285047,-0.0271854155229143,0.06745470977275121,-1.050521028629184,0.06499390482669633,0.10027768936107793,-1.4136798651786435,0.05985488338945435,0.1245231944511959,-1.6285259107917816,0.037603452327404,0.15496281024312666,-1.8055926634672694,0.01638403564673178,0.2180309399245996,-0.9747613891330575,0.047986909579463874,0.33481625394222625,-1.351826719119627,0.06194081089307123,0.4099027054045426,-1.5751948518864014,0.04674057995294137,0.4712133238835749,-1.7402761003926979,0.030244981685328052,0.3376022129744999,-0.8299181151401075,0.013908363739541522,0.4897729642575366,-1.1273551094108785,0.0030725672933755153,0.5808890500327141,-1.3176512635358637,-0.019279358173221406,0.6487988144205634,-1.4800554977206861,-0.03703389576189005,0.42250491227596504,-0.6327359965003815,-0.02767772163469576,0.5652046716342571,-0.8225864898991058,-0.04252247356264673,0.6481007386812628,-0.9503958374635143,-0.04394645977436493,0.7130261743842515,-1.0677618646092555,-0.04577043731527422,1.3493018526604692,1.8123042723420781,1.8031965120642197,1.6164392000202357,1.2847632691678676,0.9949564201184804,0.9503627715991224,0.9709687628417225,0.9810778016235316,0.9673483394886192,0.9864400024892918,0.9752673181067706,0.983931178150166,0.9722612967563221,0.977647998814927,0.9997425833978801,0.022688475949403118,-1.6184284972204155e-07,0.473028384669867,1.2310540047941851,0.5754130287059288,1.816973485681741
two_hands_open,0.0,0.0,0.0,0.13769389466925522,-0.32591443157787714,-0.046190300477781096,0.17618332797300512,-0.6969818722104978,-0.05471150345643554,0.22346700091655908,-0.9654406120825705,-0.06944247134570591,0.2937092946848482,-1.134673176956021,-0.08515232582341746,-0.21020662701993625,-1.0318674167914075,0.018698583654568307,-0.2957677798384485,-1.3566861282498892,-0.0068986429671838816,-0.35672978683769163,-1.5532648863162295,-0.0411710380137826,-0.40748949601342843,-1.7085591536621267,-0.07159247564391316,-0.3486891412035243,-0.9372362393697599,-0.0020284030119705936,-0.521703424435675,-1.2799582232311775,-0.025751867638834455,-0.6144999362511141,-1.4942708000711544,-0.05948287656522613,-0.6870345731839469,-1.6698973206582528,-0.08534909880393077,-0.43788530896502986,-0.7835937357330249,-0.03524473694554611,-0.6164158370324758,-1.0815324969850912,-0.07169077347926074,-0.7107228375496497,-1.3037315963095997,-0.11159396615932776,-0.7887398122248579,-1.5084113944620177,-0.13963559573749604,-0.4849843614702232,-0.5661505767435185,-0.07547000950050649,-0.6586016071978706,-0.7195127671969507,-0.12246283978540198,-0.7676211763008761,-0.8541885759766942,-0.14848894774283314,-0.8593434906810018,-1.0014124641958393,-0.1641639267432332,1.1751592602200258,1.7579384384820604,1.8077217802964876,1.7078973991221833,1.3297548470550316,0.9753409996669349,0.92971639453688,0.9685768268300443,0.9922776871627167,0.9679992209009183,0.9940601256668565,0.952427647680682,0.9834952921239968,0.9452657070225439,0.9567432703375519,0.0,0.0,0.0,-0.15877250728992262,-0.349033600844676,-0.04649147684316114,-0.229090021043296,-0.783140028449162,-0.04497969540762953,-0.28662316977490054,-1.1055781029685803,-0.04726501366547122,-0.36240223799455534,-1.3057575477285155,-0.05124359881901946,0.11091528566576714,-1.0508497359338353,0.03835982566243974,0.14799790816103298,-1.4016576908409475,0.02159030148653851,0.18064702466232502,-1.6186951270417884,-0.005985468000528842,0.21693400525831644,-1.7897598884526067,-0.03010627539367381,0.27111704329222075,-0.9623014541985201,0.021713131600429727,0.4117963983457637,-1.3230833575728975,0.02550965606875192,0.49568815894347795,-1.5382357460633707,0.01032501875839056,0.5610512554184927,-1.6963085292530187,-0.005017210161361735,0.3952261603018573,-0.7983265958939211,-0.01149435135792081,0.5663422615267616,-1.0783139068696168,-0.03154772089259803,0.66610528738246,-1.2597168789895936,-0.05305909516844479,0.7400581608493578,-1.4133400029266894,-0.06892587601888762,0.4760936301927294,-0.5832616103064528,-0.05238541663238935,0.6285523421025428,-0.7511124993554869,-0.07461612744358694,0.7206584729540186,-0.875788608263127,-0.07713004874555247,0.7913461342450462,-0.9891404063739809,-0.07885317256057885,1.3560840910405865,1.8031104261163216,1.7866914423092224,1.5968615537038644,1.269190793588234,0.9939273931468181,0.9409033711200054,0.9716645112576545,0.9807667550695369,0.9759790392437433,0.9900560551398182,0.9801546998527702,0.9825078526978618,0.9587076112979094,0.9749385469133616,0.9998163682251808,0.0191632416098438,-1.1058954005787744e-07,0.4591331786661238,1.3592275564089922,0.6379243295735062,1.9247880863679798
two_hands_open,0.0,0.0,0.0,0.13547034997813096,-0.3378707791651996,-0.031192262065171953,0.152052337744579,-0.7191831320153604,-0.03594359468291843,0.18621919922976132,-0.990374883936172,-0.053172717357876736,0.2537701335822716,-1.1657894851900832,-0.07068888295133063,-0.24572341689579566,-1.019925760133717,0.05221478568189925,-0.33587464615790574,-1.2937258527375508,0.03442667581404414,-0.394940431696293,-1.469856926996039,0.005534798544512575,-0.4384639635478295,-1.6037036460371372,-0.020163165565543307,-0.3830422870543242,-0.923514535264119,0.019987733340501808,-0.5759483473424861,-1.2429148739080327,0.0094317208042371,-0.6771394462931655,-1.4453925244321568,-0.007962467126002666,-0.7550747227001756,-1.614475637000479,-0.02036514177309129,-0.4672535320985983,-0.7757609253881763,-0.027164550727073678,-0.6721888535714255,-1.0500091440963488,-0.056994209652392755,-0.7756050506493269,-1.24824446807077,-0.08495735636280465,-0.859217802791715,-1.4239917489793281,-0.10246643392429541,-0.5052207078439901,-0.5702171140999998,-0.08200039741999277,-0.6938730126042473,-0.7062154553313499,-0.12347555344098504,-0.8095204746140684,-0.8205235237150331,-0.14058774940702642,-0.9071084160634469,-0.9341977382136707,-0.14915086313028064,1.1951825478356979,1.6626853535436292,1.7824377011071908,1.666285420891808,1.310655207348287,0.9693995374360539,0.9225341843153847,0.9704550122126037,0.991144594802077,0.9703035112598342,0.9894712856957782,0.9476913922748472,0.9839545066915946,0.9461117852980132,0.9699194411645733,0.0,0.0,0.0,-0.1468380031193649,-0.39199201598989786,-0.05348361255068115,-0.1971488540900424,-0.8258390731767616,-0.0614387555370975,-0.2351626800463895,-1.1769301321089558,-0.07475711488221458,-0.3096285926614492,-1.4149061097441724,-0.09186835744205732,0.21865714481787868,-1.0587495635782755,0.03940361096457542,0.28705025102738857,-1.4213060842143004,0.021474914300615728,0.33709118165697094,-1.6484918022675137,-0.011850597512012416,0.39303879328891184,-1.8259795410065898,-0.042089831717908345,0.3865109477354901,-0.9221589029623681,0.015239585553910374,0.5718127332172694,-1.275840822651258,0.01121288576645881,0.6851950597280765,-1.4927532494665379,-0.01857700125180564,0.775071577981853,-1.651746763367885,-0.04633007144939013,0.5031529168193831,-0.7250012209523494,-0.026520553413366676,0.7193213907421104,-0.9823185024739347,-0.06199186317857033,0.8481111127389156,-1.163558642228413,-0.10259315164400863,0.9451976339988318,-1.3202939474485367,-0.13167361581087808,0.5680557844855157,-0.4829016683936339,-0.07548286018981584,0.7674528155295355,-0.6223646131545739,-0.11238982716071899,0.8923962395439171,-0.7337333713725933,-0.12654767070097356,0.9916718174452418,-0.845308649415514,-0.13719374928313574,1.4512990594236597,1.8682752289581643,1.8251437742852121,1.6290833668314644,1.3102602150466882,0.9933428713781729,0.9371199648671963,0.9686539220219244,0.9715004426169508,0.9646562936230407,0.985977865323395,0.9649807021571623,0.9787210068832225,0.9572618616432409,0.9630592698989402,0.9998360142506493,-0.018109240938254566,1.257084310547155e-07,0.44366014651017077,1.4652465565650834,0.6898273669717995,2.0550576913185274
two_hands_open,0.0,0.0,0.0,0.14359944641756944,-0.3419543880340956,-0.028544164356447844,0.17285223685582174,-0.716359564137361,-0.03175878745927176,0.20814889824005722,-0.9760365342104579,-0.045985562874385696,0.2777696403026453,-1.147184813170032,-0.060585000455708894,-0.19924668359317196,-1.0258189708051126,0.05097934425740225,-0.2852156639297675,-1.322748483830456,0.03387364627002259,-0.3486600645441989,-1.5078735493574988,0.0034740042185586596,-0.40253880410738335,-1.6535101536297143,-0.024830071193283374,-0.33636240449065463,-0.9414792354390963,0.02184449775755932,-0.5185545774751511,-1.2639260020086198,0.011397361091032525,-0.620169078904943,-1.4586712044829315,-0.015178207916259475,-0.7027869712160779,-1.6122632585826173,-0.037119532173245325,-0.42268733777033224,-0.8039863400647399,-0.01986135226957878,-0.6080294317666667,-1.0792900162629293,-0.04419227831906766,-0.7077785166204354,-1.2696327349796248,-0.07650127386244122,-0.7922796559715525,-1.4362854398452083,-0.09990941187054601,-0.46795844820467697,-0.6089700707825128,-0.06847477565250856,-0.6464021490045299,-0.7385402237448816,-0.09947750169794559,-0.7530374301423175,-0.8460261985059371,-0.11461240014478412,-0.8435341450416393,-0.9599205295253143,-0.12458681501072165,1.1818881126917387,1.7019840919950537,1.7591703162443564,1.6433516995938708,1.2839467089134988,0.9767272594137116,0.9198221378292935,0.9650185662350004,0.9887292412655851,0.9687984056836888,0.9957449053275165,0.9576622789019975,0.9910962996050431,0.9474481735546361,0.9637259073596512,0.0,0.0,0.0,-0.13839700733147653,-0.3730556564629171,-0.04442402701943947,-0.17609494577696902,-0.8244677320075542,-0.049376834541873776,-0.21382047548239383,-1.1540252655279393,-0.05956982980347467,-0.2847726545464651,-1.3782346028637489,-0.07409439028717071,0.1966496819376204,-1.0504027772373108,0.03310064099013983,0.2686513321976618,-1.4121623210543113,0.01740672646183175,0.3236903775106007,-1.6226853901451603,-0.011104529543829076,0.379239861132287,-1.7844789079954966,-0.03680043648532892,0.35644295885768323,-0.9342766824342743,0.008688943571343049,0.5437504910118648,-1.2746050913433193,0.007376648967862312,0.6588416627378045,-1.483865985707084,-0.014939897897628349,0.7486384215059965,-1.6347756294178555,-0.03671133709565552,0.46908803997580734,-0.7454280529980563,-0.03178660681557277,0.6792576901098872,-1.0020164863533194,-0.05745561423824516,0.8029676189497682,-1.175683025011793,-0.09239983520452914,0.9027511596652716,-1.3291586558962678,-0.11931540712867382,0.5361511055376039,-0.5156186932145341,-0.07894541976568717,0.7190350062357317,-0.6746185959967257,-0.10625492747120038,0.83231518799157,-0.794057146969452,-0.11678992110271773,0.9245056139737062,-0.9082435761992482,-0.12666067866664346,1.409296300988711,1.8247032957382268,1.7984155712640186,1.6111668303435394,1.302175084808642,0.9883855799915469,0.9380027911663891,0.9663365611907893,0.9756104221612566,0.9714169621314515,0.9855940739230717,0.9655349271110479,0.9856495361903787,0.9658423108689568,0.9746564502849488,0.9999900018300169,0.004471715554418739,5.507824681711222e-08,0.4480096489066745,1.4473346294337397,0.6806461927023164,2.006173354582395
two_hands_open,0.0,0.0,0.0,0.16682457925218488,-0.2863188933313179,-0.03323352786682201,0.24965780319152792,-0.6508254150869779,-0.03796712022040244,0.31510513642471616,-0.8999956958689626,-0.051575057598680064,0.39959102732910434,-1.0568786645905321,-0.06414930109511664,-0.0884631089224345,-1.0272495645327708,0.06079679900709363,-0.14546104548665023,-1.330202131670253,0.051081805240586454,-0.1893850294129017,-1.521635966571037,0.02811813696232097,-0.22681034387035415,-1.672403759366973,0.008097234055067739,-0.2232791004714999,-0.9739702083351568,0.03909573593385112,-0.3700357250728748,-1.3023620305852621,0.04205496999621942,-0.4559172391958641,-1.4906743619327019,0.02759098110874497,-0.5214564876174252,-1.6411515327168458,0.014919961013683378,-0.3204930134985367,-0.8611911222842493,0.0028946318343998877,-0.46741726377581716,-1.1523867273556676,-0.01093274143389412,-0.5348222045657652,-1.3466708894390127,-0.03137482875662563,-0.5853628866261165,-1.5153914718196808,-0.04555232152181523,-0.39658099086547455,-0.6882787822724424,-0.04132270200563936,-0.5417295247116569,-0.8614327582823534,-0.05873730292561902,-0.6310629588946329,-0.9845983668797343,-0.06274617324047065,-0.7053793108533077,-1.1117602140948364,-0.06495410357758827,1.1317157918928178,1.6877330451320538,1.7220678926958148,1.6251572342081566,1.3182525484123486,0.9833887425623552,0.9244529451928344,0.9702036815763847,0.9932482824383695,0.9750550879304091,0.9940937748077115,0.953980730952345,0.9851472505427434,0.9725027924513268,0.9684061542592937,0.0,0.0,0.0,-0.17591523365640846,-0.3353394339740683,-0.05350358695437591,-0.266084532613143,-0.764616928921872,-0.0631819271153766,-0.33302217083907676,-1.0809054700641723,-0.07506278230402699,-0.42779432176385607,-1.2743303538148474,-0.08866864967089937,0.05872751518940724,-1.0491252271840867,0.03485484776852766,0.09273563728424151,-1.3963047311838692,0.02226499137594158,0.13228292290896554,-1.5988585326841167,-0.007919472952385336,0.17282530951958683,-1.7579344356588709,-0.034989316336732953,0.2155817778270671,-0.9762720531359121,0.020429765899586387,0.347253050769056,-1.3268998568024022,0.025855313618439374,0.4310342189212192,-1.5294656561442932,0.007733604412049255,0.4961004338076273,-1.6729310473785022,-0.013082421661595582,0.33992644879114386,-0.8276267137506144,-0.010792304580653417,0.4958575974927664,-1.105787913826678,-0.023534873813400064,0.5908255531931648,-1.2884693302778387,-0.05040271103772924,0.6666125594583813,-1.4365039795234913,-0.07413390190534984,0.43195061406593627,-0.6261224834373249,-0.050831832590730285,0.5769313326996972,-0.811090328570454,-0.06239266410017259,0.669132826073978,-0.9417127501959836,-0.06596240442026381,0.7435244833560759,-1.060353647242824,-0.0729681091261232,1.3471406614833257,1.7667558744613034,1.7449885614133922,1.5853743479147735,1.2971132793709734,0.995307519850765,0.9210208226470479,0.9539946922534499,0.9812397648523028,0.9674061990567916,0.9811481890063275,0.9697114504097751,0.9957109766139283,0.9819064305048384,0.9805300539260816,0.9999483906923899,0.010159525168652813,-2.169147766442233e-07,0.49981065191636476,1.2156238383794604,0.5639759551146141,1.7685280825260565
two_hands_open,0.0,0.0,0.0,0.200797649343581,-0.21080926911186038,-0.05102861345628531,0.3402362243360052,-0.5265685703064255,-0.0704499256440362,0.44679714870114884,-0.7596474676113134,-0.09709173521613193,0.5628304311739135,-0.8744571117603127,-0.12309675274453308,0.06742707028023175,-1.007861470312992,0.03900239738698693,0.05468883537711207,-1.3104446660277957,0.015814859583542493,0.036461433457875114,-1.496778011702729,-0.01717281937743607,0.017772904678065412,-1.6479777419769999,-0.04222197634170035,-0.07044765115788582,-0.9972051463659588,0.02488020312585208,-0.16077400562617872,-1.340303209026178,0.01933138433338154,-0.22246103567358724,-1.5334126571214672,0.0009120236300542513,-0.27139436170593995,-1.6879711840949077,-0.013468280298514691,-0.18241182056706604,-0.917702119114377,-0.004601195179105485,-0.2886457889404708,-1.2297752466898177,-0.021302917704807883,-0.3331479510274955,-1.3988968376145732,-0.032377366420102326,-0.36458839487744327,-1.5452053820195102,-0.03812393761727614,-0.284045990628628,-0.7704846854591509,-0.04454283969587707,-0.39212033608620483,-0.981028664562909,-0.06040367795299159,-0.4357691977554592,-1.1245282497507607,-0.056420874904686946,-0.46310506533962875,-1.27320388397809,-0.05029633976610561,1.0471896414211945,1.6486143301204517,1.709702609366535,1.5880925051522714,1.3557448703624082,0.9843679996173388,0.8845126758120748,0.9642345103316057,0.991216503875372,0.9710142106243748,0.9989344611062222,0.9771426295502021,0.9834766329631001,0.9357636049815727,0.9636364192278394,0.0,0.0,0.0,-0.19681467160107616,-0.2696889451631232,-0.06556048291377699,-0.33615003905328417,-0.6525649967373373,-0.08252667627160074,-0.4395526086878681,-0.9399608408193838,-0.10087817356012724,-0.5456625041622033,-1.100088687252816,-0.11772919335659775,-0.08803353894268903,-1.0164069890792815,0.03428015754897031,-0.0984807536594766,-1.345615149654683,0.014488935236074401,-0.08480112316251108,-1.5440665545687773,-0.0200919961648227,-0.06040090638183484,-1.7003288548686046,-0.04670616562773054,0.0536230057332864,-0.9981117322954085,0.029959023855705348,0.12752851263194454,-1.3736163376118675,0.0335706383662188,0.18212072432485865,-1.5827491951736485,0.02385070874169259,0.22951618140901286,-1.7267536452340186,0.014321908902132712,0.18218072171495894,-0.8985612883255911,0.005936195205084755,0.2746975994660073,-1.221435325940498,-0.006091108349153361,0.33361255544941826,-1.4214112510037948,-0.017696803716184987,0.3825316304663826,-1.571319241251346,-0.02565037162050484,0.29449042268435743,-0.7418880284589864,-0.029614592385613547,0.4049289268557407,-0.9559420253335802,-0.03902252782819609,0.4748425773258461,-1.105476046886446,-0.03465121892094746,0.5346604263640371,-1.237116410727144,-0.03142497415992279,1.233613736644735,1.7020422879876318,1.7419991234016587,1.6174153912332616,1.3480750402745154,0.9940307117771627,0.9233630405610873,0.9522209057280564,0.9729394610090768,0.9739901064360669,0.9793050068868422,0.9932626102421193,0.9906567107151584,0.9757371578462951,0.9963055751522374,0.9986006654116066,0.05288393933386868,-1.6849508522051507e-07,0.5533836187878755,0.9643542724758042,0.4507292378234353,1.4952906960758494
two_hands_open,0.0,0.0,0.0,0.22810859933404812,-0.12330102784650467,-0.06561192974214093,0.4104475049976902,-0.401556527692235,-0.08828781841612228,0.547037175170728,-0.5951442686107419,-0.11401279315319866,0.6821516418528095,-0.6505861467823286,-0.1401159146711838,0.21701235679141528,-0.9663922138358779,0.013396731021295634,0.23965608183220327,-1.3025821152438763,-0.00798742033682743,0.23957087456787468,-1.5075263604975446,-0.03772805021786276,0.23961200183654813,-1.6753628421361113,-0.06171510785351433,0.08378826810482179,-0.9964443308737106,0.008844297464336594,0.045308857352193206,-1.36960110863797,0.002729574949152834,0.019808843502033855,-1.566115423813466,-0.016125696949429173,6.495999359704463e-05,-1.7214379321400515,-0.031389445047189775,-0.03404072391741235,-0.9605137562334856,-0.010203869521766284,-0.0816266610451591,-1.3010377335779206,-0.02533688530286741,-0.10560464959079549,-1.487657460637794,-0.03857613536154171,-0.12611002029690155,-1.6402481692336466,-0.04701479180249026,-0.15115331055571546,-0.8684092380392863,-0.040680533335934285,-0.2001750639055735,-1.1317804629884884,-0.05200067562922511,-0.23001289732816407,-1.2887288693366312,-0.0470727225922347,-0.25566787661759427,-1.4302398917518555,-0.041696159372190025,0.9530087441423105,1.6935357447576587,1.7217240939508247,1.645760670493084,1.4535098144831702,0.9832175809210617,0.8201134100778338,0.9665475091890496,0.9992877541737332,0.9736341029916692,0.9988900447158364,0.9909329537233458,0.9947361096678656,0.9767096045514656,0.996585941837754,0.0,0.0,0.0,-0.20460236096738404,-0.20732929764815156,-0.06266532557905004,-0.38652441141140226,-0.5226890502174443,-0.08121620113426513,-0.5223641612769622,-0.7636119530789115,-0.09858244706146736,-0.6405232064525719,-0.8899411562004145,-0.11363066920677897,-0.2075392327148838,-0.9632406726978775,0.013641621535316296,-0.2597924258944246,-1.3040320835255748,-0.014070830179736,-0.27813622358585055,-1.5092240824129457,-0.05101407500953999,-0.28134916216529,-1.6823426190120707,-0.0798038552056702,-0.0680551343653099,-0.9976468331404111,0.008324362523847651,-0.051339332075097374,-1.3913721726838026,0.002819277310380267,-0.030743503667816252,-1.6183318415428096,-0.0176718204357144,-0.0057922993412038255,-1.792115468411487,-0.03715639801192684,0.06355284828300105,-0.9382114639569348,-0.013163719390619645,0.11101969947598637,-1.2780994438579227,-0.028592462714300687,0.14955143904968932,-1.4734899606180591,-0.04572977872316588,0.1833170312362793,-1.6243277512685028,-0.06013957898222049,0.18282525945205236,-0.8091991530930149,-0.04437260039023212,0.24514801251846044,-1.0517725761012275,-0.054562679455125544,0.28413867991246183,-1.2069101520428667,-0.05098499672813115,0.3180203355661776,-1.339412799830217,-0.050030070266339204,1.102350746581139,1.7075721636584476,1.7925099722915359,1.6357452571969855,1.3775581984487988,0.9951133326464359,0.9238818043519852,0.9632180539408554,0.9774898275261605,0.9714677841899367,0.9822129241476184,0.977969662432124,0.9915981893814885,0.9798683898086502,0.9949313359116407,0.996303957044267,0.08589776002850132,-1.457607983220037e-07,0.5819695311580912,0.7601548090983946,0.36987154498879976,1.2775798253256085
two_hands_open,0.0,0.0,0.0,0.25657697969147825,-0.03741328820418001,-0.07011393541535971,0.47767127750700394,-0.25127049579399563,-0.08669652899781105,0.6541837597465515,-0.3990933576056299,-0.10573055370244808,0.7947965068815559,-0.39523855164208155,-0.12435819597512272,0.35459061410789294,-0.8803486178032299,0.033135231584550805,0.4299626585982771,-1.1851843490074876,0.018087681973747504,0.4606053087795907,-1.3711431065442854,-0.012225258856446165,0.48686330825417407,-1.5250927899407407,-0.03640283057594822,0.21198729624701848,-0.9766908921578892,0.03370886242080989,0.2320553063926849,-1.3711107358853893,0.03970492986630062,0.24013380895345218,-1.584480079430279,0.02178612107610464,0.2517929784602411,-1.7597745594297989,0.006707024473886878,0.08127553100844603,-0.9886206039423275,0.018101594753683226,0.09146200413264248,-1.3317041794004312,0.011334363798864723,0.10601975258715031,-1.5177982642751142,-0.00233856557116763,0.11888613411433495,-1.676047400602455,-0.011258310991700054,-0.05504838481812305,-0.928920791476884,-0.009538571441775072,-0.06818896156189494,-1.189519432142783,-0.017350290037069546,-0.06924230055441283,-1.3470024628762487,-0.011474121531113221,-0.06774532617764822,-1.4981080242146907,-0.004367284921850125,0.8963146551080377,1.601333527072787,1.7777095342590463,1.6802962689708276,1.4996453429437737,0.9755077770938576,0.7702310622087214,0.9565502974730211,0.9974249092804792,0.9682476340264787,0.9909183102035953,0.9770731870948199,0.9945048370585282,0.9744810094031215,0.9938847765328567,0.0,0.0,0.0,-0.2101184941463794,-0.15214484826586577,-0.07021042706327595,-0.40946509080803933,-0.42271407566929536,-0.09627090179114353,-0.5662797906550332,-0.6215146941215025,-0.11775472740135169,-0.6966925904921312,-0.7215148453622224,-0.13491996981012208,-0.2894714291064137,-0.9090673196195271,-0.003564065106999366,-0.37696006545957883,-1.2483322204924272,-0.033553753131985595,-0.41460557603748965,-1.450967855517477,-0.07007138234578852,-0.43794252838443537,-1.629193148058215,-0.09934887013845813,-0.16217215150606068,-0.9867423808571941,-0.00629818197352165,-0.18332281625825422,-1.3855849679808072,-0.014838369577139429,-0.18611056502008247,-1.6207426834268943,-0.03706816065161155,-0.18909606626900394,-1.8108923861732544,-0.056649411283605976,-0.033365335022113814,-0.9663292940221992,-0.02395744297733876,-0.025477040124844214,-1.3199022134085778,-0.040950591405652714,-0.006942278086742892,-1.529744803975803,-0.05735347949135485,0.004035359703871572,-1.7015381752851348,-0.07119170766508391,0.08801669594206249,-0.871833181709909,-0.05106224236930158,0.1188900473850093,-1.1318762989720206,-0.0646767104195515,0.14243770543872683,-1.2922650080153333,-0.06161325372615808,0.160537455182622,-1.4329315765500068,-0.05973378202960546,1.0120116777875008,1.6899509371118964,1.8216195300823532,1.7030316219380297,1.4431331547387307,0.9893095962079499,0.9209319497891468,0.9640843948312936,0.9826430913601707,0.9733787321428213,0.997071563015374,0.9770621168587992,0.9922526996160655,0.97580152352435,0.9940560599258728,0.9924484308612773,0.12266259446539529,-8.094499610896227e-08,0.5938141418059515,0.5740768980893456,0.31580968253759595,1.104778631587621
two_hands_open,0.0,0.0,0.0,0.2656527698784186,0.05659457558108231,-0.09187372695769139,0.5311380224270978,-0.07480009852618162,-0.11545487657462088,0.7548615006387737,-0.13966233505403175,-0.1378025910612404,0.9133321842513554,-0.07416341428636666,-0.15843538388053013,0.5124295923323642,-0.7775137503841127,0.031744794922825045,0.6458613482013418,-1.0731694067594715,0.023981644896946992,0.7108830517561593,-1.2533002586875581,-0.004706820645772914,0.7581446035280538,-1.4067080121774314,-0.02836756319185462,0.38209282271877565,-0.9230932947491209,0.043633061043328154,0.47100001137150804,-1.3076677416841482,0.061652668609200635,0.5092166928187275,-1.529557053118685,0.0481171610782196,0.5342151322748611,-1.699924781973313,0.03484159397617287,0.24649044477151483,-0.9830900703457857,0.036125091926845765,0.32167198558491916,-1.322882340375866,0.04112076724528461,0.36603424449086563,-1.5189531469527822,0.02716171981897343,0.3977055562372875,-1.6801824799064142,0.01631231456460968,0.09424767664086417,-0.9811261516298522,0.013644862834338427,0.12784792380220328,-1.2409341649222416,0.013786929775592578,0.14645596188589888,-1.3988654782491043,0.02087072081787159,0.16214576521477136,-1.544239147959401,0.028236740455008378,0.9299342243800548,1.5982538565648243,1.7822300661220098,1.7266872811406624,1.5529852249068519,0.9435156209606799,0.7865804107268974,0.9532989788934455,0.9850067709907397,0.9618438946340492,0.9904444947114743,0.973320199025404,0.9908698885574462,0.9855463458440643,0.9963832229211137,0.0,0.0,0.0,-0.20905858559141757,-0.09272509603935507,-0.08166743356099515,-0.4321453908511181,-0.2998055007582853,-0.11665113635907351,-0.6090853671929438,-0.45334762024832215,-0.14503413695103978,-0.7493556874487467,-0.512555927674549,-0.16947038490717076,-0.3714052402735512,-0.8486837530121006,-0.025578579347704373,-0.4909194529182606,-1.1721045572042723,-0.06438822418948373,-0.5501633896255661,-1.369357866364152,-0.10664374179223178,-0.5936438527085458,-1.5466359969736685,-0.1409228013293133,-0.2553047446262386,-0.9664757757704961,-0.027277503920791406,-0.3166769370566349,-1.358118123794097,-0.04898067898556863,-0.3458121878372512,-1.5944960544738285,-0.08043501807808279,-0.37005780564367224,-1.794413354183198,-0.10725784754106372,-0.12945283865028767,-0.9835229831888331,-0.04411466728001261,-0.15500507936462496,-1.3365441622309735,-0.07282643908752198,-0.16003334263247126,-1.5546784974207584,-0.09897023383528128,-0.1704129079832759,-1.7427857701277796,-0.12054131401525685,-0.0020939220522333472,-0.9242746198132724,-0.0708523744766744,0.0012951783509637636,-1.1964623532623315,-0.0954388592346865,0.007046608057185812,-1.3648784019924334,-0.10163491942567093,0.008422114241853898,-1.5195075384579206,-0.10745518517285549,0.9235625245031795,1.662635007128107,1.8353109575894617,1.7552415811368298,1.523325542443008,0.9892358322831254,0.899874604768374,0.96524783236933,0.9831296063106546,0.9734900266000424,0.999279324932059,0.9802123361638907,0.989722110355465,0.9816810758478468,0.9919656651049703,0.9920444932955026,0.12588774095208266,-2.2521560976156662e-07,0.6144203817284274,0.41799936318407405,0.29097776235871825,0.9344104061308675
two_hands_open,0.0,0.0,0.0,0.26510071976076055,0.1442276212483551,-0.09638435578558538,0.5617410328382221,0.10170607420369839,-0.12510233918112493,0.8001662931688356,0.13439853602429705,-0.1513263231528221,0.9600959242808924,0.25275230750140504,-0.17392241949928092,0.6486153563727901,-0.6331313734904219,0.014741407029075464,0.8458064025134839,-0.8875968381656754,0.0003212694640152201,0.9460129095708361,-1.0618702782741096,-0.03444956815827241,1.0249368280828548,-1.2107899781993285,-0.06375696928784945,0.5446427382534751,-0.838349731853412,0.023108759574431155,0.7063555318109448,-1.2110905818214162,0.030716072905281284,0.7921382414542341,-1.4466325616538276,0.006925527018843717,0.84917355747676,-1.6241865128771051,-0.01262482198479555,0.4160700458587203,-0.9542371732437661,0.014105443646553337,0.5522847749847317,-1.3073353821020646,0.011847213242087212,0.6295766339790453,-1.5003492827077893,-0.00566437521500738,0.6840266849023884,-1.6560265865671762,-0.01785444224017853,0.2545970943055894,-0.9999092040062583,-0.00960608055432702,0.3277930286697949,-1.2703515231853344,-0.015871105582744297,0.37160967323839394,-1.431092007610107,-0.009788648494471293,0.4094143686139607,-1.5732877505010474,-0.0009467762302072212,1.0079270413936465,1.587631198988369,1.8328221259739785,1.791824584657659,1.6256861220695231,0.9116731984856369,0.8415744228110135,0.9407522675246013,0.989178745811434,0.9591782897992605,0.9874280202369808,0.9748259060746686,0.9855300539329948,0.9812584560736722,0.9922480234161436,0.0,0.0,0.0,-0.2072567705544434,-0.04534799585123333,-0.09483895912307982,-0.4539885431580385,-0.1914353275713896,-0.13605682975247485,-0.6554407579990098,-0.2911303812959067,-0.1679724431415817,-0.8089504518787142,-0.3109365390611323,-0.19519198466695123,-0.45379722262278827,-0.7842328226585645,-0.04227699017244341,-0.6045658945254675,-1.0845204607276684,-0.08786993780468337,-0.6851855256033947,-1.271763682056675,-0.13551546096647926,-0.7494397074220366,-1.4464968362267387,-0.17359483437399054,-0.350648559921954,-0.9357050075008639,-0.038752114296745514,-0.44806438477852994,-1.3281575416790758,-0.06489601077568066,-0.49830297081483993,-1.569464885141236,-0.0972119145546648,-0.5400300888789373,-1.769692867208646,-0.12433656109455023,-0.2261802300330345,-0.9837234007201101,-0.0513140190714266,-0.28601239298893255,-1.3499897292495915,-0.08390451906506677,-0.3102047106822951,-1.5740775685831092,-0.10997727846927012,-0.3379398473844115,-1.75965739451564,-0.13073747658214988,-0.09300036555504068,-0.9555523811756835,-0.07509149576491844,-0.11594221223000768,-1.243895932892125,-0.10311569729716921,-0.12802973432109765,-1.4199047030652174,-0.11064780228231214,-0.1431919414026892,-1.5763911258213752,-0.11686292503155501,0.8883593168286773,1.6383370040367535,1.8544284622407439,1.7965772386142598,1.587189294601619,0.9763485343051165,0.8953593262301638,0.9646867843397889,0.9809622307146578,0.9758360219209622,0.9995209487048694,0.9806708517984456,0.9869948635838134,0.9824971477440945,0.9910307390493344,0.9929156450484614,0.11882138619751462,-3.141742433399963e-07,0.6489295969034071,0.3025824034335078,0.31424878144868845,0.7829015183588031
two_hands_open,0.0,0.0,0.0,0.24679656716384274,0.2174397135939626,-0.1359487073895632,0.5482059048046767,0.29851260825435866,-0.19145152409032654,0.7955332232168318,0.4067187541616879,-0.2376330343287711,0.9589842119009586,0.5928547367606047,-0.27886861336249946,0.7431795832237009,-0.4855766653678031,-0.04897949499590526,1.0019273631685888,-0.6929151964709517,-0.10095379785428335,1.1490964536349946,-0.8567589687118436,-0.1634564024250123,1.2708161960959825,-1.010751439860346,-0.2116284601197452,0.6604767354920652,-0.7501126406543953,-0.03318897714956762,0.895656844102136,-1.0985749482658569,-0.06036224897822421,1.0224552713728088,-1.338094624352832,-0.10603893859135641,1.1146530859014505,-1.5267134990564732,-0.14171688524430834,0.5389030532481657,-0.9135108634402765,-0.03622555549305516,0.7459978874846044,-1.2339751380510158,-0.06264382717393947,0.8668912712399022,-1.4266800144312644,-0.09239999013291925,0.9617804097506271,-1.5856177424073545,-0.11428990986149008,0.3754949615286974,-1.0040239852127155,-0.057043186803001744,0.5004147386017366,-1.2651133341333611,-0.07521644969446123,0.5787205158701008,-1.418746312927732,-0.07272050592506793,0.6490261408154465,-1.5536088432110675,-0.06814505448721017,1.1614194595810385,1.6374916435121984,1.8956237194322703,1.8580278160224692,1.6851050761351616,0.9530281257386137,0.8626150986554478,0.9362650386427306,0.9775129313887368,0.9530711151378818,0.9898748704702416,0.98014161015824,0.9919980558647323,0.9741664332263201,0.9942387135416262,0.0,0.0,0.0,-0.209050706909691,0.005773397515499523,-0.1266253215779079,-0.47755395574267717,-0.06058832277775126,-0.18201840700718333,-0.7032084753894373,-0.0958494307270669,-0.2227249935708458,-0.8701617442190875,-0.07580825171141956,-0.2572434364135496,-0.5394800794121115,-0.6983709333689722,-0.07166514350159146,-0.7318275927599686,-0.9744324779495939,-0.12591548763662014,-0.8360066261509963,-1.1537547028488429,-0.17883673688459417,-0.9186903086455075,-1.3271873919853845,-0.2204470023647811,-0.4512315362147223,-0.8906879575176624,-0.05536301164420703,-0.5915274698095401,-1.2896989433030472,-0.08861543631258845,-0.666060760963437,-1.5429175609323778,-0.12508221316855325,-0.723069744855803,-1.7585775581728917,-0.1557704358195602,-0.3297462747958983,-0.9758184564308,-0.057853889028614006,-0.4292332299029435,-1.359963746573599,-0.0978221198488579,-0.47564058393847974,-1.5943442284734877,-0.12871240617621285,-0.518733924943975,-1.7927440805979233,-0.1530291862519194,-0.18850308134910584,-0.9786904924439124,-0.07440813136088324,-0.23974425353345324,-1.2783260065298923,-0.11032205146678548,-0.2658641875402244,-1.4653327897000434,-0.12345018277708679,-0.29162360422249706,-1.6350630194446412,-0.13370931826636828,0.9105506782754041,1.6291148325074454,1.907796978902782,1.8725475041375048,1.6662393543205019,0.9718720678290692,0.9138053483091544,0.9615689772237704,0.9722172968298006,0.9751048191492129,0.9912247595658445,0.9795985271656128,0.9934646487625647,0.9818550739975552,0.995128186063449,0.9958644328301588,0.0908517001701177,-2.550799627532655e-07,0.676628318914002,0.23481287427141861,0.37144686072472843,0.6688663315708214
two_hands_open,0.0,0.0,0.0,0.24869361097620588,0.3213199749196793,-0.1719727370897782,0.5621251145465856,0.5481061240085211,-0.24494236042764883,0.8227555616212321,0.7496738198113229,-0.3043269474087083,0.9916039520229253,0.9792947281474931,-0.35704899961689185,0.8486533094301331,-0.30459925127251214,-0.0657303512877472,1.1647656918247036,-0.47107523544662794,-0.12747450629965715,1.3465544151267879,-0.6087526621331214,-0.20148482429153297,1.5011424604507033,-0.7435376777948853,-0.25839769807906565,0.7855230473250474,-0.6176216407484447,-0.03869174331004607,1.083458891930519,-0.945014838954657,-0.07527135567560157,1.2542584747095915,-1.1743800865693146,-0.13853311365568574,1.3827796603442293,-1.3585460560012765,-0.18909762816654146,0.6717625672560028,-0.8238327957582291,-0.033903220487241384,0.9353432194828478,-1.1208570305304233,-0.0704727571370705,1.0977647890299471,-1.3022487394938111,-0.11563582946974556,1.2242359913402514,-1.4534925546782527,-0.1487898096993251,0.5090376497147258,-0.961778837022392,-0.04984916830366652,0.6845530055351506,-1.2096305185234384,-0.07864790817731304,0.7993580504006648,-1.3586653453579733,-0.0859585005300783,0.9023570077048817,-1.4896311087044907,-0.08844201098546217,1.4386731909549089,1.6950062935697796,1.9476870611873296,1.906182776248994,1.743866680305989,0.9896752017771908,0.9128065730378547,0.9321127255866538,0.9749134719982642,0.9470060231009904,0.9903601641238694,0.9708170892101846,0.9881192257114427,0.9781500998593595,0.9917388294187527,0.0,0.0,0.0,-0.2137280101483262,0.060258735109863064,-0.13667367438619116,-0.4902307108382683,0.07060625284644595,-0.2005828203244232,-0.7189320110804825,0.09681170145521921,-0.24961922487030627,-0.8883055398170591,0.16792099515182354,-0.2929153549065423,-0.6168307436921644,-0.6064534291107986,-0.08423042943851529,-0.8400073583605137,-0.8490515771299117,-0.14976674288530936,-0.9651778938457914,-1.0141701665102207,-0.21171256783497064,-1.06892975619889,-1.1773428216112836,-0.25918383989998045,-0.5426088064871883,-0.8371422289787629,-0.069054844746893,-0.726421034867136,-1.2270529728806925,-0.1129111836343336,-0.8264280097364275,-1.4846107645395705,-0.15607666295698241,-0.9051425098749732,-1.7059862976573028,-0.19097136603191542,-0.42449586652334614,-0.9639646113970893,-0.0743351852388157,-0.5603629684983779,-1.352032082417764,-0.12364830607117525,-0.6294828846168298,-1.5987186580134756,-0.16044490544152099,-0.6943215700453822,-1.8081849681768862,-0.18775011427627827,-0.27807817755863123,-1.0077312937069243,-0.09476035895177332,-0.35605026051414096,-1.3303211998917897,-0.13622368569139728,-0.40221108174323383,-1.5317689036911029,-0.15257698910810338,-0.4489240209785982,-1.7124489578576951,-0.1648191886729536,0.9503071071093182,1.611186893613629,1.9406551145480058,1.9459870059129087,1.7779706338503765,0.9755579328573565,0.9117258505392194,0.9580217452422782,0.9701748723736864,0.9720473955472612,0.9906431448609756,0.9786082641389189,0.9895959423962566,0.9850879827211532,0.9902066210926448,0.9962983340869144,0.08596295420440857,-3.0006886139947234e-07,0.6975188682481148,0.20357423083913037,0.42330173182751757,0.5753172031009078
two_hands_open,0.0,0.0,0.0,0.20835560627200064,0.3533676242073063,-0.22066117842383637,0.48915328204925995,0.6556692292018831,-0.32858614704650974,0.7344356418487998,0.9879642547377196,-0.415623814752076,0.902140654341704,1.3077187992342916,-0.4941963224093079,0.8994435715643504,-0.14327089719011085,-0.11396689540921467,1.2427181504246403,-0.2425979456802364,-0.1914470293956951,1.4450756687605326,-0.3411928947781006,-0.2787833048236546,1.6205446310786966,-0.4362933808566328,-0.34637741423996127,0.8661557037579146,-0.49461362271189957,-0.07163561317837948,1.212651102623654,-0.7557541615294778,-0.12254919396856394,1.412813813213121,-0.9426808072312105,-0.19584515897197022,1.5663524341883042,-1.0942036211460648,-0.25388834845390845,0.7675765532218541,-0.7404070510814851,-0.0556022433868494,1.0715900665265925,-0.9839225056906222,-0.10567143948761357,1.2540463154100259,-1.137319088652608,-0.16206516969142556,1.3986581527939834,-1.2738019698164262,-0.20258238858378547,0.6134690349787025,-0.9160548650427097,-0.06403443697868416,0.8313540058360069,-1.1127901819789925,-0.10384096744240644,0.9648754018768136,-1.2498698314584895,-0.11958211973170679,1.0839706243883538,-1.3787652297515343,-0.12867271093455834,1.6637957275969126,1.7136201821269677,1.927485617611047,1.9025918403193043,1.7585626346104157,0.9618845321423815,0.9523871446664859,0.9277671480519076,0.9810286856575742,0.9433933305418015,0.991512361761348,0.9659269127823328,0.9795641943488843,0.9736763308918578,0.9872259136835613,0.0,0.0,0.0,-0.19411372628749093,0.12056861741860724,-0.16600619234978928,-0.4666182229596573,0.19725619778410253,-0.24993739771666348,-0.7039495905661186,0.296653067896192,-0.31504146033821995,-0.8791279461012801,0.4452145153478792,-0.3739866278407659,-0.6895578496821065,-0.49825878987650163,-0.11167547274712546,-0.940577560024684,-0.6905353583296215,-0.18977997585837106,-1.081843802181418,-0.8286773851248802,-0.2619156372647794,-1.2009175642994585,-0.9678181299011209,-0.31680062688939875,-0.6319232310570241,-0.7698809514291794,-0.0891983782192952,-0.8666675969256511,-1.1232516698687216,-0.14349199826792758,-0.9944004050223515,-1.3586052000112327,-0.19401236211396602,-1.098976111116469,-1.5632897654877527,-0.23439218119141067,-0.5152697492074119,-0.9345151807965775,-0.09015066722424607,-0.7025030603291478,-1.3088545470392468,-0.15024943621455256,-0.8012604287663181,-1.5545273575675127,-0.1953018526737861,-0.8951777736117829,-1.7662344944385322,-0.22804121072414238,-0.3604636296488314,-1.0187516730409043,-0.10833492721814654,-0.4775786158557845,-1.3406594191723171,-0.1583827961107832,-0.5482403292634458,-1.536799442223642,-0.18061492619297573,-0.6207982644720953,-1.7097498780907445,-0.19722391496016942,1.0540151365594377,1.5745594831589447,1.9252436412794867,1.99322109398371,1.8296263015804886,0.9603248623831461,0.9053991310446441,0.9497506981097178,0.967296501085532,0.9662403603765058,0.9912357792471026,0.9730567990386216,0.9857377922342384,0.987597820357597,0.9827348882142419,0.9977002642835348,0.06778040017900125,-3.7315784070932025e-07,0.7090466178136501,0.19927406427890662,0.49563462253022866,0.5044634686416667
two_hands_open,0.0,0.0,0.0,0.15817712621248317,0.38662989737850906,-0.24605522696272622,0.41351620194707184,0.7490219279830735,-0.3732599589530718,0.6279663926719241,1.1956469776666458,-0.47662738550043987,0.7612849754637474,1.6017969014884512,-0.5725164283275462,0.9361941272025871,0.07350759312860586,-0.16243922479094894,1.2981659514497272,0.07126790841343889,-0.2686126096298271,1.520649289306069,0.02663744228359718,-0.37640888982521054,1.7191875395472491,-0.022596483096207737,-0.45864725607310547,0.9432183998286432,-0.3096576497382737,-0.12021310320951853,1.3281790009049512,-0.49407059501006495,-0.19966670162639175,1.5550485649773818,-0.641701831093089,-0.2908241374344251,1.74795286434911,-0.7635352791121345,-0.3605965776899999,0.8684512495210864,-0.5910401142923174,-0.10600017307868301,1.2180826597740921,-0.7429570001239314,-0.18236011596330426,1.4307031324555965,-0.8528681167196226,-0.2589950797371359,1.6094249363175934,-0.9551533222728156,-0.3107871250920458,0.726737793222583,-0.8028480868834376,-0.11757349240313958,0.9824508071055655,-0.9620626070220024,-0.1786842015677368,1.135109349573081,-1.078139379643381,-0.20832293362695176,1.276775627468278,-1.1895412427641294,-0.22600357121271758,1.8636209883422574,1.7794588229813666,1.941225187935919,1.8971439407205415,1.759614158085444,0.9435631475590159,0.9591299569649162,0.9239902570373706,0.9764913209896393,0.9398897980587217,0.9901629285553651,0.9587300572447319,0.9759393108464326,0.9672128069063928,0.9815889484688003,0.0,0.0,0.0,-0.17681853098386974,0.1774159207262847,-0.20003055392181543,-0.44167417337667164,0.3377842990791991,-0.3058300733002655,-0.6816072692362349,0.5249772139781667,-0.38860012978090946,-0.864662914218783,0.7229187278551247,-0.4655381284176939,-0.7644027199333813,-0.36113696778761933,-0.1561851389297194,-1.0556165285656887,-0.49570217234284797,-0.25025968850887553,-1.2245526947472256,-0.6000860929625346,-0.3348041382652127,-1.3685024240189323,-0.7236110698853311,-0.3992008166485769,-0.7278874559443286,-0.6745451744301407,-0.12316111046878432,-1.007973445298877,-0.9902622674009115,-0.19003069789691512,-1.1639584138513606,-1.214614355291722,-0.24889002015909023,-1.2935702004537113,-1.4252838921182112,-0.2968280075662402,-0.620476250291862,-0.8819798561063523,-0.11584249727280395,-0.8499301466876337,-1.2305483796730698,-0.18613623717379185,-0.9751914991677945,-1.47135179789763,-0.23842364661479296,-1.0916571783286333,-1.6843571610037884,-0.2771949659208064,-0.46544139346868985,-1.013107346204983,-0.12870457592321888,-0.6169658126877153,-1.324010579004002,-0.18673611113303856,-0.7067309085216024,-1.5188512014235356,-0.21370660921916182,-0.795810286903501,-1.6946089166154286,-0.2346057733765123,1.219417562330328,1.5986785658847054,1.9475278952326294,2.0262308580102646,1.8868103407379184,0.9587426792517876,0.9502026297555244,0.9480680305645841,0.9478942741969724,0.9591044790989863,0.9813334079005086,0.9670365086709686,0.9879390791170322,0.9852100231075257,0.9866682384258784,0.9989093658484094,0.04669131418362382,-3.672834204280161e-07,0.7316050390094093,0.216924393918624,0.5852560375339149,0.44782792837078716
two_hands_open,0.0,0.0,0.0,0.12688236663259253,0.45463065429428445,-0.23968000467533876,0.3520386210821743,0.9000119312935249,-0.37563109302204234,0.5297041489793622,1.3992886001803562,-0.4937015974729053,0.6133899857630878,1.8702197547373145,-0.6072911054258093,0.943358827517481,0.3066717116125027,-0.16872458566019774,1.2982997944599284,0.40984895662280596,-0.29170584784267867,1.524161396767174,0.4422194215464506,-0.4117642899965814,1.7276199010718325,0.45325309414568643,-0.5018096036826768,0.9847448362818534,-0.09896196120858554,-0.14312280618397635,1.4086428020763109,-0.20219040145468942,-0.24300153115880427,1.6530227890487215,-0.2973395739209344,-0.3481844005697916,1.8724593892629906,-0.3872486156258458,-0.42715450441778846,0.9321465997553455,-0.41819880535752507,-0.14445002500503962,1.308461891725749,-0.5141859464686537,-0.23568129949194472,1.541102151558557,-0.5929388239058493,-0.3185000169692974,1.747008918826809,-0.6736036706555371,-0.37350570553331397,0.8057636222327099,-0.683539001294069,-0.1712224734535858,1.1017812283776642,-0.7887425411741122,-0.2385520409313438,1.2787240554308201,-0.8727873727708446,-0.26651217762730645,1.4492904059365896,-0.9562060834929235,-0.28364923316945856,2.0597989446481044,1.8552417007711561,1.9592158189917905,1.909263884235746,1.7593264740594177,0.958270645884245,0.9483168390837872,0.9337764002691377,0.9666823425850394,0.9360339374707447,0.9801998188171795,0.9618570653559056,0.970373448707598,0.9611716905816613,0.9831310389500731,0.0,0.0,0.0,-0.15322194654544924,0.25117454466499656,-0.2279288031973822,-0.40484267538911867,0.5114554624884192,-0.3582898190610511,-0.6315847237762926,0.7925431909802911,-0.4617918129411308,-0.8010075954922372,1.0695226395220776,-0.5616313517389884,-0.8213231883605441,-0.19875956131053313,-0.21424247480442812,-1.1436380794518812,-0.27760209425139476,-0.3283492278040882,-1.3345426273835448,-0.3582256909520054,-0.4282063927933277,-1.5000565168784603,-0.4690975088477289,-0.5046261328685001,-0.8155144899657526,-0.5512412298134746,-0.17626463970299497,-1.1436661855418764,-0.8380118180699324,-0.2645464672290859,-1.3292181202663969,-1.0642418884768539,-0.3421273002237594,-1.4824991534783132,-1.28677984069805,-0.4052245141006947,-0.7215309188958602,-0.8006163459440093,-0.16289578237203148,-0.9899907089078692,-1.1416997174043753,-0.24910570399971635,-1.141059345694827,-1.3947116977028042,-0.3185515606097092,-1.2740458656059328,-1.6146941515993,-0.37107517559894077,-0.5693156813920551,-0.976703874250052,-0.17104497149540282,-0.7468835702336374,-1.2985804061536808,-0.23988710609842614,-0.8572085969240008,-1.5106052434734554,-0.27703776779274375,-0.9637760310144455,-1.7012071718565915,-0.3072519143460798,1.4494556287595322,1.6507178924972314,2.0044483044765604,2.0900064250672385,1.9792356652009864,0.9655602184203258,0.9599203568244691,0.9398978840886107,0.9384201179741395,0.9453016446455365,0.9724443600636709,0.9584626683269505,0.9903357583566821,0.9875433878012522,0.9891508719164525,0.9993242699800546,0.036755998541073795,-2.820234854899317e-07,0.7505067674238907,0.27153475956912015,0.6672641117130532,0.4189304697525974
two_hands_open,0.0,0.0,0.0,0.07710558133088485,0.4847033574286009,-0.2466342558965308,0.25094130086122257,0.9978912819096553,-0.381289492970153,0.3872129560355987,1.5371316108877235,-0.49252894135146225,0.4490112500312774,1.9941846148467646,-0.5978796559567137,0.8552924727938227,0.5996693956849275,-0.17559574624367905,1.196914164218724,0.7979932584295842,-0.29014260916619955,1.4178068583743366,0.8998651280455988,-0.4019540464481069,1.6154721858836132,0.9731411725808357,-0.4841608748665218,0.9303000350368049,0.24114017778037614,-0.13666492022751356,1.339312029219655,0.2788671398471313,-0.22116621461601432,1.5845081753075076,0.2673568836419274,-0.31584140373454533,1.7969786514942745,0.25313772346421687,-0.38919852774261465,0.9144467263952609,-0.08708903164539952,-0.12491104698668357,1.286851578692856,-0.04599389160562919,-0.20167829235792822,1.5133908024772083,-0.04682958271877947,-0.2767610978292293,1.704772046052009,-0.06114611214040195,-0.3287709385660122,0.8275171202645518,-0.3992772860870391,-0.13907100437392372,1.1122038085334742,-0.4112226749528207,-0.19289145686000228,1.2826125443865828,-0.43716441243361304,-0.21658236168609987,1.4440079024151675,-0.464223606047495,-0.2328780982938637,2.1297519723557263,1.9470916459907837,1.8559866580780817,1.7372613234847014,1.534566579628971,0.9713765805524602,0.9637424291796296,0.9450483609779015,0.9706163465635752,0.9324733840969642,0.9869841844521249,0.9487368219597377,0.9720935117444278,0.9621895782604739,0.9872008746387712,0.0,0.0,0.0,-0.1329254400719554,0.31090304201835317,-0.2548300835567476,-0.3788759977174308,0.6629478265363161,-0.40025572997438474,-0.5848811308454022,1.054981949739179,-0.5150197027680239,-0.7161055830896317,1.4400165663544535,-0.6279554481493046,-0.8693035868445893,-0.015631042036914268,-0.2490961112268282,-1.2115990831212275,0.00992185719601327,-0.36529988118752454,-1.4219410833589778,-0.015470480862372973,-0.4663145597481216,-1.6067476814148722,-0.08162820328260877,-0.5467285191482618,-0.893769610434468,-0.4001769420001927,-0.20256924385304317,-1.2562594482834346,-0.6206576256354736,-0.30085161636851143,-1.470156094524224,-0.814630791516115,-0.3858435205073525,-1.6483251347941135,-1.0185585786786,-0.45473987449975894,-0.8136434089085725,-0.6988877986761074,-0.18113979488024043,-1.1239968376756113,-0.9859056505842793,-0.280307762624038,-1.3089276304861723,-1.2164032244184535,-0.36371618364088043,-1.4712165530509487,-1.4275327634941515,-0.4253627117145558,-0.6706029579199484,-0.9388855850834077,-0.18231844427155797,-0.8797572171614124,-1.253626313636844,-0.2619835899247256,-1.0191129950419735,-1.4732366047511605,-0.3106725009989645,-1.1568542411118694,-1.680717322519521,-0.35016602557610294,1.7264944142301202,1.699180199082271,1.9902828144899054,2.093623980885184,2.0702025743543726,0.955112068690121,0.9519283338948544,0.9313670306727234,0.9325421717087109,0.938577918582484,0.9624501537341069,0.9521429410132737,0.9835462548153413,0.9902245234953365,0.9890428409726321,0.9957676520800359,0.09190638210103208,-3.338522754688087e-07,0.7723171673340381,0.2788424009563193,0.7252036625560964,0.3949418582937719
two_hands_open,0.0,0.0,0.0,0.05533664768480654,0.5020901117344524,-0.23187460678655838,0.19634445995208094,1.0379749740984565,-0.35399022269352215,0.298166064803131,1.5796243295994112,-0.4535074603463072,0.34571925262760705,2.0398650950031803,-0.5479447995049703,0.8020775223857436,0.7064680399195508,-0.1631528097745832,1.1363770191868432,0.9732590959514552,-0.26101896094597676,1.3377275392878503,1.112319228734702,-0.3598790732575884,1.5254768565484715,1.2267317985120154,-0.43502024305592385,0.8879977611331246,0.3642910157215161,-0.1232593352114821,1.2741923560426156,0.4923473307239901,-0.19306576541433293,1.510439273324853,0.5293367844912735,-0.2821746349489161,1.7081136139739572,0.5562698508846552,-0.3545896247735973,0.88326808276096,0.037731214739653025,-0.10819624991219333,1.2333474986551392,0.136307812957461,-0.1725243689537125,1.4478709232633291,0.19411199082132757,-0.24429957017763734,1.629894696664952,0.23836296975195242,-0.29771085157178173,0.8106779828753001,-0.292426004792571,-0.11692814624930503,1.085568764030023,-0.2678390934297963,-0.16799534763203228,1.2549085829008244,-0.25796581077955266,-0.19387913700566853,1.4151276594142186,-0.24111327743791758,-0.21271102306796894,2.140283838829389,2.0052912898663786,1.8310712895033578,1.6739191673163616,1.451195329488984,0.9745828462740874,0.9731116116693738,0.9452156108155989,0.9756570637796425,0.9219416439019524,0.9934692711413725,0.9561229544280552,0.9866279709126776,0.9860270662920056,0.9815548467938096,0.0,0.0,0.0,-0.1141182695801906,0.3800429944626672,-0.2551164969016545,-0.33245025923682764,0.7844533054887207,-0.4084353202869696,-0.512305948779421,1.228092617951172,-0.5315192590429634,-0.6047649600593075,1.6559328407572371,-0.654768632383875,-0.8460553816086145,0.18467603325087945,-0.26146231500058903,-1.1765127877133792,0.2911256373291526,-0.3820353976849662,-1.3871462537898136,0.3199834699918597,-0.4855138191852684,-1.5715893245926766,0.30490965388824015,-0.5675675505729582,-0.8968821633370962,-0.2035939033402483,-0.22160527405851513,-1.276610259229941,-0.34441189145964374,-0.3216619511076523,-1.5075576341490586,-0.47784851128387823,-0.4065473176158619,-1.7000314864497872,-0.6292024083879684,-0.4760623052617857,-0.8392650991074148,-0.5298291688633027,-0.2063536331354568,-1.1753271442558888,-0.7556189079455979,-0.3051335518501269,-1.3812923345111179,-0.9451057372634513,-0.38731498294036654,-1.5591839874390632,-1.1218278909273975,-0.4499338828600042,-0.7142729340400793,-0.8054581163754467,-0.2138413925336938,-0.9436524126622639,-1.0768762068819766,-0.2920743097625554,-1.0976017058619527,-1.2736848619318988,-0.3375239900991441,-1.2435104963289856,-1.4576319761669654,-0.37573556015862364,1.8805786853965238,1.6985275466330534,1.8742033091778112,1.9728134788911165,1.9524821493659006,0.9596782995915583,0.9465441098997327,0.9361017444470775,0.9361737183867913,0.9442107447320071,0.9554446853888183,0.9509656051059566,0.9824450975049729,0.9833749266940749,0.9937123951471005,0.9944197129422323,0.1054961350560654,-3.4736080372198315e-07,0.7785301537480689,0.28662037731198,0.7724042948057066,0.376237196775215
two_hands_open,0.0,0.0,0.0,0.03663473131994795,0.5227746384346124,-0.20776111507759423,0.15639557191392744,1.0974065360394698,-0.31797881036615644,0.23004435413806515,1.6525506391311628,-0.41310964619880425,0.2357576582614112,2.135069234069889,-0.506575977234539,0.7565858109383382,0.8438969075981488,-0.12770390516377844,1.057394555881517,1.1583909755912376,-0.22290644580162006,1.2452039106655455,1.3228774801109158,-0.32102634074469194,1.4209156084599355,1.4574347232852911,-0.39551945309781233,0.8492920334081069,0.5175060241639943,-0.10435783125141337,1.2205284979381106,0.7109871098743051,-0.17679999622948556,1.4567625993734552,0.7851473857781763,-0.2697364123585121,1.6571769475071492,0.845237571525522,-0.34268246419642406,0.8540095877838552,0.1942318403069377,-0.10502248273946674,1.1978233680397838,0.372097316420923,-0.17262174656874776,1.4171717270305857,0.4600180338411223,-0.24517650860878062,1.6065062447234382,0.5361159074398584,-0.29690512382138823,0.7931819795341134,-0.14849974662267149,-0.12781735340111003,1.0623140986526534,-0.07135207812015501,-0.1815196830235315,1.2323573627053555,-0.0308375640232151,-0.2053927151281584,1.3931839923249227,0.018601281924747567,-0.2211223822241864,2.2069711208830562,2.0735362974352616,1.8915848537496827,1.7194287519687637,1.410745459705667,0.9762944137593723,0.9616929922957753,0.9426680788427904,0.9747434299165667,0.919431481548948,0.9915530211691517,0.9503162496861842,0.9842026815655532,0.9777466449621994,0.9755665907882048,0.0,0.0,0.0,-0.09358740123683018,0.42968556539848385,-0.2330136121038476,-0.2884347447992401,0.8522417635390309,-0.3736751093265973,-0.44198873925717924,1.2944489861248052,-0.486887699692214,-0.5166820528893623,1.719522125697393,-0.6011981856423025,-0.8050001383804328,0.29233406531652734,-0.2424389930144084,-1.1163206746843775,0.44377436843656126,-0.35483897206470066,-1.3118497671517553,0.5189747791770886,-0.45119121576343185,-1.486743311532706,0.5541232846648226,-0.5267732558520356,-0.8688404275309074,-0.08976158282700238,-0.21074871110779722,-1.2419037455976876,-0.18490163179250596,-0.3003570943014194,-1.475086484187771,-0.2781309631296942,-0.37771797811109037,-1.6710731104158025,-0.3875474478066751,-0.4408613880489261,-0.8221261294184864,-0.41899606624759106,-0.20208903334421083,-1.1528886474767184,-0.5960235319042797,-0.29390448168254807,-1.353886903637215,-0.7488084515589389,-0.3676929902723038,-1.5342843397712307,-0.8875773959517191,-0.42343700542783763,-0.7100381128678586,-0.7027425229540617,-0.2140700454429176,-0.941027926196858,-0.9405929825334511,-0.2911869056274795,-1.089994107919931,-1.1154622509890022,-0.3299452749386754,-1.2336573486057454,-1.2724693272521985,-0.3604948412257352,1.8934508028888533,1.6718099030918327,1.7711682946938268,1.8223942950518062,1.8086030999412193,0.9650201231662474,0.9500729883302625,0.9549073525245179,0.9499144919089216,0.9540710269473308,0.9598930207610814,0.9492680813190071,0.9858368308040585,0.9717958511885202,0.9863764442074336,0.9921239591013954,0.12525992885546253,-3.121233020106313e-07,0.7697840034342075,0.3022752949675769,0.8117644393853993,0.3751155704163442
two_hands_open,0.0,0.0,0.0,0.016212916130205538,0.5220717910214695,-0.1947687010370988,0.11398768270640611,1.0851519993876442,-0.2915343664547542,0.18949661900507309,1.6069990965959646,-0.37439608304674354,0.19015480881566904,2.0501091149336204,-0.4545916334287422,0.7021408048515926,0.8900519920496182,-0.1054412247810864,0.9836614245158275,1.2094980530614146,-0.19030070049152964,1.1580904301726014,1.3897171391431242,-0.28225778357442,1.325851170175311,1.539861801282101,-0.35450518760699173,0.803747319519985,0.5890930083506806,-0.08342465988413766,1.1529520447186439,0.7947157613736237,-0.149753226751059,1.3730197356150708,0.8940085930693501,-0.24127299639087627,1.5633235111777108,0.9743146593659034,-0.31413222813422137,0.8203419111187746,0.2831280233755203,-0.0843983589847147,1.134562528188124,0.46774812333248916,-0.15014794371940687,1.3410037691909453,0.5736192602441739,-0.2240185049040382,1.5238791064881232,0.6604654918474425,-0.27743683340676634,0.7735742292902972,-0.03951391329230225,-0.10625103282238006,1.025806300605513,0.05813144014981831,-0.16150102701180205,1.1863939739089966,0.10819711862320076,-0.18961730863039675,1.339748468699773,0.15887303564447144,-0.20883286166449905,2.108497044729503,2.062699595322418,1.8686756039529369,1.6838626409666255,1.365202462988278,0.9903626707730068,0.9547623215637759,0.9487236902389224,0.9747995035891462,0.9281580427650076,0.9895872374795559,0.9550624208380435,0.9814806311985451,0.976084966659126,0.9840553595815177,0.0,0.0,0.0,-0.08700048635006528,0.45963213297243455,-0.22225726941101948,-0.2731691333440744,0.8866207895308886,-0.35698563040642867,-0.4208052735038171,1.301670529609842,-0.46628341121413647,-0.4981468402073113,1.7193005523558726,-0.5761002645984895,-0.7868932599950146,0.36391808347671506,-0.23390430542275087,-1.0901832709729034,0.5257569854605527,-0.35043723195597487,-1.2848647411861167,0.6048056655943984,-0.44968413110555205,-1.4661790418799159,0.6439680804737319,-0.5282184769820345,-0.8501688580919454,-0.010307286535449501,-0.20876589412225316,-1.2052128524062884,-0.05880954676118397,-0.3054009080752815,-1.4282398550253044,-0.12723549190373037,-0.3852794533278932,-1.6233946627333982,-0.2141491228012184,-0.4506001100269207,-0.8054991153125707,-0.3401221616371275,-0.20592154286145334,-1.140100269727904,-0.4793275545081848,-0.3048332780266901,-1.3336633317794677,-0.6094849825006102,-0.37208319292484066,-1.5130664828943563,-0.7231548723139528,-0.42257942030997925,-0.6947127606003509,-0.6317638181144412,-0.2229358791377498,-0.935319504594331,-0.8430330316588569,-0.3075290314745298,-1.0869394587952455,-0.9974839462182526,-0.3452896866991521,-1.2349368648981558,-1.1367760297307816,-0.3741793429696298,1.8804351035359308,1.6862356392100575,1.6983258041212494,1.7294208618723277,1.7196915370961587,0.9754195739534367,0.9509553431166408,0.9522928974256333,0.9481104491693816,0.946374228161056,0.9617871377459631,0.9392393605778168,0.9827769350981156,0.9643348237445206,0.9840231838387278,0.9904064825071829,0.1381846569183708,-3.1804758945508265e-07,0.7630961985876871,0.3056855961641734,0.8193587648216328,0.3656948442263374
two_hands_open,0.0,0.0,0.0,0.011868520687972596,0.5369259395144358,-0.19059687629839386,0.12342867339022622,1.1142175063464383,-0.2794675954580795,0.20771925767199456,1.6340426169404922,-0.3535159689608601,0.21439866180446673,2.0661539582446844,-0.42450257324715834,0.7098380171956027,0.8892123525041347,-0.10805250600440809,0.9944887801658582,1.2077748718979722,-0.1896848015709159,1.1719857452071911,1.3793464700271743,-0.2745658642997469,1.3348090019684253,1.5221361969837959,-0.3408978490322933,0.8129747096142109,0.5761087578675891,-0.08468069813099802,1.168734348454506,0.7863792598338963,-0.15021445804170516,1.3903431548355336,0.8929684908274292,-0.23451442498144282,1.5792944407700156,0.9770874266326791,-0.29978262247413234,0.8310513349634006,0.2703674571290134,-0.0833830171278151,1.1523364675702898,0.4610103471863188,-0.14897472412447235,1.362027306481123,0.5563954614992175,-0.21764990974641435,1.545792096714286,0.6279770695741316,-0.2660109594427252,0.7815841450236619,-0.03918253879537391,-0.10210285251019655,1.033606321777534,0.0652197116903342,-0.15958743632289973,1.1946356562687042,0.11090574288552675,-0.18649116844438818,1.3436150720178284,0.14882901366383602,-0.20261057483565315,2.1201795678779622,2.053003900965383,1.8811540050373907,1.689553265428143,1.3669318132580197,0.9899545259701834,0.9536925660850959,0.949416774957569,0.9817733368504138,0.9389491460920542,0.988143146281871,0.9500746887744171,0.976849653139788,0.9604930897535232,0.9805347101041384,0.0,0.0,0.0,-0.09565579060870003,0.4488259577397024,-0.20974194618075212,-0.2909970533067312,0.8641902391708682,-0.3421056219062964,-0.4580985285213614,1.2814731378503517,-0.4508637299186896,-0.5366943587634494,1.708395599234463,-0.56114024119211,-0.8135684198976108,0.2888942515567359,-0.22958360892784255,-1.136763678258379,0.4338598481005742,-0.3449025797554301,-1.3414019549149274,0.5054019283335507,-0.43989438093220573,-1.5324016274248133,0.5324736073792087,-0.5154867127840848,-0.8777713502113993,-0.0945644544024975,-0.21333406036861244,-1.2593637679769973,-0.17644324428570451,-0.3081598803250678,-1.4957582068835564,-0.2655945678244085,-0.38414582048175877,-1.7035878673355298,-0.37092124971652657,-0.4458519319200004,-0.8305016888686763,-0.42459158069512265,-0.2181677846598385,-1.1776729495665306,-0.5992506452052295,-0.3221815925385959,-1.3826661686926671,-0.7611703390609772,-0.3876445944396801,-1.5669673779331266,-0.9038305309029748,-0.434533880359429,-0.7185615784209901,-0.7065145349308812,-0.2412046181734165,-0.9677666518919031,-0.9501982045926219,-0.3340431820310459,-1.1239392728901614,-1.1300664199342905,-0.3722248659145274,-1.2735235970499028,-1.2873739273059703,-0.3987465734808767,1.8765752658759332,1.7022072263231014,1.799604995664572,1.860407505166326,1.8542364495427386,0.9772696487029743,0.9384689865075422,0.959733752857089,0.9411717195158685,0.9510627668474527,0.965143686816683,0.9374279294319721,0.9847308725502907,0.9589374863611435,0.9814337053155519,0.9898530508873371,0.14209481921939318,-1.9766309434676402e-07,0.7489913377497067,0.3067802158874573,0.8064350344996325,0.37188872079835417
two_hands_open,0.0,0.0,0.0,0.06302324000195435,0.5303002290177625,-0.18030530217983237,0.23640825681973143,1.0751451954438178,-0.2585890614751533,0.3725962754181506,1.5840319182139586,-0.3230086303384222,0.4529098093402517,2.0070269987571834,-0.38114939668712383,0.8269641111098742,0.750727197900262,-0.09382000815860964,1.1493955586694593,0.9875188891514496,-0.1761904799830248,1.3485027869294965,1.1121485472633896,-0.26199676491529844,1.5289748251830533,1.2104516133274215,-0.3280063454393672,0.9100306998818662,0.407761952023512,-0.07466134042793297,1.28991557827001,0.5517565413116527,-0.1419688295766205,1.5284452823589767,0.626924249756732,-0.22227905112609367,1.7248701439849847,0.6739433428103517,-0.28226948638989474,0.9098207464168351,0.0910333181382284,-0.07869424055171073,1.2553114034246298,0.2140806085262023,-0.1468581736730987,1.4668087980974451,0.27376941768251706,-0.20625044357989142,1.6431397153715168,0.31058057909027115,-0.2455853053328274,0.8389537352325687,-0.20725508252953226,-0.102969591250231,1.1016033360046635,-0.13264691026067704,-0.16417144490337046,1.264547608700441,-0.10833744394407416,-0.1888453632082925,1.4061664624206802,-0.09689730968062236,-0.19995391441180987,2.092500784165169,1.9775098702406,1.873246568360927,1.6901717553357276,1.4236132819514709,0.9845930100699577,0.9763444454237781,0.9479522845099736,0.9778754867805657,0.9501370375715606,0.9774960041464777,0.9670649691516088,0.9735144415920384,0.9537060483433907,0.9690008739077771,0.0,0.0,0.0,-0.1269922522773524,0.4410765516867589,-0.22471850111994573,-0.3504173555671752,0.8560927852336712,-0.3713622288765603,-0.5419550628218172,1.3093259577070908,-0.4923934847862271,-0.6572631991111827,1.7746348945310344,-0.6151853986169264,-0.8637510448277621,0.13291390332566785,-0.25266252154541474,-1.2087896425606826,0.2060965583202749,-0.376966725968623,-1.421674892820346,0.23282033239592187,-0.47892177377208844,-1.6195641619065124,0.21775035314471047,-0.5597654407283111,-0.9065356504635278,-0.2683000643794621,-0.23256191383104946,-1.288601803386034,-0.4206353948921806,-0.3410055778325378,-1.5289508084984884,-0.5479090203479641,-0.42647450817253263,-1.744345135042019,-0.6886530031945133,-0.4961568736081324,-0.8399536240010449,-0.5958213318031047,-0.23405439640153602,-1.1850431179727836,-0.8490201933522222,-0.3492533178451042,-1.394821170900908,-1.0525636375082341,-0.41964430511637746,-1.5850622874475004,-1.2319921910358225,-0.4709225364503831,-0.7120954137313177,-0.8555183074742445,-0.25419033368593197,-0.9574672639725322,-1.1571375404511028,-0.35344808387553905,-1.1140598302343414,-1.3696076795431,-0.39333058868113807,-1.2656324390972526,-1.556000896048544,-0.4226804372208433,1.989918841677848,1.7273507575070997,1.9398851904641619,2.0620366750371857,2.0497860891830486,0.9653435584102468,0.9514612113144617,0.9584771056035526,0.9387892090344185,0.9638966605830777,0.9692048654355656,0.9568115252388141,0.9857162058062899,0.9648609812196616,0.9824771366674437,0.9911345166174604,0.13286222175418513,-1.21004760306951e-07,0.7427935284459356,0.2614465177214836,0.7213730767821196,0.3743045266826575
two_hands_open,0.0,0.0,0.0,0.16478419008376521,0.4894139521522871,-0.18704489261729687,0.43666823682397804,0.9396613363121289,-0.25796687076673314,0.6601191932298951,1.406062155178893,-0.3145913678409092,0.7865722329561754,1.8321233246207542,-0.36405987433587783,0.9679384368756988,0.3719948253080776,-0.06285240730299513,1.3246070353661752,0.48189869018115694,-0.1260548157893301,1.5360838497087081,0.530718094657479,-0.20374982458915428,1.7259206867400516,0.5640709464786987,-0.26733671807858544,0.999301489605679,-0.008587089874036538,-0.03637024552249213,1.3970565203095797,-0.0434882389098944,-0.08421183271039698,1.6360270126364376,-0.07633938405315802,-0.15791670558710097,1.830121514975709,-0.11554152761004016,-0.21698342145057575,0.9510181511131368,-0.3208763879881031,-0.035977431998501445,1.3088811155618023,-0.3525796890651336,-0.0873853269908985,1.5267248917122525,-0.370337977012209,-0.14166761404065248,1.7119218541664611,-0.3944524324720092,-0.18199475880668803,0.8341884535993626,-0.5859900551416239,-0.05804317346497878,1.1040298700148239,-0.636126667696071,-0.10540214590944796,1.2693244326191644,-0.674711712039067,-0.12426096736310596,1.4189753249078516,-0.7091642136789708,-0.13424260225943194,2.026798299382187,1.8353329862484509,1.8465579897105437,1.7661798460204792,1.59198804358627,0.9685024162517906,0.9499224836266005,0.9397551215404744,0.9821688171369414,0.9415371937792257,0.9807834143354542,0.9676792595354359,0.9821471429032752,0.9760400165406281,0.9854069949787914,0.0,0.0,0.0,-0.16560638783503842,0.3427888270771289,-0.20869132701715282,-0.3918723190087032,0.6362061289278061,-0.3470372140556281,-0.5991555803780249,0.9417131079910857,-0.4596790669287956,-0.7569370637022327,1.2760170381824087,-0.5746877738153091,-0.809598144006192,-0.15625436973633314,-0.25782026476142417,-1.1497023530656834,-0.22329193704858652,-0.37954500672154073,-1.3585073567726256,-0.2823615903119932,-0.47540109408863934,-1.544931367780071,-0.36440240239656824,-0.5478698346656606,-0.7972325188117844,-0.5547789821847644,-0.23799283996594284,-1.1483410768294047,-0.8243178874760384,-0.3429705062069772,-1.358966262966212,-1.028328546776467,-0.42535048337107506,-1.5381199510515646,-1.2233626719412671,-0.49062137094154157,-0.700524836502052,-0.8406624341477561,-0.23590554274316683,-1.0081014254288723,-1.190923341734648,-0.34727424145453745,-1.1869808440481238,-1.443844102294385,-0.4171742655233108,-1.3403286959906962,-1.653011833245051,-0.4659145429562254,-0.5609797549000054,-1.0418182739381197,-0.24959004067087043,-0.7695225744539184,-1.4054478877043763,-0.34745579390941594,-0.8948412283516454,-1.647550614549174,-0.38730281256708754,-1.010279803110059,-1.855452073252431,-0.4137443445700215,1.5910497281702922,1.6792151136050941,2.0256205322188805,2.178532876842209,2.152800979972956,0.9732622460087083,0.9527694650355454,0.9654176695317483,0.9526492367213002,0.9623172321313217,0.9793131852201592,0.9671914094989051,0.9873227516492422,0.9700017900010279,0.9856819883255192,0.9928584343048373,0.11929848879908427,-3.9388307475034186e-08,0.734355013333116,0.20770923821512707,0.6044453745992551,0.40061108470696927
two_hands_open,0.0,0.0,0.0,0.2243053257930226,0.4374175729616847,-0.16222868217089698,0.5432454356296527,0.8172626943120668,-0.22940207046170571,0.7774057611377586,1.218320216881296,-0.2882664060185561,0.926175113114111,1.5747376540991616,-0.3438277924038192,0.9799948956301551,0.11157204797733872,-0.06833876643885611,1.3353175881800972,0.11610400924853144,-0.14072131323037856,1.5425197706509786,0.09753826629659115,-0.2202575615184943,1.7245751418513735,0.09150938807797909,-0.28175502853778994,0.9644966613326957,-0.2579826217335152,-0.056490328035738814,1.3375777874965262,-0.41767644335138754,-0.10768368690196094,1.5597633703810896,-0.5203458527672076,-0.17561108336228237,1.7411661937103673,-0.6049533834323428,-0.23051388113909366,0.8798794951356154,-0.5538852123619313,-0.06899400577346361,1.219412219128589,-0.6980145368703522,-0.12125656588302,1.4181797534125808,-0.7753086987891086,-0.16848414362917336,1.5894172387786645,-0.8412255210649224,-0.20446055161125837,0.7354928278047821,-0.803450826343964,-0.10222902153273865,0.9955660634924917,-0.9375425948666789,-0.14936340330212625,1.1510582002264609,-1.0186859294390986,-0.16288278655102054,1.2930373187215805,-1.0918540083399833,-0.1702841907056137,1.8589826707688673,1.7498340733065012,1.8576234709014356,1.8098927187496292,1.7009078131218776,0.9462809579109289,0.9576937648959993,0.9391372456583661,0.9789612237341956,0.9529308016508419,0.9985586489405703,0.9736343323087572,0.9921867144098722,0.9736031634308372,0.9901175953786293,0.0,0.0,0.0,-0.18124378949310033,0.2849158973124828,-0.21622388065149117,-0.43453278195133516,0.5182642298467515,-0.34829947536716777,-0.6597753439937755,0.7834847306633304,-0.4530314494523872,-0.8308180948709707,1.079229379936014,-0.5573701736692853,-0.7800702425852827,-0.2792435611864534,-0.22802952505207888,-1.0898732552970314,-0.39232889176190483,-0.3421600703454631,-1.281500482596856,-0.4792196546738497,-0.4383339533648474,-1.4527129359470032,-0.5894510108136684,-0.5136885868095825,-0.7501555365867871,-0.6297723803223031,-0.20162693250498537,-1.0556704650960393,-0.9426396375046017,-0.3007400863557941,-1.2418520391351646,-1.178856808924689,-0.3833522876036425,-1.4060682912646285,-1.4085772865855375,-0.4492021503113479,-0.6443002126463965,-0.8694170462143503,-0.19649283270084528,-0.9039533575163816,-1.2362428769224239,-0.3030706695649703,-1.0581057575181114,-1.4963732325785757,-0.3751221821795326,-1.1980787107469726,-1.7213883375655719,-0.4269055137424718,-0.49495553325156766,-1.0355220125455205,-0.20936544656156436,-0.6578510170468329,-1.396128774069176,-0.30356744800626395,-0.7560254460298667,-1.6329403686586639,-0.3470341390451196,-0.8563508848251731,-1.8414611984324318,-0.37835690331314836,1.4716168902870854,1.649758567983644,2.0403187456446226,2.1402847295431546,2.065785596221878,0.956318211822403,0.9452448650348804,0.9622467769282809,0.9509008542586129,0.964250250468705,0.9809520762377005,0.9749108213062521,0.9853470895879686,0.9769058576066644,0.9795698138817351,0.9978429021674292,0.06564710651718957,5.644169848306878e-08,0.7330314355027621,0.19218086573219434,0.5347091235684155,0.43796934936403886
two_hands_open,0.0,0.0,0.0,0.23674554889548696,0.38148823751480565,-0.14361419896084235,0.5706538163010237,0.6574054288176543,-0.19516311193476324,0.8286974063649342,0.9544980364799237,-0.23990597072893133,0.9961822591179994,1.2368781939612066,-0.2808318778981692,0.9368426610745224,-0.09975973929327113,-0.04219921338608986,1.2579837696308978,-0.16629075243780922,-0.09858974882293285,1.4427371716174047,-0.23304048275742006,-0.16779082593436045,1.6078706041634938,-0.2880960037587303,-0.2245760270728456,0.8975575187723942,-0.4395926029373165,-0.03389460042452448,1.2257569590652804,-0.6602917093821576,-0.07498302538719062,1.4228680218266954,-0.7867189403385705,-0.13588559840391518,1.584821070803289,-0.8935548400469369,-0.1854791563184834,0.7963521122975444,-0.6959296936557938,-0.04849775124217764,1.0994542480923655,-0.9100399101057436,-0.09684039747641447,1.2767881121219107,-1.0197507193316424,-0.14272617810051297,1.4350276017710333,-1.1162287183157502,-0.17749390877471197,0.6404650255384697,-0.8975150528253727,-0.08171507124811565,0.8659750675351363,-1.1060533158762123,-0.1295000448392353,0.9950684580480204,-1.2294454599744264,-0.14543467199466575,1.1177046380976037,-1.3392653470212696,-0.15474991965811813,1.6127967335414557,1.64884249673844,1.8287975820363518,1.8266841153000897,1.7512403791002225,0.947794013761495,0.9430587183577441,0.9307674819002807,0.9894374916599914,0.9514829494147408,0.9958265912905099,0.9663381788411137,0.9898778537018912,0.9785571874806689,0.9853958215769056,0.0,0.0,0.0,-0.19230453276578374,0.24806377373300847,-0.17039736595891353,-0.45083065964534985,0.4297828083434362,-0.2767967559473025,-0.6772443123065732,0.635526234895997,-0.36582937243983354,-0.8506275120933988,0.8840390052762871,-0.45413140045454237,-0.7524648522533305,-0.37072088259154967,-0.164508325201904,-1.0507679869986126,-0.5184264467551769,-0.2611456395915415,-1.2291898944376023,-0.6255330613079016,-0.34461994815873936,-1.3855053715085468,-0.7490150369712207,-0.41086373616217153,-0.7037631950682613,-0.6925283336836121,-0.15849880855297327,-0.9881140880684738,-1.0183533541244771,-0.23913675996086994,-1.1547257749011839,-1.2596976809640972,-0.30877645074181764,-1.295961692260529,-1.487302710396902,-0.36480545532986025,-0.5908901180370296,-0.9046521927229171,-0.17291712198068934,-0.8250332406685557,-1.2820591765285132,-0.26646884585221514,-0.9575562830229659,-1.5500132092301346,-0.3302824029389911,-1.0765096814268629,-1.7765859851331307,-0.37596883557074434,-0.4387156478296452,-1.040101610945554,-0.20268620298899587,-0.5736117910305669,-1.404072479770985,-0.2897819547098294,-0.6525097158956455,-1.6513287908037846,-0.3292339153284499,-0.7332866990422465,-1.8651668810166357,-0.35659214393989336,1.3081771501057862,1.6277154756839949,2.0061577905038206,2.111038470065774,2.035611660939593,0.9598197126880128,0.9315464807024297,0.9602105675923951,0.9572043565756962,0.961451797643612,0.9825708336163749,0.9700987225137863,0.9868995257149202,0.9735043990649912,0.9806583505229328,0.9997470166521286,0.02249228079065807,5.158037782870327e-08,0.7382090969330282,0.19148357035414268,0.48874207317859525,0.4908065389298561
two_hands_open,0.0,0.0,0.0,0.26905252491007664,0.33358586741208013,-0.11060890650416176,0.6091995615446868,0.5108726875230478,-0.14532237929757522,0.8718492070998733,0.7161255868347187,-0.18110210646266958,1.0337243131373224,0.9579377536410196,-0.2142024591409144,0.887943004139001,-0.24878938901997336,-0.004353497735586625,1.174067795989198,-0.38018651286296545,-0.045052731773374155,1.338958947407062,-0.47998258247971015,-0.10073411914704725,1.4823508654324742,-0.5655219932814073,-0.14738634771511613,0.8275527091914645,-0.5613414060922347,-0.007234591644340247,1.1155271073032613,-0.8383169622795611,-0.03400788008001355,1.2898442306080717,-1.0072968168709642,-0.08247345850030544,1.4313449370727698,-1.1475744359594213,-0.12214273057385905,0.7139133233078756,-0.788581689569678,-0.031145506226574436,0.975672859401882,-1.046588481892439,-0.06591249968036617,1.1302388494877733,-1.177887216656744,-0.10386988987415993,1.2650310741562047,-1.2848423792083705,-0.13326838734733973,0.5514379896815765,-0.9603091201683842,-0.07163339771125754,0.7210247124470304,-1.2258685617407754,-0.1079006319194747,0.8276356487453991,-1.386588883564047,-0.12203739598514067,0.9280169029926821,-1.5217071745180448,-0.13022819361436488,1.425522146065801,1.593393218457447,1.8386392418262683,1.8080055367882002,1.7871114905432959,0.9418319176756785,0.8995187468945727,0.9398665567073055,0.9965930250212962,0.9585591574461063,0.9964986107999464,0.962888438394448,0.9883793405767025,0.9857102858207496,0.9813622408741941,0.0,0.0,0.0,-0.2181972247227829,0.20470735375041513,-0.14879098364924923,-0.47839645797356506,0.32673773898805597,-0.23712301359182325,-0.6965006434083144,0.49057221781850036,-0.3104820492368082,-0.8710384940609383,0.6904329954020316,-0.38262087324291233,-0.7219468886854911,-0.4498232117731305,-0.13203358939699303,-0.9985854484449709,-0.6363628553179169,-0.21670945746561834,-1.1640764670250778,-0.7660285179859563,-0.29097132516634017,-1.3048955584263464,-0.9032383456455209,-0.3487527831816216,-0.6572237501215347,-0.7426332660080044,-0.12865758622977183,-0.9080802423215866,-1.0919432171183308,-0.19461515554717268,-1.057680260611229,-1.3415037656258917,-0.2547629219635797,-1.1821365489418867,-1.5680790681304297,-0.30287939061005464,-0.5376528502051358,-0.932866817025472,-0.14500732285451343,-0.7403083848638288,-1.3226096332867703,-0.22585108363522574,-0.8525858854437275,-1.5877561893891117,-0.28100292587080294,-0.9553351169251606,-1.8097333416363819,-0.3195274705804756,-0.3840403061709221,-1.0468666454906548,-0.17524132378714893,-0.4923867591993204,-1.4135203035263482,-0.25104572026086935,-0.5564550443128868,-1.6571461566196979,-0.28263159512368025,-0.6228757369872069,-1.868828016170557,-0.30315169568605227,1.175501812808869,1.624875512530788,1.9869712402320643,2.071206836102168,1.993086372525954,0.9360820512403029,0.9358802317147743,0.963790869627689,0.9631494978722237,0.9692939702052494,0.9866370092282435,0.975197998257534,0.985257482698835,0.975493712370308,0.9819111065005244,0.9998649417861608,0.016434664187219408,1.0221497856984629e-07,0.7332663541339411,0.19711882739842837,0.4404869295675936,0.5457369036217358
two_hands_open,0.0,0.0,0.0,0.26722758343235403,0.27045792136518826,-0.08746074962661354,0.5979823488264179,0.3616676740266766,-0.10657515725902973,0.8613745906286112,0.4952071855875116,-0.12925677405917968,1.0278276101934913,0.6651699184689661,-0.14720958932704192,0.8273216718070471,-0.36861330097120587,0.04182226319431727,1.0614943618943986,-0.5373542390077419,0.02703030836923042,1.198895672786262,-0.6549586553030355,-0.009979199466946193,1.3116617251209164,-0.7493920193632392,-0.04290220569751743,0.7550807453609721,-0.6545965755807475,0.036829216976167777,1.000882652006527,-0.9515572976234817,0.041936810464917734,1.142799837594699,-1.1204057320814613,0.01763103596674528,1.263087948816761,-1.25459855026082,-0.004667788490989136,0.6418127013943556,-0.855128266983533,0.010826471049107632,0.8756933958387155,-1.1266168215002024,-0.0008897943803994464,1.0099856385985748,-1.2727813329177626,-0.02552884130510841,1.1256692129984178,-1.389998172723346,-0.046954333912997144,0.48382601798272296,-0.9972285424241994,-0.030192533590625226,0.6123477913397468,-1.276558313856663,-0.05163726688881668,0.6952616133790008,-1.4396580600699065,-0.05901028099492817,0.7757461956678715,-1.5712783953532632,-0.06247218787258567,1.2331063538486497,1.511252950066998,1.7802894363030075,1.7892542599474037,1.7534539429522202,0.9360791025314081,0.896342003167776,0.9452886644743783,0.9932626102421193,0.9607742404969587,0.9890676764750792,0.9693645713121993,0.9885658902584483,0.9844555919953707,0.9743847683893665,0.0,0.0,0.0,-0.21913564030032384,0.13689714291224606,-0.12241365512367404,-0.48101097833087586,0.2133226949984029,-0.1907874319154597,-0.6922536631937535,0.3353409351729204,-0.24863790711924935,-0.8578838135270763,0.4766689893912155,-0.30579902456491065,-0.6533479370578176,-0.5508317894352687,-0.09673802257586668,-0.8990164650125709,-0.7556975807711287,-0.1642886472772702,-1.0427397527115891,-0.8898123557263741,-0.22715001059092949,-1.1681463216644978,-1.0282274936439704,-0.27849202904916975,-0.5777543890258708,-0.810030564237523,-0.10025143870480258,-0.7973251045565252,-1.1689216216010108,-0.1504229601335173,-0.9275133771072361,-1.4153646762543086,-0.2045147255719581,-1.0356442633657557,-1.6360188270519618,-0.2503265460787943,-0.45334761676635793,-0.9636464007607788,-0.12129274197888477,-0.6207343060183431,-1.3529196532593657,-0.18657935812648566,-0.7165317889317547,-1.611143503856214,-0.23861722631996563,-0.8066096305914561,-1.8288559996753357,-0.27796990011087475,-0.29764403772789083,-1.039822068110084,-0.15429232347399727,-0.3805570563705745,-1.395514884362461,-0.21842078218132147,-0.42913908244553034,-1.6272657732474463,-0.24709176947366707,-0.4823569278882133,-1.8285799537205467,-0.26794060093006605,1.0279547686468764,1.5809413074961325,1.9523780428960509,2.018068539242165,1.9100170205150413,0.9257274253029651,0.9431076815031401,0.9634564412701809,0.9712503057203463,0.969456516758934,0.9902226700030271,0.9807472851442065,0.9865630744037156,0.9816247574960736,0.9823356408063485,0.9997996588927999,0.020016045509394852,8.243896478334745e-08,0.7276866063774372,0.23219861384123947,0.40386444260442356,0.6049498953473239
two_hands_open,0.0,0.0,0.0,0.28045158634957307,0.23918073694070635,-0.06626579018458598,0.6133675682257134,0.26781759664901733,-0.06638758503515702,0.875012264458997,0.3627496641685028,-0.07294295852590113,1.0303414328437972,0.507697147780537,-0.07537208741797566,0.7807937836266553,-0.4588219680996558,0.09293379571201035,0.98872092595823,-0.6524100241203419,0.10724539485149615,1.1079428583548527,-0.7754278621206284,0.08755715475684545,1.1997439077961867,-0.8684860760378039,0.06589014347339453,0.6853717199153312,-0.7227183433074951,0.08912800787165938,0.9012479675603929,-1.042006196556306,0.1224008728438528,1.0236213241106065,-1.2156585183979003,0.10953827719770189,1.1260160060898528,-1.3505320358471686,0.09450953908646753,0.5614540115453623,-0.8918839575560115,0.06464921074736084,0.7622210000200078,-1.192788691028179,0.07683280753477287,0.8831115985487249,-1.3467681790491026,0.05650480411255304,0.9878884081565624,-1.4682223858700165,0.03588352595121567,0.40571584531724675,-0.9982465570877173,0.02639556938202012,0.5118164208250592,-1.2756863068549564,0.024445003254738334,0.582595832416374,-1.4384799675592201,0.02086606477871866,0.6537150114232868,-1.5684836940359967,0.017939637559106148,1.151104171507012,1.4825636645933797,1.7609034268801846,1.769996640893604,1.6993546555127057,0.9162054882743684,0.8717533551827245,0.9450739909032849,0.9838932474961395,0.9529349225908476,0.9856280822321533,0.949921514866185,0.9834532472887682,0.9850810969661637,0.9712126780392004,0.0,0.0,0.0,-0.23319864676419716,0.08590816380760796,-0.09299138334613818,-0.5064811180067952,0.08654862025512919,-0.14530173429927642,-0.7184908800680231,0.1526957780858225,-0.1917161334527239,-0.8819925789293871,0.26405557298253013,-0.23995674587399424,-0.6001185048667987,-0.6259527877935003,-0.07797682228184727,-0.8212502247034086,-0.881340448774553,-0.14056451315144394,-0.9483542872123774,-1.0451671682237322,-0.19712893969100453,-1.056772799390768,-1.2023628532758301,-0.24317157734696168,-0.5062097964726189,-0.8574458444787268,-0.09240273665488828,-0.6936209682464917,-1.245037995015422,-0.13821218432720087,-0.7983908939245369,-1.5008873204004152,-0.18755763634492542,-0.8878198478576971,-1.7263792313589352,-0.2290578655239037,-0.3736119644210985,-0.9832019009958868,-0.12107757817398059,-0.5105755172453615,-1.3943714996328878,-0.1816400651464941,-0.5854543623837991,-1.6580425775608718,-0.22829597180004654,-0.6607389610122052,-1.8808991798138008,-0.2638032422075785,-0.2167490414679813,-1.0257155769311725,-0.1584624415216531,-0.27483347686052073,-1.3791158073919514,-0.21626895051929976,-0.3089816512542966,-1.6070070952872135,-0.23822114207911668,-0.34994776224328894,-1.8038030675727015,-0.25440486333114143,0.951428134332846,1.6191286534735914,1.9547574884051218,2.0109574460497535,1.8549638210408068,0.9061983336114037,0.9076780263364574,0.9687186349719568,0.9802995664968247,0.9702782681347006,0.9958352830076335,0.9830089842279378,0.983457264350936,0.9788169384004157,0.9814894430303471,0.9987888732696537,0.04920149014750966,8.95271718839533e-09,0.7186891010064219,0.27467988820384837,0.3654192252752784,0.6716653438452672
two_hands_open,0.0,0.0,0.0,0.2774775438699963,0.181980059506882,-0.05306207495807741,0.5949820559299323,0.16246972235136642,-0.05058809883304582,0.8453133397010386,0.21382268313183506,-0.055077969079559495,0.9948622047149133,0.33136308006508886,-0.056281470199350425,0.7143233113122588,-0.5443905884558412,0.0911236470041919,0.9073283050784464,-0.7547808161023427,0.1043623042374853,1.0102126406159742,-0.8827896714171647,0.0823547129363946,1.0887438344514657,-0.9857591868149249,0.05977004867549643,0.6156390262756279,-0.7834261441139798,0.08504155481350643,0.8091422856139212,-1.103928303862675,0.11754126387353292,0.9172725046067777,-1.2804535573917093,0.10134508531651279,1.003897127540389,-1.4205584409962977,0.08283140896652878,0.4936862393618143,-0.9370799949996378,0.06131123744946617,0.6648133107742442,-1.2472650187545706,0.07940307213489559,0.7692879957939374,-1.4068380156871096,0.060428587080069714,0.8574426833229591,-1.5307182104985075,0.03915169833537815,0.3433013181553127,-1.0293832346040288,0.025400686302112414,0.4308350957575958,-1.310299945839463,0.03333822245088917,0.49142519000595486,-1.4730123941822373,0.03487003747412235,0.5523368443284011,-1.5987245661595553,0.03390575767652572,1.050104709582926,1.4699172664353508,1.7414524883788982,1.7549470221685821,1.691787761052885,0.9156765460625587,0.8523385026674147,0.9392004729920458,0.9851062250748894,0.9475439622307748,0.9891469752817258,0.946502354953367,0.9823517250567965,0.9817481586548537,0.9694341476655329,0.0,0.0,0.0,-0.24057305844518215,0.05092664624127255,-0.074610085195814,-0.5129454696131739,-0.0011515451323602704,-0.11057418849915088,-0.7168591670121418,0.015780586711925098,-0.14307835634069277,-0.874648235011756,0.09219494931604619,-0.17560710440094973,-0.5515493862885735,-0.6935109220912504,-0.040204377107837974,-0.74654321141028,-0.949486241869141,-0.0862025852213808,-0.8539457363711895,-1.116362713092531,-0.13208192302326455,-0.9434118643084332,-1.26629416547575,-0.17049026227672884,-0.4495985208371794,-0.8914971766951005,-0.05562332249771987,-0.605684894505392,-1.2740339571297614,-0.08581829097688223,-0.6903110349878392,-1.5172269878634972,-0.1239640217321551,-0.7638221415188474,-1.7216366044791391,-0.15660994652843999,-0.31712618638000134,-0.9899392123292159,-0.08521611157538268,-0.4271118636412194,-1.386309722597351,-0.13200654272701778,-0.4870736747479454,-1.6335903473385907,-0.16948710457355723,-0.5516679006257369,-1.8373411162895747,-0.19768961907749788,-0.16655337582654084,-1.0055006050486204,-0.12271786648937483,-0.20466344440960538,-1.349208176504808,-0.16758253315035646,-0.2281557475345051,-1.5608447513756873,-0.18358053038662156,-0.26011043458272304,-1.7416139794762069,-0.19505337983320023,0.8968541123307928,1.588267543195109,1.889969189460119,1.9285333898276262,1.771700457941499,0.9139066922860603,0.8842420515044558,0.9632821216066856,0.9889511614680486,0.9711434368279208,0.9966773832760407,0.9852587121275158,0.9776915770529001,0.9828025638610121,0.9791571850184794,0.9975032239210792,0.07062094779208967,1.0638313122121297e-08,0.7073639472804575,0.2931791390402201,0.3369218239693986,0.7165689152988408
two_hands_open,0.0,0.0,0.0,0.2793741775149275,0.13995942809465844,-0.042029436600457735,0.5784992973396301,0.0801018964359875,-0.03622790061223158,0.7977439593930747,0.09289260139018674,-0.03973019574714424,0.9302616973221688,0.18706109716864072,-0.04126068608481655,0.634831231547385,-0.627501119922277,0.0804896671379874,0.7950250694566426,-0.8738538565236945,0.08741012908449197,0.883786242807689,-1.018303446849699,0.07177913401608052,0.950619596079047,-1.118857695676918,0.05643806982984412,0.5352589686853509,-0.8418324153174296,0.0693975573252927,0.6961516686796553,-1.2009460812208506,0.0919727610741906,0.7883583257340357,-1.3921477318111224,0.08231535841436256,0.8665653424213696,-1.5419258344430224,0.07333509320740123,0.4210320526117643,-0.9676460784137267,0.042477416029957166,0.5611770696542239,-1.3114890685317315,0.049459955761085014,0.6521283348030762,-1.484622935835948,0.037001142153192904,0.7323063155969745,-1.6175112591033396,0.02538863925688955,0.2771906631032026,-1.0336647839027189,0.0053321239409040615,0.3333540740135289,-1.353538949561067,-0.00283931975709553,0.38323175554810673,-1.5399305754869692,-0.004338931609570298,0.4373839084551557,-1.6890864929490381,-0.002212091832015056,0.9497795132528644,1.469253353016787,1.770268004428825,1.7757420410050002,1.7447987727496435,0.9178315817485235,0.8218964270989875,0.9623532325051173,0.9842789732946814,0.9660846138578857,0.9895820180195879,0.9595742103373185,0.980880829665385,0.9715571533237253,0.9715639576820874,0.0,0.0,0.0,-0.2432672746172235,0.008527140581622355,-0.06937714972535661,-0.5028011873018949,-0.08499577483365191,-0.10383204927222187,-0.698328514223352,-0.10142845300500106,-0.13562747504832268,-0.8532717147661745,-0.06071709536481145,-0.16835028882838404,-0.4912182913950904,-0.7488884976280055,-0.03704574916748338,-0.6652203821112046,-1.016960024871637,-0.08251977245478848,-0.7580169547612061,-1.1842421219802617,-0.1273830629470732,-0.8334203303917928,-1.3366754267957868,-0.16426789078241721,-0.38074473206601833,-0.923087719622855,-0.054244915756716874,-0.520333963850884,-1.3129330149666376,-0.08617944904433432,-0.5986607919350186,-1.5533019746759238,-0.1258127794578134,-0.666684092881053,-1.7537634269425924,-0.1593424202500585,-0.24734617214971166,-0.9972696089910771,-0.08493685633947941,-0.3359769683815184,-1.3972971538406285,-0.13219527670869322,-0.3879287779957656,-1.644304299881777,-0.1706279654528648,-0.44523554633941465,-1.8471413604610338,-0.19946684927596003,-0.10235479361122783,-0.9897961505296297,-0.12265874790579526,-0.12835936404053888,-1.329239895157541,-0.1654142124758344,-0.14803544711000505,-1.5399471023083626,-0.1808172297671398,-0.1772344703749284,-1.7219278279507817,-0.19275909368409658,0.8718377169164843,1.5837533215915185,1.8829614558649905,1.9104849963321024,1.7417243095158006,0.9166423161736551,0.8925329084886466,0.9643336359648023,0.9844315132130367,0.973391681203545,0.9961549806787228,0.9879691673621276,0.9780301023491063,0.982543467863661,0.9788941116270552,0.996785274018162,0.08011939528309042,9.813150834356469e-08,0.6798670771359884,0.32757689881340624,0.3179472544397069,0.7685544073663287
two_hands_open,0.0,0.0,0.0,0.261003150782551,0.08591177731969113,-0.028288413768917255,0.5176008026614602,-0.02762464016162466,-0.021916975018718806,0.7025820017128382,-0.05384333933470152,-0.026872959471909985,0.8233128881111861,0.03360106865520236,-0.03081060049903414,0.5482192727472525,-0.7100053656398287,0.07806527507088651,0.6694847716320588,-0.9871163569453102,0.07727323291378867,0.7407434496537887,-1.1473428639162555,0.057423462985081615,0.7985335993638344,-1.265360142691636,0.03767416805407578,0.4537438120520387,-0.8891297501257969,0.059706284976726975,0.5706925397357877,-1.2537561315832497,0.06767523301985473,0.6419310013189541,-1.450408842185107,0.05050164924398214,0.7072039288226577,-1.6129983138834896,0.036519405785285085,0.34900716102324886,-0.9850446212467359,0.027695161998984398,0.4396184741141339,-1.344533444097451,0.0237495554844783,0.5090143196357797,-1.5289039943906622,0.005622138815152048,0.5759710518447324,-1.677348024026124,-0.009144827554884272,0.22196015380668183,-1.0130357405140988,-0.012770153562037959,0.24619988827148162,-1.339586144640306,-0.02777557958129328,0.2820779456334522,-1.5371093975494197,-0.03483240122617501,0.32595547926470075,-1.6999759467696705,-0.03778282898380149,0.824574094092135,1.4967336245852585,1.7616000183163296,1.7735057581351346,1.731355750914334,0.9108400318649463,0.7557416032528855,0.9649037166374487,0.9835635225201418,0.9652272916444633,0.9891208482939235,0.9557488335602075,0.9797901927529185,0.9662475301097013,0.9728502304843611,0.0,0.0,0.0,-0.24215836765343915,-0.03079410814862687,-0.060378260725927224,-0.48708098148314044,-0.15604458866270643,-0.08951087789840105,-0.6725757556727073,-0.20764715988787263,-0.1183906462919182,-0.8204402648091265,-0.1987108406206716,-0.14810561824347426,-0.4423749972787782,-0.790433906390618,-0.019105821643933273,-0.5870218185449684,-1.074972777880741,-0.06237747916557068,-0.666338936028608,-1.2535180886977562,-0.1067090394485523,-0.7272019909304651,-1.4137564195195849,-0.14263917467106202,-0.325281719175536,-0.9448100842893024,-0.039060309720341614,-0.4379187078465905,-1.339906608895733,-0.07034506185327204,-0.5031292779713258,-1.5830916410604525,-0.10957022335487432,-0.5557138385860917,-1.7849627609408842,-0.1423830211201211,-0.19116592478088798,-1.0041788966551388,-0.07285489454220948,-0.25237882689165514,-1.4057282785713807,-0.11968762766264332,-0.29342231440557637,-1.6500010528291953,-0.15692291176378206,-0.3377605381879874,-1.8512679794577183,-0.18414082498178463,-0.04979722150120984,-0.9845673815246918,-0.113182595422077,-0.05457422219338555,-1.3186628331601118,-0.15389846537700647,-0.06699973321040156,-1.5277145616078778,-0.16828853519442724,-0.08892701672555292,-1.7094557622888913,-0.1794946932601844,0.857055132681396,1.5962067170316352,1.8748820904379788,1.8908154739020606,1.721152335627201,0.9349390640155965,0.8948618312212407,0.9674531924892775,0.982090035327271,0.9745070827221566,0.9976999187521542,0.9880426981994881,0.983135337597854,0.9779814626649533,0.9805719996513846,0.9973758048661507,0.07239823110793325,2.0057664925069757e-07,0.6479767722824047,0.3685973397742845,0.3157018211396234,0.8292087054453243
two_hands_open,0.0,0.0,0.0,0.24958282660885633,0.05458108161887001,-0.0070627549657647755,0.4794240794026155,-0.06651718722983219,0.012037164526112035,0.6478474814105409,-0.1067408006166106,0.01591344041014761,0.761979080608244,-0.05698154577093362,0.019815239580704264,0.47718035376854545,-0.758690981480596,0.12142324386069789,0.5717608851954775,-1.036604542698652,0.1357778110553073,0.6233957226438391,-1.1777781009158497,0.12222468640037863,0.6665752594920618,-1.2777049006975838,0.10712046912199037,0.37984804392535937,-0.9200361820078764,0.09617113559924347,0.4746618682622313,-1.2953234100394804,0.12187334463820262,0.5354548548229976,-1.4918841808217755,0.10925155613249361,0.5920165613495935,-1.6508289171969923,0.09662382118739582,0.27683882994836156,-0.9978919986172736,0.056660734028058594,0.34190445351366,-1.3685545054365578,0.0639842553501009,0.4037454433021051,-1.5603507552476774,0.045164389952010706,0.466006052351003,-1.7194941370709618,0.028387310376748437,0.1546931078316928,-1.011259539367301,0.010168582738702074,0.16859960909973284,-1.3372320999846172,0.0019008452539446186,0.19794666925718532,-1.532806133051179,-0.003305698746634047,0.23973480803339525,-1.6974604411671157,-0.006529861190827807,0.7643635650413162,1.4451045584103757,1.7564327159293194,1.7817484580152168,1.714318338756615,0.9187304673090522,0.794566970890321,0.9552445499173575,0.9763232456635814,0.9560941059019264,0.9860136699588753,0.9433180893061913,0.9806090491795131,0.9661708925257109,0.9682183085118944,0.0,0.0,0.0,-0.2336617542349629,-0.03748514388363478,-0.06172610922225222,-0.47664318298866537,-0.17977347554471862,-0.0898650457530021,-0.6621683741374141,-0.2525796782007484,-0.11656518746314479,-0.8053125252061879,-0.2680948422032347,-0.14362439496392274,-0.4225160955709663,-0.8026111733387612,-0.01702268764864978,-0.5598778602956915,-1.0888877359861637,-0.05663094575681745,-0.6358437837406666,-1.2652716717141428,-0.09986405733293265,-0.6956969925586561,-1.4224084489464133,-0.1357407059846464,-0.3077827797872361,-0.9508148331376981,-0.03494157340150892,-0.41012321290236825,-1.34669529470366,-0.06325938843032171,-0.47127051542679554,-1.588038059850992,-0.10011859803479348,-0.5214353662787881,-1.7832429365495945,-0.13144128958093426,-0.17693421110838087,-1.0027034853399055,-0.06699033853196595,-0.2316945964268767,-1.4021287441238042,-0.11042777408323488,-0.2698187493146221,-1.6450373034296695,-0.14722466391682415,-0.311134774387746,-1.8446357107553428,-0.1750128567391981,-0.04088811536927895,-0.9791018220897704,-0.10574227651939269,-0.045998283701058996,-1.3062287433678772,-0.14583434076357815,-0.0550277495625196,-1.5120932886405125,-0.16190707766736717,-0.07209844888980868,-1.6936214477978095,-0.1748070454975564,0.860831617971074,1.5892342937246573,1.8625592673971518,1.8788600941132356,1.7041447408975123,0.9496018698880992,0.9147609584348584,0.9664961831006198,0.986238789882434,0.9751768016066298,0.9974722497946967,0.9855158656699966,0.9841828066296808,0.9833614854144531,0.9839854127188206,0.9973325242365378,0.07299202764655456,1.4269160120072333e-07,0.6251968933459146,0.4095361729506667,0.31370154331302114,0.8654695704701404
two_hands_open,0.0,0.0,0.0,0.23341597898551292,0.042304852387316655,-0.0005464943933727143,0.44277977007812425,-0.09387672539292162,0.020200757898869753,0.6008619459284074,-0.14544318314174903,0.02485068151285312,0.7117045625002623,-0.10435373098558605,0.0296043191400008,0.42668649337632564,-0.7907866980717777,0.12748738349383898,0.5104189265529956,-1.0753472863031468,0.14600669523198065,0.5566735589287227,-1.2324052204865237,0.13727204850749342,0.5948411551379901,-1.346637029665177,0.12486057781246818,0.33050113571399825,-0.9386450857363147,0.09856166757327019,0.41331969015688863,-1.3136716540318323,0.12498753850761787,0.46776944722435554,-1.51205839472094,0.11508811066470515,0.5186787094106593,-1.6752857143407105,0.1043093601953246,0.23186364147766,-1.012530849209227,0.05576344129455727,0.28750118096671506,-1.3810247766437134,0.06294469115158448,0.3487239079910012,-1.5757652083342246,0.043301344717732886,0.40674307741082344,-1.735198707360778,0.02632742203609141,0.11632718863615904,-1.0274693765557807,0.0066856959486037235,0.12132817827022785,-1.3574125242114201,-0.00033148643540642655,0.14948794673403779,-1.553622656591359,-0.006405953843296525,0.19196435445606727,-1.718873441058629,-0.0111119981324405,0.7199232606091046,1.4774496449635814,1.756840991921104,1.7824274510339007,1.7295952405869306,0.9151200745670703,0.7867271092249575,0.9631869660172563,0.9805564536597546,0.9595017753308832,0.9880674778638378,0.9386444391445192,0.9858791216990085,0.9593550556189688,0.9652891244707579,0.0,0.0,0.0,-0.22369666062742066,-0.05063549477397317,-0.04879778170358937,-0.45656141901605235,-0.21055586534849255,-0.06952512705467727,-0.6346774850028563,-0.2923540362444361,-0.09116567462429027,-0.7717294451619614,-0.3113581763258035,-0.1131855233472743,-0.40126521072111143,-0.8199853357141653,0.003524337987365709,-0.5286071441227609,-1.1015878027793828,-0.027781000823239255,-0.5961103082311652,-1.2751113360792252,-0.06594239364511843,-0.6476953685506773,-1.4284924507912697,-0.09911640437027595,-0.28806226483889574,-0.9574135837234694,-0.01947719891742753,-0.37994023229614726,-1.3523546341115433,-0.04087994933933808,-0.4333927646244827,-1.589552237943804,-0.07433148140685943,-0.4789965345409984,-1.7772768353949526,-0.10374640289109857,-0.16020592308113168,-0.998429373239361,-0.05621257996125348,-0.20552869277737235,-1.3940413685569206,-0.094560503362435,-0.2380309826151457,-1.6329606677741582,-0.12941580793132557,-0.2769207509504662,-1.8298394992053995,-0.15676365517000898,-0.0288792906796032,-0.9620340508947732,-0.0987889566034657,-0.02558571151456842,-1.2832485479071447,-0.13576042768761765,-0.031144260054514972,-1.4873489608461898,-0.15111147437698846,-0.04755504537836641,-1.6690964063364668,-0.16427711324129712,0.839834039075766,1.5715991963681255,1.8436143701562497,1.857302489833441,1.6778352916544401,0.9444719419301255,0.9064231142367212,0.9636274325515214,0.9854800395527693,0.9731769031550996,0.9930343001204409,0.9834536124359748,0.9809695325877499,0.9826936416298527,0.9800338715236336,0.9982136445230224,0.05974545914160714,1.5361118967110294e-07,0.6028517789264256,0.4301484809848132,0.3147553582180005,0.8921282158856634
two_hands_open,0.0,0.0,0.0,0.2259812357929446,0.032831232272634216,-0.0008989279435402135,0.42720996102886916,-0.11260627421442991,0.018328309923252337,0.5876678064899097,-0.1666679193998812,0.021325840730626457,0.7046962735679569,-0.14316610497127724,0.025248252511351914,0.4127892176347161,-0.7981177567423869,0.12851934224183895,0.50781275368468,-1.076230551102857,0.14886867736212744,0.5602524782498312,-1.2372549512203594,0.1417957872195278,0.6030039778195467,-1.3568788584122575,0.13004791685479947,0.31593061461570876,-0.94369012634474,0.09816716451028389,0.4005883707875807,-1.3247293921203553,0.1268185445152789,0.4574291247490979,-1.526276109249415,0.11930784864103125,0.5083456195565381,-1.6886127523133598,0.10981266605016146,0.21640746628366309,-1.014384421182706,0.0535281920707153,0.27550061783119073,-1.3892013036558755,0.06183234587873686,0.33791848529774265,-1.5887390030723125,0.04264037437663392,0.3959528156214727,-1.7502540501040447,0.025723396308508065,0.10034782170515948,-1.0258774796225405,0.0024324786401471866,0.10736702034729681,-1.3595659708919055,-0.003256416025385605,0.13658210711870916,-1.5583434051404088,-0.009706663852390433,0.18031479254001048,-1.7271562851369389,-0.01540674783235584,0.719535159563512,1.4905188674923309,1.7668862775579717,1.7946669789188825,1.7366115355990088,0.9024959986803868,0.8334587761160872,0.9644124542116556,0.9815738572602686,0.960926260377239,0.9887991303504107,0.9409927551663685,0.9865900764709505,0.9599685799483998,0.9657807201765335,0.0,0.0,0.0,-0.22235938297607757,-0.06079844722168955,-0.05156918297759402,-0.4540890039599666,-0.22113066549294863,-0.07666805926001334,-0.6323813105811873,-0.2987310329436105,-0.10254969274083077,-0.7717783676943699,-0.3138178381809783,-0.12946426146647885,-0.3938437795956414,-0.8263490234230224,-0.005918149955458647,-0.5203199589560288,-1.1109333575854594,-0.04223767858677104,-0.5879943828660144,-1.2856228882761855,-0.08328539159050197,-0.641186739912632,-1.4400550282204754,-0.1179399016133238,-0.2797395998128107,-0.9596221476349396,-0.02951423495662405,-0.3697792059691682,-1.358943536943213,-0.05555889099667438,-0.42285363592951153,-1.5984505527117092,-0.09133571904764612,-0.46770358262553013,-1.789290715091773,-0.12218730682364687,-0.15144982599929846,-0.9974852248036393,-0.0667562100750431,-0.19160089553134604,-1.3990213675479954,-0.10872997720371735,-0.222917984963693,-1.6434268055238164,-0.14544598070757067,-0.26037348957105855,-1.8464706627714649,-0.17379875559230504,-0.020167186869917732,-0.9590064441108123,-0.10990020957596701,-0.014236281988817056,-1.2818353599105279,-0.1486809068847392,-0.018980674870297528,-1.488941391501078,-0.16456613797695172,-0.034506499892006076,-1.6737570314447094,-0.17818586302193823,0.8431396559281443,1.5807557496765348,1.8534394088459436,1.8728198712082635,1.683568680103748,0.9368577528492323,0.9031805402369398,0.9648174374735603,0.9880245253900486,0.9741014542291704,0.9946147429656373,0.9833996579415788,0.9822973712243833,0.9810710964962139,0.980640237994591,0.9990344384628661,0.04393393637247597,7.113975078566653e-08,0.5931616355803953,0.42441284986387834,0.3083865603364709,0.9025371794161381
two_hands_open,0.0,0.0,0.0,0.22348745835407913,0.05272218012248663,-0.02321769370543025,0.43667448695039746,-0.08785737359039072,-0.01938319996628191,0.6037456018853709,-0.14526095974803907,-0.026546007472935673,0.7225588194409873,-0.12562105155325598,-0.03269345788314118,0.43552423742146973,-0.790046588444958,0.07418461993240666,0.5442802208340131,-1.06961199776149,0.07263334412128633,0.603709889376187,-1.231198942037684,0.054620070198576794,0.6531104775018528,-1.3543958153218314,0.03802191472236246,0.33685254640282297,-0.9401665308459104,0.05115912684067112,0.42895324527921525,-1.3183277147121797,0.06149691574459021,0.4920549485080232,-1.5253689053016501,0.05037220211160835,0.5502867143264996,-1.6970455098028758,0.03995869187039655,0.23383630813962908,-1.0144859056711184,0.014085975164948772,0.2988889441170727,-1.3892930714586087,0.010614292721411416,0.366319200644597,-1.5892222144369317,-0.005222691119917949,0.43122120870753816,-1.75011221704617,-0.018184949771372447,0.1143128936605803,-1.0277758887283495,-0.031113062957458172,0.12772474839409062,-1.3603358134367884,-0.04381822971327182,0.15918675692583173,-1.561538666060144,-0.04898316162407144,0.20457220736252052,-1.732399141133702,-0.052194884250709436,0.7341258463871545,1.5041233281826134,1.7844818932570738,1.8025468636048378,1.7452165705630658,0.9178720219092984,0.8426434553954761,0.9679165282602679,0.988827208342303,0.969288061258636,0.9899047424439095,0.9469060535493209,0.9815453488959988,0.9632480152029418,0.9666592882157445,0.0,0.0,0.0,-0.2216730737250285,-0.05517938273638356,-0.0499213097117108,-0.45429695788958874,-0.22333294066172918,-0.07416718107698965,-0.6325063080935428,-0.31221479396588486,-0.09966782092993878,-0.7723679232544002,-0.32593771484640494,-0.12640657917081113,-0.3910300766347003,-0.8256042999137817,-0.0071652923487493785,-0.5248375717297293,-1.1109025316169863,-0.04490643957925015,-0.5952755839048267,-1.2852644230198618,-0.08679668171323567,-0.6503028259904188,-1.4398429515556133,-0.12181406646064524,-0.2774873431281346,-0.9601971641175969,-0.03197155648718772,-0.37518630679110315,-1.3652602466649482,-0.05892072263124406,-0.4306245773651415,-1.610127722248586,-0.09509347726462432,-0.476572712112901,-1.8027633847478568,-0.12585937029058014,-0.14834169459570978,-1.0004476936760422,-0.07004237391140186,-0.19529263107171083,-1.4063357350655599,-0.11242677843976785,-0.22851069741482394,-1.6578382219600438,-0.14975020686018214,-0.267198779799337,-1.8639026805667107,-0.17833527688160658,-0.014194888539719303,-0.9647788984710309,-0.11391187276749135,-0.010080458133437041,-1.2917603520736491,-0.15271292062159755,-0.016580221794908034,-1.501879234658255,-0.1686913033315413,-0.03410728077348848,-1.685316916981507,-0.18232652051605844,0.8478008174620251,1.5845757026482463,1.8689349781113673,1.8913835839222206,1.6954938446804535,0.9465404777523787,0.8837283657481991,0.9638581250236579,0.9866528409992447,0.9746192643561481,0.9949564201184804,0.9854783753713433,0.9825680604479282,0.9807450881621841,0.9795689264844583,0.9989978932031245,0.044757227078074925,1.0320121726326732e-08,0.6018391226336596,0.40141688149964144,0.31150026982608725,0.8927781572053547
two_hands_open,0.0,0.0,0.0,0.22910325639442647,0.04457186849476382,-0.014461640091699831,0.4332982070905643,-0.10478560627046173,-0.00418474610009875,0.5900172325653414,-0.17715985535207068,-0.006389912198945663,0.7074731917154714,-0.14310401776868942,-0.007947637240900349,0.4198474061047681,-0.7930059165259784,0.08791571578009229,0.5145195457013019,-1.0742107477040166,0.09280469802158152,0.5718715672941788,-1.2331312620740837,0.0780786281025667,0.6213532935090259,-1.357917510133309,0.061637347965491036,0.32463449220560453,-0.9439091502106073,0.06039836603003893,0.41072565149373585,-1.332938454044514,0.07354422734822649,0.47160049408118826,-1.5413585741854787,0.06140240456600927,0.5266072224966762,-1.7115794067415333,0.04928988972171981,0.22420184484499267,-1.0158554965428128,0.01948290102587937,0.2780626363153339,-1.3980234384744685,0.015813180419620213,0.341049679708352,-1.6028910114877921,-0.0049993512367499165,0.4017706264851371,-1.7716254277000465,-0.02212057553374977,0.10779847600075217,-1.0229792381878409,-0.02844127967955689,0.11186371665587627,-1.3635115076760094,-0.04342838734629618,0.13993494872664547,-1.5646693470351871,-0.05195415561303754,0.18039967478462096,-1.734602351645988,-0.05829857690767767,0.7218450261900614,1.4945966152595749,1.7914376142071322,1.816745885434057,1.7449321147447685,0.9344648943329728,0.7724793575477654,0.9663732469690108,0.985133427357527,0.9647027253152967,0.9902381265221063,0.942543768587926,0.9850507564697055,0.9596975268158323,0.9696940822988542,0.0,0.0,0.0,-0.21413285111905522,-0.07555272734668408,-0.04344031642659572,-0.4360455786878137,-0.2602881572835685,-0.06314100844480851,-0.6021831497056296,-0.36167194921092705,-0.08483571337462265,-0.7352316855371891,-0.3862557611586306,-0.10851431929030826,-0.3655657761459898,-0.8448495143331157,-0.0028028961757655237,-0.48877280510908727,-1.1263396360289604,-0.038697701737100826,-0.5544453431541567,-1.2962106758528706,-0.07839986599572614,-0.6065642934308307,-1.4477407163006033,-0.11210976446752843,-0.2516341397122015,-0.9673547334375888,-0.030084538008617715,-0.34025579873360284,-1.3613993764800958,-0.05707026490421871,-0.392572663893126,-1.5972262161876103,-0.09320794016559379,-0.43917292037337263,-1.7856951149305893,-0.12438426078809957,-0.1255863056054157,-0.9967559409954915,-0.07001734819368646,-0.1617441471551059,-1.3925845810145805,-0.11306643834669883,-0.19175557521271366,-1.6362708110621675,-0.15078733673229308,-0.22997791254658143,-1.841987776943046,-0.18021041828513318,0.0015393152367204604,-0.9512666276218688,-0.11502866361068641,0.010968209484888906,-1.2715000714853892,-0.15554991943704957,0.009744289113184566,-1.4795179257974886,-0.17339083579680342,-0.0034011887520038037,-1.6678137769360735,-0.18888248510027605,0.8375765648208695,1.573671510509354,1.843109150812303,1.8650159799651504,1.6784787623918134,0.951650682688811,0.8832638153317492,0.9658265487026617,0.9880603927144311,0.9739513165365842,0.9916892620587223,0.9826904997340304,0.9803158308509026,0.9829951213015793,0.9797245134537017,0.9982413254899142,0.05928116129209347,9.403823561172588e-09,0.6000103475205951,0.43136638989764675,0.3308875360428577,0.9179050404428776
two_hands_open,0.0,0.0,0.0,0.20876520747144403,-0.008143005424188257,0.004934543143625029,0.38931388282204543,-0.17934533399780384,0.024746569547091674,0.5153294508220905,-0.27035761365803607,0.030026993344557187,0.602270439700724,-0.26332575982115275,0.035167377444368896,0.3636560935372369,-0.8295004094783528,0.09521008824325197,0.44654963381500246,-1.1120771937435696,0.0987645269064019,0.4985069379246462,-1.266568696790809,0.08300946155441732,0.5447682920750677,-1.3862953333055439,0.06523030102363186,0.2738642156346807,-0.9598904348336452,0.06007282671621572,0.33816127880337954,-1.347718261022049,0.06725842288184505,0.3896609190082388,-1.5567320629645802,0.0493644589394266,0.43591358400834956,-1.7289721092088497,0.032360990513063154,0.18240031208878252,-1.0142618392162226,0.01402369777702462,0.21360760736050208,-1.3975834932464972,0.005747775092749155,0.26627530249067727,-1.6090066270258157,-0.02003919369360497,0.3176124979708237,-1.7892872102997546,-0.04164002234085823,0.07942455596405176,-1.0019310872032214,-0.03641925697784367,0.06435576791592056,-1.337638740696278,-0.05744041432754334,0.0843852130695348,-1.5408383354631618,-0.07208856007930269,0.11884558846279443,-1.717796802256689,-0.08361943342009603,0.6582604976443638,1.4909199292271698,1.783371088935808,1.8177349397725986,1.7239322310885288,0.9552205933748243,0.7753295506115593,0.9633175795564216,0.9807981997236885,0.9594786053952581,0.9923697442581093,0.9398902023346901,0.9894329177354253,0.9544562027306165,0.970021555001385,0.0,0.0,0.0,-0.20694709041131307,-0.09830283914365272,-0.04490036307664016,-0.40848136571951027,-0.2941375453593881,-0.06702184191622429,-0.5605529384030227,-0.4142893142725123,-0.09074483960537422,-0.6855195880091234,-0.4627835807327488,-0.11670806434926508,-0.3297726298793553,-0.8617823594473806,-0.004980994814782319,-0.4391383845633013,-1.1441662754696613,-0.042186829011075344,-0.5012946209754978,-1.3161316370861957,-0.08409128622610362,-0.552412984071238,-1.471355861539475,-0.11898167248311654,-0.2214882066312536,-0.9746798887488545,-0.030693464968812343,-0.29663478876266863,-1.3688692262699498,-0.05896675147310829,-0.34879240414764184,-1.6017072050629075,-0.09700406134776572,-0.39808186384676614,-1.7903007059392357,-0.12976124655022195,-0.10403627681753337,-0.993092594353225,-0.0685952876887864,-0.12733231870217238,-1.3961858792972617,-0.11046002950194828,-0.15892985778875734,-1.638633400959386,-0.14823369684537566,-0.20006109464854369,-1.8443047748039236,-0.1783264061092919,0.01276783940250337,-0.9362857464280329,-0.1117154249198723,0.03198774619735568,-1.2548791786375568,-0.1501183551112515,0.03349233226887025,-1.4638319048612531,-0.16655595794254824,0.023548311500176708,-1.657066017184348,-0.18124843080020817,0.8353002576464197,1.5761360393836379,1.838609194232561,1.863675092679081,1.667115263546359,0.9647772115343969,0.9035991996398232,0.9664445746072059,0.9898915879034877,0.9702955695840861,0.9886029304436589,0.9722944515685191,0.9783850993029867,0.9786770287676516,0.981377160789044,0.9988313898971743,0.04833067924275898,1.1248891352048359e-07,0.5815373143320383,0.46871599269982495,0.3770265608078353,0.9558248055468316
two_hands_open,0.0,0.0,0.0,0.18268845182547655,-0.0696155575069601,0.04599709141017762,0.3174884842684578,-0.2703909142687023,0.0777468069964343,0.4059390502364037,-0.38209247249294787,0.08568346437616965,0.4791627050239826,-0.40991339484468453,0.09082465486205266,0.2685130550597123,-0.8935652311107591,0.12814355511284803,0.3010693819262362,-1.192299913846593,0.12633441828717173,0.3306662467514937,-1.3377533567181066,0.10590103737056304,0.3611449616882582,-1.4545951298738977,0.08571982130970601,0.20575632041794523,-0.9761119717717972,0.06978363111677299,0.22965829434494436,-1.360516597310464,0.06929779868064477,0.2682911642692764,-1.578160551045536,0.04542486821773859,0.3046502401994774,-1.7559998474452663,0.023962076625896934,0.1380754465660776,-1.0027012217037947,0.0026132090979390076,0.1395720616905348,-1.3818904444890534,-0.008671205856215187,0.18423668843957078,-1.5946553513033916,-0.03358036471641391,0.23348246734700834,-1.7789335613759312,-0.05509915822815207,0.057391466338404494,-0.9692630447257639,-0.06556723883729322,0.019651770607298304,-1.3083929713651388,-0.08469317928063559,0.03133179575958055,-1.508165891847882,-0.09545349261124965,0.06126481238000412,-1.6887766297248448,-0.10594564964638752,0.6370832026429557,1.501206369214787,1.7823920483994602,1.7950360986859155,1.6932053516982983,0.9655514346196067,0.8290596051154853,0.9491241099929796,0.9805741770817753,0.9505305362475326,0.9911719196859177,0.9302098892349365,0.9828447764526737,0.9462095027993189,0.9663433917968537,0.0,0.0,0.0,-0.18240952253654844,-0.12103752460185184,-0.031377637500081,-0.3539495243314121,-0.34483766275286853,-0.04558383913563964,-0.4817721501516505,-0.48427598733764304,-0.06437614653881502,-0.5900586867272047,-0.5315530028652289,-0.0872530652898466,-0.25875606074299395,-0.8992428357498894,0.005459952329226168,-0.3491780217541665,-1.1903414273174315,-0.02866673058067475,-0.4053234442348815,-1.366836146901231,-0.06818513850953109,-0.4515948048867171,-1.5234552932904626,-0.10094791467412421,-0.15897025221193012,-0.9869526706177705,-0.02555161192813107,-0.212328431352965,-1.3876382001980698,-0.05264179290576266,-0.2603516249034021,-1.625699265255144,-0.08857991900846456,-0.3078752162695486,-1.8126510892835588,-0.11966713692071985,-0.05647835188299103,-0.9929088816649279,-0.06756124701674239,-0.0589260072323495,-1.4035621094684965,-0.10583477858976388,-0.08645240213165957,-1.656799137085697,-0.14159216369244693,-0.12192727842943468,-1.8661839523203503,-0.17038108930945084,0.039976497978300586,-0.9282097745566729,-0.1142880771994848,0.07246083592013078,-1.252323934543552,-0.14999078905188784,0.07844378535990841,-1.4761894100897655,-0.16683745897892,0.07257819353443311,-1.6747556843974574,-0.18209164694352606,0.7989561602739851,1.5921822696954189,1.84250138234214,1.8779080171077303,1.6861884724089784,0.9680607174963101,0.8654307733025737,0.9685016480650546,0.9924573181166437,0.9669344360190394,0.9837852030073178,0.9644258910221833,0.9811603734302543,0.9743963360316849,0.982139360143443,0.9993636582267095,0.03566901478313789,3.59111219722418e-07,0.5379338267368068,0.5718183721529385,0.4363130756152437,1.0073608287748343
two_hands_open,0.0,0.0,0.0,0.14379983629853124,-0.1212172709081895,0.06408357396221977,0.20468341938393947,-0.3600413111057721,0.09884981068387469,0.23355524253784862,-0.4810857964863311,0.10539750906271307,0.24434833986094037,-0.5725429370095345,0.10992485751541446,0.14656711358427754,-0.9509030935875457,0.14643705885881303,0.12757386278554797,-1.2705442266519316,0.1438352508042095,0.14118231936932019,-1.4762298214450114,0.12187008409301445,0.16556549183707453,-1.6527356556068873,0.10002157300837927,0.11619546174343912,-0.9899017352690307,0.0811983323818357,0.09301472562670354,-1.3445326148895083,0.08530818635223364,0.12030613199485014,-1.552545590107116,0.06161450529339706,0.15882637253740306,-1.725503806520834,0.036610248788885066,0.07888326872805423,-0.9908439291400237,0.00816221984157948,0.052093869136433206,-1.3364496189020902,0.007231630009840198,0.07910616786336257,-1.5438342391353979,-0.013668605910254443,0.11075020226825272,-1.7202300748958652,-0.034737869442056354,0.039575335147445566,-0.9406138411848904,-0.0654658884103697,-0.0026715003135435217,-1.2427091166638056,-0.06681079300754013,0.002606488065745258,-1.4378677580232175,-0.07083811189772543,0.019177161934242216,-1.6133909591480595,-0.0796620491839901,0.632135270501564,1.6640166448893023,1.7331847891230934,1.7241414783746913,1.615470269822611,0.9716991054254936,0.9628921898962909,0.9493945990909732,0.9769226146303586,0.926344196377888,0.9706398196069619,0.9273807540248722,0.9838359575875376,0.9469190824777491,0.9766989661607387,0.0,0.0,0.0,-0.1552778105843515,-0.15461572948724725,-0.011403771459859309,-0.2687261710768034,-0.39818512285766045,-0.021792563471787454,-0.3512408292379893,-0.5656623169977664,-0.04297281116983909,-0.43864307436561867,-0.6511382224069306,-0.06868618745276668,-0.1728289290695936,-0.9346362794231121,0.031241706904126285,-0.23323456088280872,-1.2354998795205387,0.0012649977147732403,-0.28353177895753984,-1.4155787118026024,-0.038576666517267696,-0.32594183290934864,-1.5738888789460577,-0.0720943944227166,-0.09889095447823514,-0.995050184631878,-0.009783107198089135,-0.1333977164221241,-1.403256065125796,-0.03431628016937678,-0.17924971237605694,-1.6459843997662431,-0.07266098456437109,-0.22467274847966723,-1.8374218710536732,-0.10608459932272737,-0.023370771532708536,-0.9848915021609342,-0.06030230541722724,-0.005367025002277501,-1.4110802886066176,-0.08940373863196971,-0.022618625623280715,-1.6611049203105341,-0.12504146196589896,-0.049264405075736796,-1.8606611060697789,-0.15619323110584024,0.04635950069872358,-0.909207212749232,-0.1151763148563988,0.08359187520718629,-1.2324967416621773,-0.1414514802243065,0.08965386543571874,-1.4477461973361754,-0.15713016697032034,0.08411194713509197,-1.6350090598458817,-0.1736182850354608,0.7881031174376713,1.6089008308213286,1.854144254999932,1.8678552028172744,1.6463513459549346,0.9753456580362401,0.8894484015439988,0.9572384820855888,0.9957791067443538,0.9558672868370875,0.9847716810122031,0.9578272665890977,0.9795207689553131,0.9724305389080861,0.9810596075082073,0.9995818569400426,0.028915588809799272,2.8040636036812813e-07,0.47767877868890884,0.7241008025475597,0.5914402473959619,1.0429955948623777
two_hands_open,0.0,0.0,0.0,0.1563607489441222,-0.3536855026426226,0.09109295465224036,0.17378750345893243,-0.774491858847136,0.14758575035084376,0.14456198843294957,-1.096989635524676,0.1743262836708782,0.14670065075465138,-1.3392427354651262,0.19978866266338924,0.1341499032041896,-0.9802015196278874,0.15432123396546724,0.13360321701309893,-1.409746021138758,0.16108298121664877,0.1524120622053239,-1.6949663745783992,0.15617003184068615,0.17724776203600356,-1.9202690716452842,0.14823273875371767,0.10950407311220335,-0.9900353855287419,0.08853696048991447,0.09949375582874687,-1.4481700429046673,0.08938958519988917,0.12833103308515173,-1.7469121855972516,0.07159619507106267,0.16428965555853353,-1.984788665059222,0.05630891007593786,0.09617662638331739,-0.9774167634603844,0.0201186497361646,0.07614000160872883,-1.4191953393179597,0.02048531505227116,0.10418168216854747,-1.7020685986379458,0.008042217486579928,0.1340169496592506,-1.920263145204677,-0.00587352194677985,0.09807465285244667,-0.9536791324365181,-0.04501840470851892,0.0809189491306828,-1.3130456315893395,-0.04699356226462881,0.09652449726498707,-1.5447198114069598,-0.05019269054681592,0.12112660588004218,-1.728822564291526,-0.05577916102820507,1.361986672165619,1.9341207360200243,1.992372412282666,1.9249430089972503,1.7339580237885106,0.9552639139454464,0.9677682893970323,0.9762030464049916,0.9849115750093799,0.957702928832887,0.9828542885943317,0.9519909239956641,0.9866986325515105,0.9633136197679822,0.9784938632647486,0.0,0.0,0.0,-0.1384487136572474,-0.16776525735708508,-0.0013544442102731151,-0.20489186618947325,-0.4078095623719191,-0.008365981541254968,-0.24004235617968397,-0.5799508207898812,-0.02882691512561772,-0.2910451043550936,-0.7003745416068334,-0.049800600433203564,-0.12690121578132824,-0.9499098903397782,0.04724845325429693,-0.16800669637845564,-1.2609143146902373,0.016094802544562394,-0.21427485782537425,-1.460585034975417,-0.02371512391036177,-0.25512807253918623,-1.6296997524053107,-0.054801308044905156,-0.08681216098358512,-0.9962076091198063,0.005835086731082379,-0.11450207694482571,-1.3941586640792059,-0.021417761924097008,-0.15733552470835416,-1.6537779354903626,-0.05449729652828196,-0.19793084357063936,-1.8704277737519632,-0.08125837938666663,-0.037920217812947035,-0.9891601881426524,-0.04475688649582033,-0.030746988699993726,-1.396966935530466,-0.06882687499973766,-0.05257372584361013,-1.655880512080056,-0.09248816976560234,-0.08244503794950288,-1.8720426002110402,-0.11242949686977316,0.014025116963382914,-0.92936981746969,-0.10085543258135678,0.03360636293963355,-1.2425249979454973,-0.11386009073928095,0.026987685695496415,-1.4532369520420543,-0.11739181310569713,0.00984811362505257,-1.6353043857596914,-0.12372494539961577,0.7600735826902267,1.6504589663941736,1.8826257195416876,1.8772269636497867,1.640007707768775,0.9645730059572859,0.9357193207403197,0.9576591315827683,0.9943960086025255,0.9651440340323867,0.993008336633388,0.966166600211854,0.9831299644591143,0.96912502746057,0.9793272127368275,0.9979238959142037,0.06440417659901979,1.4063191471191326e-07,0.4457564504675902,0.7725618103991785,0.8621831853834183,0.9367432712834127
two_hands_open,0.0,0.0,0.0,-0.0001847321891120993,-0.4322108181543834,0.07577142582759003,0.05528458373513922,-0.8578009405905958,0.09017361739777384,0.12612613385917537,-1.159852239211269,0.07610603773052968,0.1924432682318108,-1.3885322823253907,0.060816581263245066,0.03568655105022451,-0.964903764130983,0.03127735590399061,0.0732835904820406,-1.5409265389292566,-0.02483033305396639,0.1008362309574748,-1.8898661777592884,-0.05356244758804909,0.11713080185773687,-2.1659303584419347,-0.06828190345058209,0.07713158184492187,-0.9957750952095271,-0.049826487359209984,0.13752748675235416,-1.6631221809568648,-0.11757218008325268,0.2056832029985612,-2.058928574801399,-0.15766023211155783,0.2645942318941555,-2.3711949675696835,-0.1740541379461265,0.16443482259872508,-0.9779205636012073,-0.12726233520333588,0.2111262475642061,-1.6434032446958502,-0.1855224148751996,0.27307363801116336,-2.0340552794028857,-0.21606549870373537,0.3326644019079852,-2.33807480349078,-0.22683435903903126,0.3011884205244333,-0.9241188695102812,-0.19871864955420304,0.33508512192014944,-1.4147556455862678,-0.23255878913180128,0.3730216977913085,-1.700569713118783,-0.23567280110423278,0.41743780485476506,-1.9334499967879282,-0.2314854222795804,1.403123290058307,2.1701696617322526,2.3922521866884394,2.37249093095335,1.9914991116566334,0.9592778032655903,0.9824550819403116,0.9935642922105486,0.9888960817639603,0.974574998218036,0.9839232842156187,0.9721475187841411,0.9822670194042996,0.9727819439925238,0.9798629871724518,0.0,0.0,0.0,-0.17412299587189214,-0.3147515068566194,0.022136216377642837,-0.18609198520433254,-0.6529160034253099,0.024944660519696467,-0.16105328444417505,-0.9106139682956425,0.011804647863397822,-0.13544880968157672,-1.1075713752685596,-0.0026016406868808566,-0.052006629216819,-0.986632558360394,0.05972471551368837,-0.11525191083082367,-1.3786048657563563,0.016617580122845393,-0.17562540328155898,-1.6706041244171668,-0.02763645324204906,-0.22976921652352428,-1.908556315767695,-0.061438252440773916,-0.030389367300424512,-0.9994743951794164,0.01128803507346543,-0.11433377296936062,-1.4480013390708293,-0.03698075716304574,-0.18266153571006963,-1.742399683427237,-0.08398798330256796,-0.24697315667402248,-2.0124631062520053,-0.1177360409365309,-0.048946564882578106,-0.9756343480581265,-0.043008363642266255,-0.1265092958961539,-1.411679881150513,-0.08847338286238898,-0.19232142729072096,-1.6999727984260966,-0.12359326016444007,-0.2508109824198333,-1.95206554587954,-0.14735765783593263,-0.11100552322155705,-0.9208680885645237,-0.0984823259987949,-0.1602235932310399,-1.2452555376412553,-0.12648092911720063,-0.20165456422956027,-1.459652347289576,-0.1397144624702892,-0.24066807254791125,-1.6579153500954518,-0.15126318202168348,1.115825927236282,1.9233189444763361,2.0309764325265838,1.9736211195757105,1.6821073031948277,0.9539209819600469,0.9875992816564965,0.9813499247194882,0.9930256348870979,0.9793380321048825,0.9892369546512113,0.9838707566331776,0.9914464375445993,0.9849958954167884,0.9984574518998172,0.9991844367204185,0.04037897244482397,1.65737998584775e-08,0.4468867897331649,0.8129995328156444,0.8348949311628322,0.6594070809892182
two_hands_open,0.0,0.0,0.0,-0.07155842423529384,-0.3139744572489623,0.07900084245077638,-0.09077823161822407,-0.5898383920785547,0.09156788428164465,-0.12201302333111023,-0.776050769524197,0.08292159064458059,-0.18366993548203325,-0.8790370338211918,0.06693999117442093,-0.02692210118092726,-0.9850521931791192,0.022108065578116395,0.0027075869220553918,-1.4572882137174124,-0.022832904416908485,0.023852129455203434,-1.7408333651059253,-0.046789471367191776,0.03807603239178997,-1.9529869138161537,-0.06152239786077355,0.05145337281114844,-0.997128253599581,-0.05556794309497756,0.1361644732583711,-1.551394493483008,-0.09937247117213667,0.20107937568814402,-1.8829406617275624,-0.12773813120054228,0.2521700044245034,-2.1305260073817953,-0.14387295231883268,0.15602246590856808,-0.9385155654107371,-0.12984368451184367,0.21637306826490574,-1.5023969782953983,-0.17506030527416655,0.26829708624407034,-1.8222901877425446,-0.2107758665249431,0.31602888927372497,-2.0775154337768265,-0.2323164306204279,0.2955721114224896,-0.8261537619499637,-0.19622149403590347,0.36575596435027974,-1.2359920532866093,-0.24178259592438375,0.41193667419516455,-1.4773462006247562,-0.2659467673174783,0.4601888215645215,-1.6953606588827483,-0.2790770789021484,0.900511917993074,1.9543266551982514,2.150216316018136,2.114217481805672,1.778737060711573,0.9577186839625929,0.8785306332920375,0.9949564201184804,0.9946995218318542,0.9866456012907286,0.9928579180677629,0.9802928191927935,0.9885331831118099,0.9928977749318046,0.9845198549489728,0.0,0.0,0.0,0.005081499532022573,-0.41284895083390355,0.0913030381232941,-0.028155645015166497,-0.7476269324200437,0.11551832289701984,-0.08114521181451578,-0.9297261532069852,0.11541019556919149,-0.1396957234452449,-1.062546724155622,0.10601298527288489,-0.023589536249928707,-1.0112114246593946,0.046704228735443234,-0.1011378739173248,-1.4812952571561309,0.007944791543051102,-0.1583361636115172,-1.7665265495011702,-0.016211618688595456,-0.20918296679140902,-1.9928513666477539,-0.030336460017190457,-0.050208577182689194,-0.998297692235445,-0.029678552098692912,-0.15814273044866972,-1.555772326162353,-0.06306697388902717,-0.23489069961471162,-1.878592879918407,-0.08312910658777613,-0.3000696588792729,-2.135790457377,-0.09856966475786802,-0.11787863492012446,-0.9359685103165777,-0.10279652201172809,-0.2187752345848601,-1.5016816384974898,-0.13528173716092642,-0.2924238769370959,-1.82236977265349,-0.1652967035013612,-0.3501352299937072,-2.073837797764424,-0.18630406542007324,-0.22353296630954972,-0.8258993514456924,-0.16666347171518422,-0.3069331743540521,-1.2409433031970416,-0.2029249812605639,-0.36498251824467637,-1.4941179622093288,-0.2214198131912001,-0.4202335462861395,-1.7048270597634976,-0.23304479393517244,1.0769211620212513,2.0040295366964656,2.159017984365359,2.111423002505938,1.7712541921210418,0.9370399715586727,0.9533135166805888,0.9890687815843062,0.989855798555503,0.9865923290964257,0.9952461430721397,0.9808963229805951,0.996905122373008,0.9902629079702201,0.9886289303319676,0.9996536290534247,0.026317711152419716,-1.2533333266114488e-07,0.4203217654647044,0.86729031473101,1.0325836391274839,0.5071780457138414
two_hands_open,0.0,0.0,0.0,-0.10033809540847535,-0.30858713921777065,0.09393886986726087,-0.13919262083987016,-0.5996849013089851,0.1259093705671345,-0.1766636334009176,-0.8034039037948165,0.13555783236347557,-0.24611891049586224,-0.9095865786235171,0.13302353282766965,-0.010355156164432545,-0.9776098511492108,0.044580604641807804,0.002024655741146427,-1.4332156734787678,0.022567931955765258,0.006427724634809452,-1.7059117128738592,0.011768199001349724,0.006970582696979225,-1.9118514880534616,0.004772227299896138,0.07312627410947985,-0.9968960805399179,-0.029167664270814058,0.1526902314757143,-1.53543142178854,-0.048330438223738864,0.20981956375651065,-1.8532569935189835,-0.060775600049390505,0.25654632325247645,-2.076237781505293,-0.06626686057710955,0.1786618648440618,-0.9221953256676763,-0.09754583824701131,0.2398161778830804,-1.4604771747213308,-0.12641896704385291,0.2886141044113229,-1.7738978668995755,-0.15752361931952003,0.3298146208908333,-2.021100513112004,-0.17677691735811288,0.30148811293093053,-0.7741470568461504,-0.1559820699088724,0.4034878270441878,-1.1792845069823226,-0.18968904872735431,0.4653317746529088,-1.3982799223658733,-0.2060811667814072,0.5177681063420477,-1.584017274935814,-0.21420355463927113,0.9516393867435605,1.911870151330569,2.0930768352201334,2.055450083744582,1.680201684935535,0.9748621945533614,0.8717911523950311,0.9955357273714094,0.995343696545733,0.9900281527473934,0.9897751396471255,0.980694626496893,0.9924853965071488,0.9905212883807865,0.9904977401659879,0.0,0.0,0.0,0.050122265913021415,-0.3706968388071361,0.11143243525662941,0.028697067931531674,-0.7025210193956682,0.15196161045670334,-0.024780893162499602,-0.8782545846125834,0.16815523809599034,-0.08488251737868625,-0.9830511854404762,0.17288654513542864,0.008254312431563703,-0.9962795297673894,0.06146171606631042,-0.05728050087107532,-1.4213493014226115,0.04354036119926922,-0.09759604132429028,-1.666176148173213,0.0348767070857526,-0.13272336203044016,-1.8584949072038388,0.030034284086227544,-0.058132122029992364,-0.9981728477715962,-0.016480969626565988,-0.16707858042082488,-1.5365075922817917,-0.030167842889609074,-0.2445809796178237,-1.8340326024387414,-0.0387796053467604,-0.31026687872245134,-2.056306237940884,-0.045997960397923095,-0.1499196966306328,-0.9346726908040566,-0.08703612833828088,-0.2596423615355867,-1.4736219107618984,-0.10777527589727517,-0.33987610473865437,-1.7707946011412057,-0.13700132048804006,-0.4026131373243331,-2.000398976188562,-0.1585028469397407,-0.26498654082018835,-0.8125825371774081,-0.1450603628571864,-0.363824871684429,-1.2002604966834323,-0.1806391453825212,-0.4292811921935052,-1.4279251249826772,-0.20098250232854933,-0.4885891670525565,-1.6199034920621336,-0.21269344756944633,1.001740701200332,1.8634701149070896,2.080090549131824,2.0466598532170392,1.7052991527574224,0.9261326266753318,0.9267708837713341,0.9961003937467944,0.9935755635439913,0.9824248018344319,0.9896081415255239,0.9730294343972613,0.9982588243726296,0.9903351333779136,0.9892599890351652,0.9987728308442783,-0.049526077649051,-8.298148100967769e-08,0.4046925906011301,0.926947696623592,1.110486822286153,0.3851049816683749
two_hands_open,0.0,0.0,0.0,-0.13343628611295028,-0.3119957104736176,0.08103839395312769,-0.19538483723490513,-0.6031051939104457,0.10776746035598997,-0.2587104314960958,-0.8081459924266076,0.11592471282334499,-0.3421067581002444,-0.913806021916044,0.1149119973609664,-0.03772110542614441,-0.9704619437824364,0.043457459283703086,-0.040982867846839466,-1.4097282660876984,0.029908348537488482,-0.04193212379144013,-1.669790427231174,0.023785744040235937,-0.042877377175362705,-1.864972486087942,0.020699621013620904,0.05551897827918417,-0.998299536943909,-0.01776731798590489,0.12838840803398724,-1.5137047320140786,-0.022116012268578844,0.18175108788083807,-1.8089046161092817,-0.02458883752642802,0.22720676319678335,-2.0073468147270104,-0.024664122177020104,0.1648589836915181,-0.9352504439014534,-0.07466697686656272,0.22346361172156146,-1.4300512138420338,-0.08785940333937718,0.27498316646481047,-1.7063339143994354,-0.10911634051464575,0.31688532513982276,-1.9158053312316097,-0.12353045397929548,0.2821613804203571,-0.7997869148937092,-0.12363752247743434,0.3922667403407309,-1.1683766698091824,-0.1402045132668108,0.45927350047529086,-1.3471806830804758,-0.14467682041583185,0.5082267647599915,-1.4877979957591787,-0.1452107971679164,0.9824882934495309,1.8655801557822664,2.0203149424680786,1.9457610720550351,1.5788994572858588,0.967069194407949,0.881795587506117,0.9973830349070244,0.9975083453633394,0.9877813420506821,0.9850382336891897,0.9737351954357949,0.995110861463773,0.9774013920173147,0.9902016882532005,0.0,0.0,0.0,0.08899350628743556,-0.2747747810594297,0.1109167904758929,0.11804802412481305,-0.5434615382983745,0.1478276668483831,0.13644626831554135,-0.7220030974767456,0.1638068162678982,0.2111682346217347,-0.8339041740159365,0.16873570313171699,0.04047016831871824,-0.994231147492319,0.05348926011775231,-0.000994051570303329,-1.407207921003394,0.040002126817323284,-0.027800028326791973,-1.6511364936352975,0.03680191352183355,-0.05148151504359741,-1.8400088428052737,0.03329080801503395,-0.042338383279175405,-0.9989009196497588,-0.020110047841110635,-0.14923221518786733,-1.526176023140546,-0.040585791180978284,-0.22406641723717935,-1.8108704032417915,-0.04651766542959159,-0.28350315073678134,-2.0230298835402514,-0.05088807584464352,-0.14461269403359656,-0.9273358387000125,-0.08529694807346473,-0.26158759140545446,-1.4543262715332532,-0.1177763938168708,-0.344613217133789,-1.7432106159901062,-0.1475405875046824,-0.40930130800517306,-1.9631929275839377,-0.1662874320873188,-0.2627806063385591,-0.7942405725602666,-0.13600374155186606,-0.3867095283215562,-1.193666920739637,-0.18435378370698965,-0.4623523378837914,-1.4127635902877684,-0.21096715818895886,-0.5289701182931135,-1.597279024434248,-0.22495712037262128,0.8766184644791691,1.841029919879381,2.0434318051840474,2.0122886328060723,1.697561596511595,0.9849717556317213,0.8447171089829795,0.9931277018826619,0.9948415743168443,0.9809844625153505,0.9948744615031881,0.9769580013712281,0.9942115219644688,0.9900093929006935,0.985570190163883,0.9982262647867777,-0.05953422788399122,-3.0827354671611214e-07,0.3858408321264339,1.010072576398228,1.373345130627763,0.31865122735087564
two_hands_open,0.0,0.0,0.0,-0.1453802223621785,-0.30190370950837475,0.03484530946234005,-0.23695369363574514,-0.6097295705191835,0.033738959715013776,-0.3278608956595203,-0.8234502459302887,0.020171865076482057,-0.4278648902130128,-0.9238839283780731,-0.0007167996833483115,-0.05011465636059218,-0.9759059266971944,-0.003494502131104459,-0.06595505134122073,-1.430768514850962,-0.03696526645633561,-0.07385223275210163,-1.7073599781361437,-0.059755391787209816,-0.08226229729475341,-1.9174567364729644,-0.07458314048574666,0.055554939306378365,-0.9972285015057929,-0.0494870134800582,0.11978743026296057,-1.5069407466453346,-0.06949564153054269,0.16409158759156148,-1.8106607132021406,-0.08296806689908821,0.19985585445427645,-2.0247780487056084,-0.09179673978715563,0.1712621573599993,-0.933142159933036,-0.09449044405533313,0.22384198273905234,-1.405839434659376,-0.11711180860874254,0.2713985351788853,-1.6763014384926174,-0.13866145635704635,0.304771959180364,-1.8816724461652576,-0.15374596628923856,0.2885794127432511,-0.8025181282990282,-0.13644455357129162,0.39536324783016696,-1.1376923151840874,-0.1577639997166101,0.46033453861310025,-1.331371154504568,-0.16187665480387445,0.5089002073866721,-1.489186045029658,-0.16242400764326012,1.0181504757127406,1.9206691715770519,2.036687298167122,1.9123846276077396,1.58209862399541,0.9600227675953629,0.876171810497093,0.9965718193737655,0.9947764210175584,0.9936047730881025,0.9933528585748085,0.9776374553518808,0.9954699235455692,0.9862568004333772,0.9903777243765062,0.0,0.0,0.0,0.1266984532328053,-0.2607931257262778,0.10538402439656802,0.17954836197296278,-0.5160369403204569,0.14139395810441996,0.22604710899874284,-0.7008098323707749,0.15743554724347836,0.3207831666435022,-0.7928458633776938,0.16236591811903528,0.0677355387149913,-0.9845922037045104,0.05110494326918074,0.0509128397744634,-1.3966504640937012,0.04097411361819739,0.03646311345475189,-1.6328681953677961,0.039554486883322575,0.02298848795336434,-1.8111193272570187,0.03702424973861073,-0.03041349806958419,-0.9994222723791548,-0.015170385877024328,-0.12293038687450598,-1.5132712339532897,-0.031550574379273534,-0.19448652263161204,-1.7866907914232908,-0.03534302180953452,-0.2489312932385698,-1.979253504035845,-0.03885775547255266,-0.14619693388018182,-0.9250804950716438,-0.07298126070940729,-0.25213440219448874,-1.4377728976720634,-0.10056783297272139,-0.32700072868606056,-1.7150889438692107,-0.12675524700003016,-0.3848781774392653,-1.9250136788611767,-0.14367604636120498,-0.27426270020037535,-0.7846980512562828,-0.116518180039125,-0.39683799985639817,-1.1725535567316063,-0.15888958271391793,-0.4703880286362102,-1.3845165075107475,-0.1816598189349758,-0.5320264723095083,-1.5677999778889427,-0.19302824497875748,0.87055677267114,1.81164358614243,1.9952245856424187,1.9683626905551728,1.666825978099168,0.9783837012716361,0.8235946722549268,0.9912468127978861,0.9947452964287624,0.9745826084186799,0.9936322194269771,0.9774110227307761,0.995422180555712,0.9911268787398543,0.9861604328215877,0.997268822354543,-0.07385726747859943,-4.2144855740065575e-07,0.3777989647930981,1.089799062352654,1.5145982746838633,0.29719321686728606
two_hands_open,0.0,0.0,0.0,-0.17610748943420884,-0.2960543695671557,0.02390120331581838,-0.29657737251788613,-0.6054773885440558,0.005632731006551935,-0.4201470354210715,-0.8368019817381172,-0.020758192144321046,-0.5393711624584215,-0.9441513621634443,-0.05682344463058609,-0.07593302006954597,-0.9857872823594146,-0.050317108005690586,-0.09787620126929904,-1.4878258275999294,-0.0875799696194364,-0.11321404467860714,-1.7816517845509545,-0.10898724971624765,-0.1229943824859699,-2.007147782660752,-0.12160408951825075,0.056011310335841745,-0.9945091726848648,-0.08839818188247825,0.1164437191637484,-1.5535162309554216,-0.10455309612542897,0.15584255188015403,-1.8791089670877936,-0.11268931902613068,0.19089185372782688,-2.099401302709409,-0.1201179341725766,0.18354458682787783,-0.9105545292263005,-0.12215166173679974,0.23600285572977445,-1.4199228774969561,-0.13592919969308576,0.2828125329636666,-1.7173786940804951,-0.1530533230407299,0.31719284304044665,-1.9391510070611613,-0.17006494425321175,0.29636803436606607,-0.7664212166952801,-0.1519218526130012,0.3975324654486872,-1.1066675093121177,-0.1655593657177358,0.4633962519299235,-1.308673232814436,-0.16336396894697822,0.5167698330670684,-1.476803386320317,-0.16176424137607998,1.0888397262345462,2.014586159525236,2.1114814343838066,1.9722677336320862,1.5729484962970974,0.9594757661161487,0.8844234331888964,0.9972767300913958,0.993969309365742,0.9957605467286811,0.9878105455286347,0.9805136109962918,0.9939563042364269,0.9823925146377479,0.9974866258167309,0.0,0.0,0.0,0.15995561491556673,-0.24094008829559616,0.06402458746359645,0.2523772881041912,-0.4912634340998253,0.0785767400072792,0.3363121235313034,-0.6843013724455425,0.07795982078564037,0.44024250082741784,-0.7798164162790394,0.06720939391925083,0.10594993773807125,-0.9740480030428932,0.026098770394319678,0.11194583480149757,-1.3688202475145526,0.012078660753198854,0.11120637571048746,-1.5957096165053621,0.003228657560673737,0.10687774961641412,-1.7668363455458318,-0.00498152901539211,-0.014890085099130472,-0.9995797714824263,-0.024870983271294993,-0.07884632044234453,-1.4826371529944484,-0.0434773921907307,-0.12999680854201795,-1.748711625211329,-0.05565350998093112,-0.17078191388482322,-1.931871506265817,-0.06570380745642676,-0.13972513035019576,-0.9255279762245152,-0.07044309276709511,-0.23071721584872054,-1.3887944875802254,-0.09966192619034293,-0.2922345815686536,-1.6553887985415108,-0.1293899007418496,-0.3410042505734171,-1.849571054813444,-0.14884637307177498,-0.26456067388905824,-0.7819715110018284,-0.1064539625817082,-0.37666371849056507,-1.1391838178979081,-0.14709934491188642,-0.4419675731812433,-1.338225875055705,-0.1684872586011367,-0.4986669941902756,-1.50484945270114,-0.17844918395722836,0.8980223857254652,1.7700729761611946,1.9405182218021533,1.8866245594949398,1.5953321778377962,0.9743736777913812,0.8652439333155206,0.9940286885731539,0.9924381246093114,0.9813369691166947,0.990328261276086,0.9819231360375215,0.9929054326367303,0.995428781710088,0.9851953251815542,0.9993598307240013,-0.0357760916701198,-3.2669375671038254e-07,0.3686295256789509,1.1832379674938414,1.6740269835042514,0.3115248323471769
two_hands_open,0.0,0.0,0.0,-0.18766578499601336,-0.26674137269691134,-0.009748053399193862,-0.32292094217732153,-0.587500358582643,-0.03990237316212284,-0.46276739894953883,-0.8165969253621211,-0.0713086737042334,-0.5902685548506703,-0.9250303192366423,-0.10869400630390967,-0.08291094610207762,-0.990629302123604,-0.06276094527203965,-0.10999499170509565,-1.471196830068297,-0.09787147000296367,-0.12359105786529495,-1.750328114375911,-0.12101580885630417,-0.13119974132574896,-1.9638553110850652,-0.13587215615368203,0.057167664071330844,-0.9949517720709253,-0.08247926671323315,0.10994560916994744,-1.5182947848769672,-0.09646983829467266,0.1469468885226066,-1.8255044238099094,-0.1071707354240696,0.1805485409892759,-2.036594564666502,-0.11782713972158791,0.18229080121810046,-0.9130779701789493,-0.10114951320339902,0.2341273709332063,-1.3856908040011835,-0.11497015892653359,0.27726074045939336,-1.656549681381554,-0.1346392573548132,0.3053976882949647,-1.8548534077103995,-0.1534580953383801,0.2863492353944573,-0.77853641837353,-0.11856572766652235,0.38573286355810943,-1.088249585380503,-0.1320145062541925,0.4460441421365831,-1.2691699935052434,-0.13176143463305656,0.4908511912023327,-1.4204047287145731,-0.13208881587239166,1.1026842001946602,1.972917205008566,2.0479742262385687,1.8860801412282762,1.5086192165480456,0.9518561277151938,0.894989432839135,0.9960496168413889,0.9940978665258854,0.9933365236819268,0.9869795440818265,0.9794400708590454,0.9911439127599141,0.9859589215583711,0.9892072513179891,0.0,0.0,0.0,0.1806867624811224,-0.22323065926957916,0.020329253059989064,0.3024062486367769,-0.4582490585976503,0.004947734566586063,0.4162412785346564,-0.651374487765256,-0.020067021688015784,0.5292015783601888,-0.7448669225547921,-0.0521201359736179,0.13967636183568788,-0.9528569465916007,-0.01752288348158359,0.17634295257863347,-1.3564299386347172,-0.04555828931881008,0.1909493516097715,-1.5903854612660333,-0.06849588220339546,0.1948925912796504,-1.7760586150644566,-0.08739138889684472,0.004405261017718873,-0.998590485011314,-0.0528926925031658,-0.02792207175719929,-1.4781104804622012,-0.07962593885617986,-0.0592755434426091,-1.7520848406820932,-0.10363858644273752,-0.08884617413060686,-1.942988925832498,-0.12431636514179115,-0.1312087521963481,-0.9431385665163461,-0.08511740523476882,-0.20955563660630902,-1.394020192745471,-0.11568999098277936,-0.2600654187023516,-1.6555225054261622,-0.15093121773415483,-0.3013021516446207,-1.8470159396467043,-0.17681241070915704,-0.2552436556814075,-0.8200610865796841,-0.11228898470029598,-0.3554087206209741,-1.1597112629802706,-0.14623850521625922,-0.41497912826258787,-1.3484337070973882,-0.16496750277932076,-0.46340285994903435,-1.508466066959556,-0.17492724601832968,0.9152035573734786,1.788855662465167,1.9489879853933008,1.8797642129999867,1.587706404590261,0.9757768048828115,0.8862133499850889,0.9872547930632929,0.9869189071725927,0.9821566221443747,0.9859262605302775,0.9785200146740105,0.9932778669899848,0.9939753212005281,0.9882758389561904,0.9993253087811528,-0.0367277446823026,-7.209092332703511e-08,0.36663732703563545,1.2488520664993563,1.7798820308621799,0.343918668619051
two_hands_open,0.0,0.0,0.0,-0.20422043725457797,-0.2518006887614977,-0.03196684651013197,-0.3566133191924679,-0.5629886502659952,-0.07586211425306247,-0.5149984828258078,-0.7843014148390193,-0.11591610608393135,-0.6498577970201723,-0.9067043163993953,-0.15922139023602944,-0.09935203931885349,-0.9938144800694798,-0.08032021840502437,-0.1419580826401163,-1.4633829258016864,-0.11592284993322295,-0.15916816582496848,-1.726510418677871,-0.1392825391834278,-0.16596024052048733,-1.933597569925606,-0.15205671098567056,0.04286786982926995,-0.9959498304884412,-0.07903341626391859,0.08156578367125897,-1.5080199412704258,-0.08569357989099786,0.11136302758861033,-1.7916420196697136,-0.0847959597873275,0.140004513366958,-1.9968150187552518,-0.08617642573731905,0.16224512276053082,-0.9079101717045652,-0.07759779526079214,0.20062329556835135,-1.3580962991062204,-0.07602186778500594,0.2369681840517952,-1.6037428537892697,-0.07732047166237205,0.25736719959636584,-1.7892726989692067,-0.08321489184682619,0.2568182227381137,-0.7774340292387583,-0.07787354988203009,0.3368210849286489,-1.0705986819115825,-0.07479834772357934,0.38359268009071645,-1.2465224230050644,-0.06103460549701887,0.41746937478526386,-1.4012373361206736,-0.05110318637851146,1.1268448539323859,1.9466544652843778,2.0035712763070133,1.809601996277,1.4629963385737499,0.9473308977818465,0.9279848719283066,0.9910065288653312,0.9866099125733752,0.9893707940402797,0.9887276335535917,0.9801191038588067,0.9854459618414749,0.9790952260693061,0.9853524504250275,0.0,0.0,0.0,0.20325133817346766,-0.20692389247652035,0.007684412925442591,0.34434295655684505,-0.4366121216212847,-0.01581269841932042,0.47955812484708543,-0.6245308828443134,-0.046302564815083526,0.611730126849193,-0.6983578894468426,-0.0820486251795896,0.16789898177235982,-0.9455558695821151,-0.03335321570263458,0.2207268438144418,-1.3539803067371787,-0.06421084362859517,0.24490172567523297,-1.5928412305849582,-0.08670629268731175,0.2571942495511332,-1.7815240263108472,-0.1038627506861906,0.024680260200883476,-0.9977403341481043,-0.06249088229850914,0.009223933010083056,-1.4915861636331431,-0.08902378023694159,-0.015276798540213217,-1.7752228819965956,-0.10775892128442467,-0.04000609185520216,-1.9693640491733941,-0.12281007669768959,-0.11480312392672788,-0.9481707095666071,-0.08895961074320073,-0.18605861610061497,-1.3998167990677732,-0.11705952528658699,-0.2314318881918693,-1.655706093254089,-0.1445600408178768,-0.2667588200152928,-1.8390697041201665,-0.1636898141177074,-0.23654274717534896,-0.8289408553436806,-0.11194846361993063,-0.3338462380557492,-1.1594031599399872,-0.14128210255251747,-0.3912173164693386,-1.3436104516900382,-0.15296816593444523,-0.43434803703504987,-1.4973805027177385,-0.1565185590332418,0.9320136623147962,1.802987578799445,1.973595085244348,1.865511189973,1.5669411751936544,0.9730236061681004,0.859351543775501,0.9893810279551525,0.988611413679319,0.9821451122913868,0.9866618961576444,0.984737204576159,0.9951842943538771,0.9907797012774997,0.984823741447009,0.9990996936025552,-0.0424240762218818,1.4699471821581838e-08,0.3633005035796251,1.3146321763000703,1.881087100911572,0.42140676306901104
two_hands_open,0.0,0.0,0.0,-0.21620559274104648,-0.24440712638574752,-0.02519033252848467,-0.37295645412235495,-0.5525935223817378,-0.06456993631452325,-0.5451362495049167,-0.7807300539873063,-0.09921562392258794,-0.6807056561023166,-0.9069487139916008,-0.1357933062206418,-0.12080232729906923,-0.9906833016026103,-0.073996797305986,-0.16613981745776532,-1.4782666552495602,-0.10520120870967134,-0.18723488558366186,-1.7470414643222247,-0.1253289746920929,-0.19631445559709762,-1.9608948480425181,-0.13379443801277974,0.024258148834642772,-0.9976803993973291,-0.063603167165653,0.0612562254356647,-1.506880574434143,-0.061490535758718254,0.08535876753376026,-1.7847547781507356,-0.049899290968603884,0.10680215109484612,-1.9790614084618088,-0.042731268033957985,0.14607064627182384,-0.9116346364281224,-0.05150195729094596,0.19231519633964572,-1.352341156121878,-0.031681448854130545,0.22792665632744974,-1.5904038469894,-0.018226100427054363,0.24273188973306908,-1.7618751610241379,-0.013275289189747182,0.23482540623458573,-0.7843246249776098,-0.04089810577210142,0.3062991797748055,-1.0887455594534088,-0.013310388095819456,0.33987468343666827,-1.2409296123093392,0.01833787456494756,0.3577972569231378,-1.3608900019491685,0.041170915231200964,1.1420840521060773,1.9752338905049271,1.982401755247688,1.7785665820065018,1.4077412825970206,0.9443161681861939,0.9402488428450885,0.9942649808557428,0.9840587702239098,0.9872918163550833,0.9924006777192461,0.9855890424760171,0.9783761534618105,0.9639861203685124,0.9780204758083133,0.0,0.0,0.0,0.21657194491333184,-0.1774148708689611,-0.0012905579102153934,0.3729452007331924,-0.3950983623101238,-0.029360947115921805,0.519688981038099,-0.5837407695796341,-0.06311230789241362,0.6590022888293998,-0.6598944063842455,-0.10095608120407867,0.20217997039998267,-0.9339460064346303,-0.043189882071799066,0.27302855828731415,-1.3412249024569736,-0.07540947870863562,0.3029473583509074,-1.5855419128047379,-0.09575767823716112,0.31877530958006917,-1.774148708689611,-0.11079339889958996,0.05576480985772103,-0.9960828975066656,-0.06862322694436442,0.05181246985982258,-1.4887258174580458,-0.10127565083083005,0.029848624687984635,-1.7771136183090759,-0.11909339635935945,0.006248488761749748,-1.975039861183826,-0.13115637649811887,-0.08811801464905128,-0.9535780914579798,-0.0918984826306518,-0.15078907649064482,-1.4055041063481957,-0.12649844502828045,-0.19891917206992904,-1.6638154743889295,-0.1511620946634536,-0.23732840703691818,-1.8494966379168052,-0.16551489010749143,-0.2154782040778196,-0.8389555182474286,-0.11226985574403313,-0.3060866590157282,-1.168563889588665,-0.14273676182259765,-0.3598064327409736,-1.3576479042125182,-0.1520232977396321,-0.3983814177555757,-1.5170449855455452,-0.1525048369774839,0.938049452103506,1.8059613826941612,1.9793997807347936,1.871992992855353,1.5758778402793012,0.9833756535590461,0.8686054294725802,0.9839447196315069,0.9878602033122373,0.9783504547275443,0.9864408935275869,0.9842137765242144,0.9914988518298596,0.9864573883043135,0.9811446634040181,0.9999366365756607,-0.0112571236888748,9.198309582559905e-08,0.3603296013268822,1.3886096678398734,1.941017846701829,0.499757406413375
two_hands_open,0.0,0.0,0.0,-0.22452241678464024,-0.24086861077655858,-0.04249629774763623,-0.38028034300765745,-0.5514479970945371,-0.08612943384985056,-0.5538405056841158,-0.7745101476657883,-0.12176034634633694,-0.6900274856462273,-0.9082777954712745,-0.15727225326264424,-0.11748031207009346,-0.9907845644262442,-0.07949328884791668,-0.16410855793215898,-1.4684363757002288,-0.11008532707864904,-0.18859907803881776,-1.7394478739510304,-0.13091114590496813,-0.2025897898373873,-1.9545127617679745,-0.14048186593728726,0.028942573989348342,-0.9977233659336577,-0.06091315523664444,0.06515943606291377,-1.495204540287273,-0.06567240478672184,0.0810701447812475,-1.7729042673373718,-0.058501653477147766,0.09467029666699148,-1.971725592847355,-0.052863404137311325,0.1452099561728689,-0.9155573495318443,-0.04227197606877308,0.19665876455447256,-1.3411362245185892,-0.03390628695849783,0.2183342911770888,-1.571924878893346,-0.0233492385845331,0.21785486791331132,-1.7313830311668634,-0.016141899710091803,0.22744289435749793,-0.8002539701443908,-0.026055679588591497,0.3087954271206592,-1.103275473609991,-0.00642819264929466,0.330995796053095,-1.2612829591061792,0.02218367733942984,0.33136803475652676,-1.3828394659967878,0.04486626708558045,1.1514517125523425,1.9699994704358306,1.9747047419949277,1.7451098833633178,1.4226955911574615,0.9379811303446717,0.9541796153885261,0.9953514853210979,0.9870511900665905,0.9877329881488645,0.9963915816470015,0.9881497711307275,0.9692662080036023,0.9467015487358195,0.9571941666487861,0.0,0.0,0.0,0.22361235834462703,-0.17506250738322346,0.003146419728183394,0.3781496911253623,-0.396135235911063,-0.015221717776034623,0.5312374671266353,-0.5904487448092881,-0.041330701005717965,0.668613347168303,-0.6577942336035153,-0.07296578206965729,0.20715376103379363,-0.9403003828871884,-0.014063035402740648,0.275273685046203,-1.3496687673823349,-0.02856781067610967,0.30556329387302816,-1.5854082212837133,-0.04198877779459933,0.32518302375248487,-1.7681882714440358,-0.054498844212064475,0.05692336572498109,-0.9976886210487318,-0.03710991598508461,0.057744288186819426,-1.4835997049502168,-0.04693019350611132,0.04267000703508984,-1.7689469908042772,-0.06016902505668225,0.023737020527827352,-1.9714080494834212,-0.07341689487639444,-0.08625972192478748,-0.9518175975030181,-0.058964566326425924,-0.14543375698610206,-1.4012849275005856,-0.07775073254843715,-0.19176780404391433,-1.662042442451,-0.10381980810550465,-0.2315896750088617,-1.8474167977658191,-0.12365032362793882,-0.20937273452217967,-0.8422820296380383,-0.07836814950737345,-0.2987856650536036,-1.1667011834549903,-0.10439693667021403,-0.34969896974362025,-1.356329253630387,-0.11812244393400168,-0.38622209533343926,-1.5121399671024103,-0.12397112027650045,0.9407768423630943,1.7986672527817666,1.9729174296368455,1.8659774931041686,1.5656000848539966,0.9783443138893672,0.8558086538300144,0.9863653630273839,0.9924237613825772,0.9807849867089756,0.9858210574756944,0.9769900272303957,0.9885147605134079,0.9968413828966922,0.9853067400270303,0.9999999813381881,0.000193193227860536,9.009936917150613e-09,0.3538764185188006,1.4148959027580605,1.9771061821761806,0.5212646446097058
two_hands_open,0.0,0.0,0.0,-0.20407285169969155,-0.25765643520738873,-0.04612785402700947,-0.34066278315496235,-0.5787002359409441,-0.09223198695129642,-0.5010002739322061,-0.8074817747331761,-0.132405810358205,-0.6361735752092732,-0.9356243531943886,-0.17456716306393916,-0.08283850305663452,-0.9976919035768568,-0.07779565779900338,-0.11841540147281401,-1.4649323032316186,-0.12185550454861627,-0.1329438751115053,-1.743533057570311,-0.15516592065715104,-0.1381288938088571,-1.9572553018646761,-0.17497376208551377,0.060162878081265615,-0.9955070788003915,-0.0731169211557082,0.1140819905485245,-1.4728322170604677,-0.0867881582402613,0.13843509949938534,-1.7458338888443783,-0.09505518251106576,0.15578257391575848,-1.9470692451999958,-0.10231996880665929,0.17469892363657832,-0.9120357935359497,-0.07115035906639033,0.23506014924147042,-1.3171101123356959,-0.0769108201148038,0.2693578669525755,-1.5610885023138017,-0.08386109156685229,0.28246938876843014,-1.7428867662879215,-0.0917743268442477,0.2580490560892916,-0.7853131689141476,-0.0724022133795273,0.3400535346127961,-1.0540549791798268,-0.07229892524678477,0.3784344237237884,-1.2279360677297984,-0.059955651636630455,0.3980131469586431,-1.3762755704103145,-0.05025157945436249,1.1448071638949324,1.9699095728993758,1.9559693842072519,1.7680118106959843,1.4335529749883038,0.9339909497925881,0.9322280958584519,0.9890010238495853,0.9878115367025957,0.9924990724994999,0.9979176526436172,0.9947879958064816,0.9779392304961625,0.9666799819588051,0.9726441128186797,0.0,0.0,0.0,0.18946914949465082,-0.1995694209841728,0.0056560925999747476,0.3202778922228512,-0.44809465485625566,-0.007015830531782891,0.4541549694474555,-0.6480021084064874,-0.027979524456595812,0.5791961737336679,-0.7307925287142024,-0.05321364484667041,0.14172084860038162,-0.9553523408180233,0.005321751734469487,0.18588580203110994,-1.3411287832612626,-0.0014042333531265301,0.2076134330423127,-1.5605691844347578,-0.01385131532924901,0.221046498313278,-1.7344357417703713,-0.027441703535315415,-0.002526268810816379,-0.9998095647396747,-0.019350767968157552,-0.023841029829218582,-1.4640019776342694,-0.020391207302816423,-0.04727374059023576,-1.727098134341677,-0.03250275636352236,-0.06981320598409779,-1.9132554748738695,-0.0463019636658116,-0.13635050474424162,-0.9438342034867221,-0.044290099452003524,-0.21104331321520453,-1.368633307392796,-0.05836010059453595,-0.2578988744006074,-1.6142809663579225,-0.08673907777697608,-0.2954531041927833,-1.7879816677748117,-0.10979948972195767,-0.2508545487794138,-0.8253872889446763,-0.067122688635151,-0.3489547850969542,-1.1333100529536995,-0.09083717747759881,-0.4074637472059108,-1.3090898948395384,-0.10631523548119895,-0.4485378643463839,-1.4496077823708784,-0.11482992849618798,0.9340008670713787,1.7486800575977357,1.9150885795972792,1.8155514063278821,1.5217538733123273,0.9639166146318623,0.8724978336601129,0.9866474108500735,0.9903388838567876,0.9805275710857942,0.9866365571673661,0.974004987333871,0.9907411320471718,0.9947926329252726,0.9857814882158961,0.9993543729198484,-0.03592822464258094,9.368934610849508e-08,0.36721626653245554,1.294440959577627,1.8664293869544375,0.41848020700874555
two_hands_open,0.0,0.0,0.0,-0.2016533627717133,-0.26590673811631166,-0.030204961061600664,-0.3187348227604569,-0.590475200802179,-0.06999684878232218,-0.4587517174885473,-0.8547308208284765,-0.10567912026590535,-0.5826690729589822,-1.0063965725880584,-0.1435686486980083,-0.04200955491678146,-1.0044604426460662,-0.0718481118396831,-0.049778782936556715,-1.4716464519321792,-0.11298922047175393,-0.051057868445642904,-1.7460139240102706,-0.14237143636541238,-0.044359006228904534,-1.9624683965702574,-0.1591142571262396,0.10602473404440349,-0.9919381272393112,-0.06940826679712991,0.1889863740484601,-1.4678407309368315,-0.08043638995984206,0.23485876070051032,-1.7408224818927773,-0.08272343397148688,0.2706227631255816,-1.9396641973262512,-0.08557516448795849,0.22389794178620848,-0.8948093391709626,-0.06727044084895772,0.3174240933499344,-1.3043131760282158,-0.06725807994995915,0.3709149660118353,-1.5343606549065707,-0.06597602105201796,0.4017577999159278,-1.7043604713541736,-0.0681339901857363,0.30168016869009856,-0.7531376417889922,-0.06686771937303658,0.41084501810443186,-1.0161528642267952,-0.05908963891764975,0.46662866481663673,-1.175772072199446,-0.04047767074121188,0.5060330163411931,-1.3101023844481847,-0.0260956783994079,1.171729178090587,1.9694078490225146,1.9603206337454482,1.7523972685229046,1.4046774205472623,0.9553933114239642,0.9336821308106106,0.9928977749318046,0.985315788447369,0.9949720111447025,0.9959010582856864,0.997877437937128,0.9833974742921471,0.9681175885122839,0.9837320066955011,0.0,0.0,0.0,0.16339567666018637,-0.2387496226270163,0.01607101912690649,0.2604094408934319,-0.5108151667590574,0.007451633527851459,0.36626340715020145,-0.7157482576721248,-0.011933749720658677,0.476559196657225,-0.8120509306958862,-0.0360066334493498,0.05807328104421447,-0.9793333899607214,0.008967747657798734,0.06580365145743054,-1.355944697262421,-0.0023982219835243586,0.06602187256595904,-1.5741741701011434,-0.016715846102031112,0.06149191195722614,-1.7394630522023107,-0.030939568256697667,-0.07975482154912204,-0.9965334079519241,-0.023671402058002985,-0.14630352081873685,-1.4433181570210216,-0.030835788779821936,-0.19394738089688277,-1.6949855204854967,-0.043395959256472244,-0.23353254017541106,-1.8639272341859454,-0.05625840747788451,-0.2068309154507392,-0.9142086208763904,-0.05610917242238286,-0.31494699068149984,-1.3179731008144024,-0.07444977959003415,-0.38326842435678093,-1.5507622161034935,-0.10184785798129832,-0.43686417778172587,-1.7150096791615574,-0.12332767192227942,-0.3166338348568071,-0.7633341917809588,-0.0855101051833376,-0.44286475890445515,-1.045177989086114,-0.11312745802443645,-0.5194738507666773,-1.2096475433066904,-0.1286223895294145,-0.5768507717746377,-1.345159356170257,-0.13649475035070413,0.9422483004044053,1.7408245810813463,1.8793422227132546,1.7740682692919403,1.4699800417905942,0.9540047048331726,0.8785535098717836,0.9871490624290751,0.9889102345611592,0.9836575267510301,0.984173260248856,0.9768893742575241,0.9898814347404703,0.9951294258927108,0.9848859708206198,0.9988246626937831,-0.04846950788527782,-9.620532645568584e-08,0.4018749014207462,1.100972190410167,1.6897819644179042,0.32003424757461985
two_hands_open,0.0,0.0,0.0,-0.15587346094608584,-0.3200055829078298,-0.0033535411834777888,-0.2465443728683009,-0.6882264713103237,-0.027812894041462692,-0.35620645159836284,-0.9590410561622829,-0.051360669501955045,-0.462398539633611,-1.1060012362851745,-0.0813131043318356,0.0565545437467176,-1.0144397604720035,-0.07345078330007922,0.07731099260379645,-1.4862230757618586,-0.11341976160292669,0.09242939491593527,-1.7717140681271517,-0.13911102535526407,0.10761016872904962,-1.9870344247489775,-0.15483877194619022,0.20481665871429683,-0.9746431466549599,-0.09011588645532852,0.3297158703705168,-1.4536632417742201,-0.1064106166806295,0.39779790368942486,-1.7329677679103197,-0.11514009121902312,0.4482410517702854,-1.932915066686294,-0.12308497722757764,0.3160701097678977,-0.857213456050704,-0.1027172615598559,0.4530250020856505,-1.2664828835330655,-0.11492897633109275,0.5302903679698143,-1.5048150649634622,-0.12891884780936427,0.5808523028552355,-1.6821739908510023,-0.14280579226339082,0.38228796568467566,-0.6896053871967558,-0.11285107118085627,0.5264432263609935,-0.9051666888601879,-0.1239371629787443,0.605345197954539,-1.05834053143432,-0.11908307282005241,0.6677204075058096,-1.1878646741736882,-0.1143784986682599,1.2015252660912754,1.9959611215775719,1.988021782359068,1.7853549304078988,1.3674631504019008,0.9542169272804343,0.9194056501180089,0.9967176149299866,0.9922745593003581,0.9948568172175466,0.9963566038578552,0.9907502695187737,0.987067995687117,0.9573374717129703,0.9913293152521223,0.0,0.0,0.0,0.13038910524016453,-0.27770659271030096,0.040566218945858254,0.19231805231874616,-0.5720300448041936,0.04819866489329782,0.26829039803267285,-0.7885358590644892,0.04112847842272223,0.3726487567882575,-0.898969810715406,0.027416673743072897,-0.04026644317324615,-1.0038978845036304,0.0427369635021463,-0.07222484125080314,-1.3644303255482255,0.03904047010387563,-0.09120491551101009,-1.5661752130368838,0.030080452480134,-0.10671234332564057,-1.7236623189575608,0.019070118959101448,-0.168568729938769,-0.9856898228281569,0.00039555003089860653,-0.2778150488123741,-1.4229991846417749,-0.0027311490243048598,-0.3474123294625964,-1.6630517673325493,-0.013697940056440852,-0.40077965441250935,-1.8310636021089002,-0.02525366090326316,-0.2811371899815512,-0.8672283248419954,-0.041364301670800865,-0.4361104475505113,-1.2444356992822854,-0.06330719616892587,-0.5332591676909775,-1.464550435208611,-0.09733702086443996,-0.6099860909661367,-1.6300403451150054,-0.12151680243677661,-0.3785428203212545,-0.6827557767013498,-0.07712658359698953,-0.5397919171584054,-0.9476640365722094,-0.11158254879108227,-0.6377385460214523,-1.0951784372489468,-0.1337661083091482,-0.7194159903813124,-1.225048209546442,-0.14632951702678224,0.9735324804610583,1.7270677414187665,1.874581551639738,1.744672144315158,1.4281858459187162,0.9549000966920659,0.8653658623505776,0.9890489066740616,0.9918359072646814,0.9832803417020426,0.9894015254195325,0.9712011263080389,0.9935418085501655,0.9867897769756366,0.9842532458943072,0.9987716183160992,-0.04955052417709904,-1.223378489358435e-07,0.4477566622867924,0.9154707799947835,1.4739808854149792,0.23064011171192894
two_hands_open,0.0,0.0,0.0,-0.10190662756637808,-0.35532955019919504,0.01648815101063314,-0.1336343857676421,-0.7438840950103963,0.0034417202728681926,-0.1999762596984532,-1.0291983839430388,-0.01415660402943248,-0.28915646219462593,-1.1940854059415098,-0.03927785862797697,0.16798178709090014,-1.0418471415980344,-0.04009478054116249,0.25040402397205647,-1.47909217693451,-0.07422437541741936,0.3004160987320807,-1.7470398067033157,-0.09825824047493001,0.33680339531930714,-1.9450308197321258,-0.11447852436921598,0.3024146276553396,-0.9502000418964467,-0.07526801020402414,0.48044049995492666,-1.3849358569142918,-0.08915205262072809,0.5898230102003902,-1.6328709575744496,-0.09989740283082085,0.6681924713067261,-1.8076138620015632,-0.10922468251996806,0.40302207071976026,-0.7864773557572936,-0.10776027184829909,0.5812745292611113,-1.1891820031279359,-0.12922312033942526,0.698913648550725,-1.4070199673410841,-0.15094921493650548,0.781719269803192,-1.5750993452276174,-0.16871805623736294,0.4646144696490255,-0.5763559306489096,-0.1361983436642702,0.6398545580949525,-0.7830219437107602,-0.16064236161798937,0.7481397065565326,-0.9116961394025483,-0.16362559236252586,0.8284108937207936,-1.0229423299286313,-0.16363051692689604,1.2292250267911942,1.9772927829100555,1.9302536320605084,1.7664905169908554,1.3264428239712647,0.9525070973024472,0.9121756096043129,0.9963268879803971,0.9974413788257794,0.9908837917273517,0.9965297967911207,0.9721918434832395,0.9879355737073935,0.9769768965001373,0.9756225701715471,0.0,0.0,0.0,0.07837670251279333,-0.3190424418148973,0.05592312238971073,0.08156528206390506,-0.6348628078894591,0.06861409173148497,0.12485524169075603,-0.854300723765471,0.06319321259774248,0.21171601360794984,-0.9889907042753286,0.05216954828245713,-0.153318499652183,-1.012530022420857,0.04647934690420558,-0.23606645485868222,-1.3680155451222666,0.03616838245638937,-0.2860528180373589,-1.570127428290771,0.02735155538614514,-0.32438611464806955,-1.7169559124493456,0.018130966378272828,-0.26873193858973193,-0.9631958042800683,-0.006081759537879338,-0.4241568332181039,-1.3807583973234792,-0.021716474738897765,-0.526622964368678,-1.6130097650610675,-0.034386194935633156,-0.6011236424622897,-1.7664040176334952,-0.04398180639233859,-0.3668263017206121,-0.8190933945983229,-0.056601543994216595,-0.5625579338309646,-1.1706326797146778,-0.08701194107160105,-0.697359224754243,-1.3685981211517666,-0.12057647540456724,-0.7989093639610432,-1.5116879152669773,-0.14220511777377756,-0.4478775461114288,-0.6048025546910389,-0.09955713354851897,-0.6386089701596501,-0.8313166693720756,-0.14278167093079222,-0.7576814812754081,-0.9547882607848946,-0.16753197294038372,-0.8558778789519239,-1.0598119548142029,-0.17981119279171498,1.0127427834001326,1.747424587389409,1.866404882744475,1.7157152504159634,1.3740670974517675,0.9377551662931121,0.8789898666397858,0.9937364551118701,0.9928545362580111,0.9806028174268985,0.9881844846889616,0.965080377528831,0.9919184432598871,0.9787579618550208,0.9808707183471808,0.9996063511163014,-0.028056065438909338,-2.0331314772464502e-07,0.5081190638047888,0.7097099884502773,1.2557187362703977,0.17974071832253943
two_hands_open,0.0,0.0,0.0,-0.05554247564308603,-0.4102346530421367,0.036860565395660246,-0.04901415965431382,-0.8150869185245886,0.035478807125458735,-0.0817202280635438,-1.1200484237738835,0.024471209087287678,-0.15427062939576722,-1.3114837791695557,0.0038476811890938256,0.2630727943429406,-1.0360891234218224,-0.020807979594117267,0.39121418396597313,-1.473390088646814,-0.05552235421437921,0.4708260722560943,-1.7373290883113435,-0.07742037966478217,0.5306697295730608,-1.9282722948923583,-0.09206217264758722,0.3860189416987111,-0.9199503129285801,-0.06841636056101597,0.608553186544546,-1.3329476705533547,-0.08953803734915314,0.7432177424422379,-1.56646391482296,-0.10208486957432043,0.8361959477904228,-1.7275012100436586,-0.1101399880183631,0.4775951373796467,-0.7300478167542087,-0.11267444468982753,0.7035958420572366,-1.1169346023199083,-0.14570276523759684,0.8451537584509341,-1.323848593871609,-0.17099214808396265,0.9448061103284533,-1.4905536176294325,-0.18811445009393812,0.5304904258907646,-0.4856039961758907,-0.15065029455213053,0.748792073891587,-0.6621036591375792,-0.19044333515216944,0.8813841039367325,-0.7615095269714197,-0.2008593634390833,0.9844645268680737,-0.8482051981407684,-0.20316172454365905,1.3205316863936127,2.0020788817544584,1.9223982185707815,1.7747663844789023,1.315255545182819,0.9595279507918316,0.9163412829537722,0.9972900687172124,0.9960496168413889,0.9908059419132872,0.9989573786207029,0.9758132674633998,0.9801900546692522,0.9725904534097306,0.9770192042206506,0.0,0.0,0.0,0.04053190984168758,-0.3729633435334334,0.08327513224302531,0.008278196620361278,-0.7006709427936055,0.11088850421868149,0.019682821548070356,-0.9222004528751941,0.11807072964623475,0.08764791101279319,-1.0778110492297808,0.11727507347602889,-0.23994161909906658,-1.021007234027354,0.044761395950284916,-0.37156387686373116,-1.3667336010812712,0.030661701219694904,-0.45143925844565463,-1.572908378699701,0.028575725978165697,-0.508526760153755,-1.7269269114254602,0.02490804445338122,-0.3455405817764257,-0.9381897402293395,-0.020042895848995584,-0.5527174779692756,-1.3276511102412643,-0.05478210279588878,-0.6859024156380743,-1.5497721681258791,-0.0679121450461672,-0.7845443808071827,-1.7055302173534712,-0.07381985976280551,-0.42995387895004644,-0.7645701261351106,-0.07869652295337967,-0.6706950024855358,-1.081302369972863,-0.12296358836720812,-0.8304377519062847,-1.2518529875852809,-0.15578810548364544,-0.9515411704803527,-1.3859346631067593,-0.17309478542192977,-0.4938071168311223,-0.5195841228805453,-0.12605023177913335,-0.7240911069978706,-0.6962804800749137,-0.17988057264794868,-0.8596857772162748,-0.7958867656634964,-0.20740502546581194,-0.9704872619129356,-0.8820879289223084,-0.2192781204587988,1.0877096381872853,1.800415628091593,1.8787742225869783,1.690031743565851,1.329664444135308,0.9497575776589698,0.8847077962504207,0.9906877925703853,0.993786798233817,0.9814529175517985,0.990230086081405,0.9662799921372428,0.9848528298006646,0.9905884351424743,0.9737513141401646,0.9998748445064327,-0.015820724483019022,-2.6351518111717775e-07,0.5492342865822948,0.5774507952242166,1.1186528407437224,0.15048323925127602
two_hands_open,0.0,0.0,0.0,-1.115793838661787e-06,-0.44217595668978854,0.0650882664318106,0.07049883017688813,-0.852203165391681,0.08900464098665013,0.06411574555718359,-1.153303976044453,0.0993190082369664,0.004742557734138741,-1.339236513937537,0.0990487769166655,0.39797961069458154,-1.0124505010500504,0.019051681951053997,0.5803859921033081,-1.3885285664168192,-0.003736153338801745,0.6882089940230853,-1.636057511356482,-0.016686677484347406,0.7628186566557899,-1.8151838308108224,-0.026998106090126775,0.5070997849403497,-0.8610206642131591,-0.03864225551622568,0.7949257483403759,-1.1901826980915295,-0.054875680497877166,0.9656146827409423,-1.3759493546339328,-0.06719724463542112,1.0882169939392607,-1.5105807912526774,-0.07579474610504315,0.5795869597377331,-0.6481358781930131,-0.09180792190636795,0.8626487314008598,-0.9638912771685826,-0.12904513146695631,1.0319507340599696,-1.1142981790096074,-0.162573899473364,1.1600169637091218,-1.2473189052336973,-0.18495216771874493,0.6121921913827351,-0.386536524993639,-0.13565349796211398,0.8636729061676582,-0.4840422771956834,-0.18794204578939572,1.0118187137831813,-0.5057789329895604,-0.208808893794626,1.1276322873128952,-0.5233968217936573,-0.21789819689577486,1.3429026741823533,1.969140304882222,1.8632808152119462,1.713374189075516,1.2621324941006167,0.9386726725086413,0.9076782253593854,0.9868695869678494,0.9946125004564543,0.9913293152521223,0.9984930997416053,0.9594270808479956,0.9739991734717773,0.9276230858343425,0.9804999707823063,0.0,0.0,0.0,-0.0081587385818954,-0.3778771567190178,0.09442379107247281,-0.10750730175143894,-0.7239614945887622,0.12943763689773052,-0.1460440936244812,-0.967170000269871,0.14138377197737947,-0.08950693147049221,-1.156120290264795,0.14327474468757329,-0.34698902725956315,-1.012214052347354,0.05012194666641926,-0.5299991757720222,-1.3294745398374892,0.0325185556156822,-0.6441057774038688,-1.5242882256569235,0.026398405866314652,-0.7254272402069303,-1.6658383580967675,0.01981857012116183,-0.4411084141083026,-0.8971876050916223,-0.021857910989333085,-0.7071066600353442,-1.225678173105238,-0.0514649640700726,-0.872997153250061,-1.4085858103618296,-0.06318331645239733,-0.9956896236965836,-1.5410555674045945,-0.06951622829609459,-0.5113859424990082,-0.6936338702218727,-0.08682050116430991,-0.7941453298961482,-0.9568648633762796,-0.12755921827930966,-0.9737822518412081,-1.0808621477919744,-0.15804889378975698,-1.1098631883262147,-1.1839832354045938,-0.17605796168229862,-0.5565495910416698,-0.4160672841837774,-0.14012620781989726,-0.8021974237037944,-0.5383227039534032,-0.19290618260630596,-0.9465580730753356,-0.5986720723269329,-0.21905847116381819,-1.0640040064238507,-0.6544453602839747,-0.23071676696865476,1.1683977357083957,1.817045649361189,1.8360508148093986,1.6323630124431532,1.270288739556364,0.958194661957086,0.8569678141633766,0.9930143861504719,0.9950251432882684,0.980820871758271,0.9948486038976924,0.9528011748687814,0.9823654253242632,0.9779603364811218,0.9715082946846638,0.9998335610018307,0.018244185218263424,-3.464937040310751e-07,0.5904406748125851,0.4486802872224069,0.9752852487792649,0.1512545612006832
two_hands_open,0.0,0.0,0.0,0.09758164257780451,-0.4648996906813758,0.07919289279282632,0.2567211396154383,-0.8606374184914948,0.10209157245248247,0.29770726357440735,-1.169819956331791,0.10873088470688119,0.2685443964787841,-1.3775999998633632,0.10229896010206732,0.5997384498440301,-0.9270893052614761,0.006017724169284548,0.8651758086518633,-1.2693407305285007,-0.029842037973488535,1.0177930212053405,-1.4992041769431,-0.04683919067529741,1.121192761351083,-1.6654465384770443,-0.05899569516014993,0.6840546613162425,-0.7261472040952753,-0.06913362652237663,1.0779137609437266,-0.9735191222489549,-0.10000730557677547,1.3040546649274547,-1.096916758911141,-0.11283701180487267,1.4663528489109043,-1.1890472597214756,-0.11935680166418876,0.7273508078774318,-0.45898848387643654,-0.13877891417257274,1.1230720922449406,-0.6994843727164771,-0.19219351381928587,1.361401381843304,-0.7716775507177608,-0.22839932171170824,1.549622582830345,-0.8390941194541974,-0.25111628903307714,0.7289521462116086,-0.14439900480457515,-0.1974453315484507,1.0301101435159654,-0.16509385031164386,-0.27049534291129324,1.2218517871862427,-0.14993271514070639,-0.30049099307688004,1.3781207088793477,-0.1422821575174616,-0.3141615020667693,1.4072536835061606,2.00854820023784,1.8916315998269273,1.7800192361708198,1.420619002396768,0.9196447299913256,0.9121045997658567,0.9757065317990189,0.9905659998019077,0.9798246100936226,0.9928706141389209,0.9199227609304813,0.9813953402944847,0.9469618487713566,0.9765034090422284,0.0,0.0,0.0,-0.08510106686120687,-0.37513906494723614,0.08705075382574856,-0.2344712220771008,-0.6869366948570045,0.1077666330394922,-0.3164886689016718,-0.932177196050027,0.10806516261687106,-0.2981121761745564,-1.1751513363558088,0.09924415692933464,-0.4895179772941224,-0.9820782124689775,0.008054148934836525,-0.7297031672670468,-1.2515717703460751,-0.038742571383796644,-0.8791483448760614,-1.4295468515595426,-0.06310968153849728,-0.9904998326670904,-1.567117382093157,-0.08070431809082296,-0.5394209905068063,-0.8391286048742307,-0.06991551675045567,-0.8611366948896358,-1.0826504371754186,-0.1269108917044329,-1.065656866736704,-1.2160713450750884,-0.15250980519323526,-1.2312678011538767,-1.3242542064676945,-0.16891924215091209,-0.5633137685501534,-0.604905840988796,-0.1400544655402837,-0.8929136703606034,-0.7654725891795274,-0.20214672781244783,-1.1051976614988017,-0.8388992588511544,-0.23808946072386541,-1.2743685938861147,-0.9233870247800053,-0.26045560081556424,-0.5657073537238269,-0.2985528970771098,-0.19879658929796928,-0.8332306466987004,-0.3262604069197105,-0.2745029734149281,-0.9966744894027999,-0.3417717858958573,-0.31171953592855195,-1.1400950550623465,-0.3715494003273448,-0.3303824972423271,1.2164295851412803,1.8556562167412771,1.816095622998559,1.5951476516647416,1.2437918981667715,0.9563492892805456,0.8727100936631361,0.9878607009153969,0.9940408380995054,0.9751398116609061,0.993095261187248,0.9621021044105327,0.9569425890799347,0.9834043901668027,0.9538762863513204,0.9976464745347582,0.06856757140376522,-3.9694846642385223e-07,0.6457931717724579,0.32753307743624677,0.8250949506731163,0.1763495445951219
two_hands_open,0.0,0.0,0.0,0.18720348248661012,-0.4527586042254089,0.08318593932019559,0.41433020413147764,-0.7622363261280378,0.09915422359559989,0.5170755894876128,-1.0190496463788785,0.0936983768273371,0.5415277713368155,-1.242422995155366,0.07757411212514727,0.732327919693254,-0.82927328607925,0.007156526969522672,1.068493416956572,-1.1124891780534552,-0.05695763033483518,1.2749425648914396,-1.2999873192979754,-0.09488460387760772,1.4211979351491448,-1.4397818971584135,-0.11950513724886985,0.7760062367416364,-0.62508298195239,-0.08417592418020507,1.2503708765181187,-0.7423898730176767,-0.1342836747884218,1.5320630990603117,-0.7714899441434124,-0.16643984238987164,1.7392595115253655,-0.7828043134404353,-0.1874315082306238,0.78068419640167,-0.3406655146539774,-0.17292849639246974,1.2507134308868622,-0.4393670534371961,-0.24136516294474278,1.5269111433552025,-0.46950904785102815,-0.30156934512959827,1.7482781465439008,-0.4961557476878635,-0.34329951983248264,0.7531333700341196,0.020793825192605187,-0.2518458347342624,1.0800705146042828,0.1821741333451552,-0.33747160050651837,1.2814896933897881,0.2812988275250569,-0.3845164054891708,1.4540781944852483,0.35800713581913834,-0.4120182899825443,1.357528993757354,2.0265875160195144,1.916490754438959,1.8494598032841627,1.5531489227550082,0.9172952854412135,0.9120995198327091,0.9878731476270916,0.9907915003127015,0.955720774539785,0.9841977104900238,0.9616492416992104,0.9903295103860221,0.9923216109954796,0.9767777013352765,0.0,0.0,0.0,-0.14765766380575657,-0.40180965539830577,0.10397420627757124,-0.3531611190946777,-0.7034189661892458,0.1288252077507597,-0.48231234206317275,-0.9500240753787743,0.12982860468615354,-0.5188624574058304,-1.2073141823537614,0.11995356081460268,-0.6090305815729793,-0.9403887267147152,0.0005701668347738116,-0.9003597398967476,-1.152062650502159,-0.05843746763550164,-1.0799672365692912,-1.292401354854432,-0.09303187901439756,-1.2191236000236025,-1.406683275750027,-0.117033275126558,-0.6287739745495765,-0.7726482678372092,-0.08750967453538316,-1.0005197654608948,-0.9225376207739443,-0.14758404283532264,-1.2343148526654857,-1.0003052320443668,-0.17928703439554022,-1.4214322224700362,-1.0449633866228987,-0.20445890512008807,-0.6183626347477535,-0.5162435249269255,-0.16540351788491184,-0.9858613861439359,-0.5491020407080386,-0.22497319293747503,-1.2152231839247924,-0.5448700456120141,-0.2603615218197821,-1.394336320985337,-0.5520062153732948,-0.286751783631587,-0.5882452121287296,-0.19162196977487278,-0.2310319002075243,-0.8801478637090226,-0.10847417334184713,-0.30401416384148267,-1.0568334333017588,-0.06901717533849323,-0.34249684765213734,-1.2148925075927248,-0.05413042173942405,-0.3652667264213661,1.319550924129058,1.8651318928955625,1.7760128057931928,1.5267977021352794,1.2697691479135913,0.9578902195837959,0.890572797034724,0.9883944249021882,0.9904173525637189,0.979318444425518,0.9725803074530347,0.966088360557035,0.9815286575296444,0.9801732837604156,0.955183262794306,0.9943271337122325,0.10636517834002299,-5.578357553955649e-07,0.6863721251767414,0.26545187478284515,0.7010538669695437,0.23677282993099766
two_hands_open,0.0,0.0,0.0,0.25596458991746524,-0.3925279560809784,0.0837892293498017,0.547116999923448,-0.6500068794728808,0.09925531329943574,0.7256240992382275,-0.8536761610232418,0.09726741420149886,0.8082652857359656,-1.0990992112150884,0.08821890526063093,0.877041878535553,-0.7055695939700705,-0.03277860211073643,1.2888506526942436,-0.8873252188969624,-0.1239987067717318,1.5342506819036494,-1.0481377120716273,-0.18184877945948877,1.7082371393032432,-1.1980031484307017,-0.2177960021360375,0.8784300934623024,-0.460513388930067,-0.12762440799453442,1.403326048680195,-0.46534961704698524,-0.20575288156654237,1.7134713488648021,-0.42628300984507345,-0.26001880259243065,1.9439657059902848,-0.39481547989012444,-0.2949194607677869,0.8439016009356305,-0.15399877922794622,-0.21614459858539517,1.3574916038778673,-0.12419140990598884,-0.310601014488323,1.665486181199343,-0.06357534133519187,-0.3846505715968877,1.9147283958162482,-0.01356316788489786,-0.4321520087985789,0.7753610146107051,0.22104946081879412,-0.2922999338152938,1.1207706506671937,0.4956377771029385,-0.3930705787338726,1.3280476017176002,0.6684349274888138,-0.4442566152654202,1.512597377685913,0.807198122424046,-0.4713239908211951,1.3671482814475011,2.097789495228547,2.005457408564624,1.96293763221779,1.7781074039975266,0.95687778029392,0.8740413459944616,0.9486439068474952,0.9570828007448395,0.9570377989296549,0.9919935283588937,0.954633910504563,0.9850152352234834,0.986151705361829,0.9724907004136417,0.0,0.0,0.0,-0.20469454092215295,-0.4272549750051877,0.10962719623367541,-0.4789527435153742,-0.6861189171872516,0.13646436657164907,-0.6710796323285105,-0.9165158654636866,0.14048625442615845,-0.7597545707202858,-1.1947599552542076,0.13124220938295858,-0.7373848427623888,-0.8624477444032105,-0.02915419811294675,-1.095419914949313,-0.9866774761949358,-0.09822464974929808,-1.3102721670786222,-1.0936278822348837,-0.13721792860088552,-1.4814528590757543,-1.1902676670597339,-0.1658343994620931,-0.7342761674553074,-0.6682658902406302,-0.11941193344068733,-1.1722820191353511,-0.6645317189787334,-0.18791811188935914,-1.439776881765665,-0.6772432087651232,-0.22888879797349837,-1.6510797082737403,-0.6716497045911272,-0.2651206758989044,-0.689644919700473,-0.3913318449841662,-0.19552583840097423,-1.088131039619306,-0.2699869493616833,-0.26287356271181134,-1.3357103221861706,-0.18606987102283462,-0.3095822504531792,-1.5335851097444282,-0.12794097480000421,-0.34776393716916976,-0.6158014273216931,-0.049764867244751966,-0.257351606235706,-0.9073663376098615,0.14946252232550117,-0.34135942849917045,-1.077856872677946,0.2714487492434277,-0.39002879120887163,-1.2341150654534705,0.35880011708102594,-0.4218120930779964,1.421936312193033,1.9076007813367295,1.8020728346933539,1.577717318741861,1.352665132493413,0.9578910826032178,0.8761396496069371,0.9594191712483073,0.9827972945631419,0.9823486439605578,0.9760733422598957,0.9888852072548417,0.986985112724613,0.9930804069875363,0.9614924950053689,0.9929792184965016,0.11828893284546828,-5.976017474815684e-07,0.7210468505892904,0.2292025731258955,0.6081784538094591,0.30656652081118924
two_hands_open,0.0,0.0,0.0,0.34499658309233705,-0.35074973246103996,0.06818311034178,0.7196132187627782,-0.5539496020069744,0.060152155717977,0.9674433750524688,-0.7139355193324785,0.03351847053267901,1.0808001316592875,-0.9928581923501054,0.0014194962324144715,1.0016134068650306,-0.5057552213282593,-0.07932081532699953,1.479901371127076,-0.585660551846531,-0.19948509184268073,1.765745294076767,-0.6708783271782451,-0.2780324608178837,1.979911226150667,-0.7713844209752845,-0.3283143050533303,0.946528542248552,-0.26504959029011704,-0.1839359491667469,1.524515725480927,-0.12551024001004202,-0.2914672196920731,1.8746111311703295,0.02982616642682441,-0.3677257497743391,2.1433513588600572,0.15338386458430606,-0.4187246660123585,0.8555613717319632,0.03165710934953108,-0.28098714083895593,1.379150614422982,0.19847033044593212,-0.39826317379707543,1.7017029468459304,0.4072359148655314,-0.48100689620320075,1.9639248126241937,0.5719665711572695,-0.5337394899548629,0.739972615491023,0.40595766105472,-0.3668851788586336,1.0769135441769306,0.8228247971836029,-0.46510852286577453,1.2801879480066758,1.0708184893834733,-0.5068323388027417,1.4676658450723852,1.2630488169139917,-0.5310362944675581,1.4676165472224023,2.1500866659889466,2.189249187134537,2.1140066866733545,2.0078184411798063,0.9668259277659991,0.8062414982571762,0.9614182034825506,0.9513823356678881,0.9432146065631193,0.9907888769990923,0.9172202875802378,0.9855379887267917,0.9833567653774016,0.9699532393717786,0.0,0.0,0.0,-0.29404227733702953,-0.43282707725749275,0.09607259696215172,-0.6466645058859134,-0.6685340740243199,0.10277250602673016,-0.8885904866509943,-0.9031449463165466,0.09065865866634432,-1.0135055422275057,-1.2155032678876356,0.0627773969344169,-0.8585974907347207,-0.7768336369450084,-0.11383366542293898,-1.2804828968975415,-0.8452241559370537,-0.205794598642585,-1.5254195952175267,-0.9270989270843147,-0.2557020856876433,-1.728165650566087,-1.0008359526902344,-0.29338691490084773,-0.8034248047547592,-0.5575076114930431,-0.20903073035345576,-1.281018634984003,-0.415313371490539,-0.2935086611997586,-1.568408408193274,-0.3478208843721123,-0.33985918082773553,-1.7972501279928619,-0.267303944667263,-0.38531225760400906,-0.7023881539033724,-0.2505340376509309,-0.2873453171177916,-1.1211776608804913,0.03704241019604498,-0.37528789752333025,-1.3773644965411425,0.1829505693013122,-0.43090948616665575,-1.5876714184292826,0.28929530441395845,-0.4783642633025992,-0.5746443432343405,0.0993402677359338,-0.34990415667544245,-0.8715146507138412,0.41144612545234066,-0.4493806244018958,-1.0398534892957032,0.6128383365837604,-0.5014218433343598,-1.2002349136609969,0.7757139515938045,-0.538058326812153,1.5838505863676828,2.0184907732830766,1.8574242803584042,1.6832185462554332,1.5270241470651305,0.9401439100653165,0.8656324901457365,0.9490733508998564,0.9899942896039977,0.9811533183310991,0.9649527193293044,0.9732520719002298,0.9840368033016443,0.9776975384450258,0.9719226346096997,0.9922632187139884,0.12415194234037416,-6.841518684252565e-07,0.7284250572262773,0.17483317847491348,0.5270739266007922,0.39380587396026134
two_hands_open,0.0,0.0,0.0,0.3801444466676371,-0.2811181955967754,0.0385576199878323,0.8291871757214179,-0.3803637600433517,0.02786497341870443,1.1453626969478141,-0.46573151581135025,0.005937986815517731,1.3120946471789325,-0.7363333486439986,-0.017141733711297433,1.069843169967994,-0.33505045167336056,-0.10233292048923927,1.566310790358474,-0.2548897138748529,-0.22257567761966437,1.8663833313386167,-0.25787194861376517,-0.2994764711125347,2.097705643450971,-0.30942874666600934,-0.35028829298569686,0.9733513038785538,-0.12347139175759048,-0.19324092386283692,1.521432225368939,0.19528424114343745,-0.3049656402543013,1.8486623445763557,0.4688976281658462,-0.37963429638281243,2.091123717988399,0.6997962645050183,-0.43045873921163763,0.8357805571283612,0.14883990097748537,-0.27882380624721953,1.3354740937863254,0.49083246077118775,-0.4070719870126012,1.6280216326630406,0.8046620375926399,-0.4932695463443789,1.861738819654602,1.0665554110177609,-0.548297689709617,0.6750871516763823,0.4829717412471221,-0.35561586535283873,0.9565999948483149,1.027233173216761,-0.4699857762893396,1.111026513307927,1.3651711053772864,-0.5218438753869713,1.2543258147493188,1.645928729979195,-0.5516758341192528,1.5046836885257713,2.1491433186347026,2.2467327259628536,2.214552377777748,2.141672444532226,0.9797907908152101,0.7603226160699664,0.9472212365445726,0.9339243586436363,0.9468200734795,0.9784713928065955,0.9312492765071324,0.9847819994623238,0.9788543465828582,0.9803431729252109,0.0,0.0,0.0,-0.34482453125049745,-0.4002090340318399,0.05420906812829365,-0.7550580060522954,-0.5509010047475311,0.03302038234824905,-1.035682123115326,-0.7594525581328174,-0.0011782145527444831,-1.1980752726973791,-1.0682426436571195,-0.05507123448964256,-0.9045330012858399,-0.6066534645092934,-0.21089550162151993,-1.339351657606721,-0.5786832256593629,-0.32466141029518836,-1.5902311165290144,-0.5829165670468667,-0.38163832769825495,-1.8065597087679228,-0.5764049770500574,-0.42579637854580804,-0.8005128114777997,-0.3828236175408102,-0.3031442583019043,-1.255018267918743,-0.09581276614298911,-0.4178923725005891,-1.5374182731627213,0.0642867114832739,-0.4787697440628656,-1.758145089707505,0.23427145253859777,-0.5358441590490673,-0.6516011356134807,-0.07283528488366424,-0.3780303892398591,-1.0229226089020882,0.3573475541509704,-0.5088625750699304,-1.2478963540681836,0.6088927875298518,-0.5804367259615723,-1.4345302304311622,0.820741632060037,-0.6327689209319103,-0.48549279564130127,0.27258965521212886,-0.43747185183469545,-0.7302748915866593,0.687969019401773,-0.5674981448595349,-0.8603910164242085,0.9405204425275107,-0.6261887062238077,-0.9784670159952685,1.1603060677141948,-0.6647954999073062,1.60610072711666,1.9435028260577458,1.8528589349230442,1.769714755522706,1.657003599532019,0.9075441783322611,0.857593727610068,0.9729169026245305,0.9837926569565195,0.9831852102815749,0.9557936277439183,0.9922386794668643,0.9914874916717648,0.9741138297551177,0.9831335463615944,0.990763060557542,0.13560441672084667,-6.717750749177498e-07,0.7241407594881277,0.15991268731144467,0.4472594620651982,0.5087568822959603
two_hands_open,0.0,0.0,0.0,0.4579819563339491,-0.17424715832659624,0.010785692069066755,0.9270454006639186,-0.16090202721503877,-0.0276509498764269,1.2729134627622962,-0.21086658707989026,-0.0733316985490489,1.4961556074121296,-0.47867079320778955,-0.12104727556553727,1.1017132706717678,-0.07178326101880528,-0.18396596169984147,1.6177808409058032,0.18454367496827095,-0.3448699590693621,1.9382158311233801,0.32784792180008565,-0.4486378926149252,2.1971902426756382,0.42043003929987594,-0.5189575735134068,0.9521170972808026,0.1298767040295123,-0.27677621793790175,1.4616531289648467,0.6375601209056097,-0.4345496655893818,1.7698192847519951,1.0439750220481716,-0.5303831818255941,2.0067277600780646,1.4001463997527104,-0.5974922062672656,0.7615546905082008,0.3833357131786641,-0.36409063167258116,1.2133961517647431,0.913297688443072,-0.5333822462664164,1.4626521646859023,1.3313256329869594,-0.6312779090342944,1.6711014108470161,1.6875485179982137,-0.6936101458511614,0.5548498938109307,0.6682160336873718,-0.44377601491942653,0.7533996416505337,1.3080352650655276,-0.6005433961024842,0.8699295663346737,1.7207740272974037,-0.6746378929882317,0.9927256639246063,2.0950491931663406,-0.717333587207458,1.5755188900114057,2.2964588704267377,2.518801933530806,2.4741655078754383,2.426788585958283,0.9434648048387577,0.769007246804305,0.9867186306890676,0.9735292840987321,0.9557603360218524,0.9783722408180608,0.9461753324190922,0.9843159099303479,0.9796367755123678,0.9759687236777774,0.0,0.0,0.0,-0.4079301802789614,-0.3647999409993229,-0.01670947365347732,-0.8562020393102077,-0.4405212456033917,-0.08054536886823911,-1.1828020971666178,-0.5783350010731041,-0.1453868831220012,-1.3815785402788485,-0.9118343878445528,-0.2288080014298386,-0.9282163319222977,-0.3943798137651222,-0.3002936608871533,-1.3380169986064137,-0.19022133563237104,-0.4360001947472662,-1.5746718291146957,-0.07803365898994474,-0.5035899115767376,-1.789583434358137,0.030977171768883326,-0.555975936053317,-0.7759628138409148,-0.1467031883389139,-0.3692794975246278,-1.1659171556351569,0.32835960558835203,-0.5134274172909967,-1.4216455137450827,0.6054146029249324,-0.5891467880151328,-1.627463543866914,0.858435151786646,-0.6590676320161684,-0.5840928691498146,0.14705675819197622,-0.42390726618563784,-0.8593011526540718,0.7699668426934655,-0.5799815650004063,-1.0238771649954361,1.10638233173222,-0.6531779299294114,-1.162168258633904,1.3707963578013649,-0.7059790782422769,-0.39248555478713637,0.4328000648847568,-0.4698990345842372,-0.5592720390593854,1.005283616959529,-0.6117583253697583,-0.6416726819441967,1.3170756259965966,-0.6715044138633923,-0.7123953314324529,1.578277713336535,-0.7118673652949369,1.6710937482179753,1.8742138872525262,1.9544612147623235,1.930835097788898,1.872224023570233,0.9259379406421225,0.8019641035109578,0.9871853089916623,0.9852087977229242,0.9792379494642331,0.9800853920387793,0.9841046954151761,0.9898373567579166,0.982157638075734,0.988660848087873,0.9896855532522444,0.14325678232834058,-8.540630260773585e-07,0.7063273684543231,0.1545770957202758,0.37709936263656224,0.6307724741248438
two_hands_open,0.0,0.0,0.0,0.45198804843932455,-0.07998633713410831,-0.04272850019167194,0.9370716291486351,0.08662865935630862,-0.09207977693858697,1.3239749740390814,0.19376279936436436,-0.13722265760943428,1.5964497172599774,0.017819734918447804,-0.18314054761810586,1.004036750546598,0.22856567029082103,-0.23384226140593323,1.456144341389969,0.7141126757336999,-0.3897495538265988,1.7360894952743422,0.9914961784002325,-0.47430690353133453,1.961914992412803,1.1991900220295544,-0.5315298137942156,0.8401460937775417,0.45083121838691964,-0.3015058102891279,1.2450817373976046,1.1577764957428964,-0.45619830745608864,1.4717503647367918,1.6304823907272497,-0.5369747822765466,1.6345784003678905,2.0345749041465866,-0.5951869851000685,0.6224922303779507,0.6886426227920426,-0.36587560968864036,0.9431914481478502,1.4082035821326888,-0.5453137061098209,1.0850568128070897,1.9081718744478486,-0.6298705115403661,1.1944145602811451,2.326183557058893,-0.6800541257782049,0.38250867715757636,0.91565087722617,-0.42567348114729575,0.47033939080358234,1.588034149724771,-0.5995277696880681,0.501179054991907,2.019582624168884,-0.6720921860411355,0.5368005143010406,2.4042526636168433,-0.7102537235183726,1.6070188869064002,2.3600192985103923,2.6768618071848334,2.7018937242109886,2.563795236448157,0.9801099869288815,0.7336339606990042,0.9860521649333848,0.9855614008363386,0.9745524188137086,0.9788260701858306,0.9511439848191757,0.9840803879133672,0.9674284800086507,0.9774517310161932,0.0,0.0,0.0,-0.5183541184539201,-0.2730787484477437,-0.05686009168612034,-1.032672817959202,-0.2572715778959906,-0.13519628913859097,-1.4261756330019841,-0.3127717725226245,-0.21201524108851225,-1.7044316945171079,-0.5615846171909264,-0.3112938774661209,-1.0175270307376745,-0.09353289593611483,-0.3463691492796139,-1.4201789455287892,0.29648496285725473,-0.4995451472020827,-1.6547658379135808,0.5710534037087619,-0.5738413766525319,-1.8706757880577425,0.8202447732023033,-0.6319427036598593,-0.7890492718881524,0.09950256148741589,-0.4072802386069345,-1.1191686824292069,0.8530119043607991,-0.5831534251274464,-1.3439854066995562,1.3367853720271832,-0.6767655345200808,-1.5107756045649174,1.76177657115045,-0.7606393464117971,-0.5328936557826346,0.3388374670514346,-0.45667628458913206,-0.6933986417829661,1.161868984908408,-0.6516060005292973,-0.7871812725778745,1.7122488750185416,-0.7375788600594204,-0.8653400024687133,2.173129108953949,-0.7924867515916382,-0.3000658033456456,0.585993039816486,-0.4996463159701411,-0.3635185060019075,1.317544456126381,-0.6703343715890153,-0.399079355214272,1.7584280320228567,-0.7383450622963472,-0.4260768702109715,2.150279894805412,-0.7805426262770871,1.821364477991111,2.1381255745863217,2.4423087088476128,2.4696839262350565,2.326906082498536,0.944935597349811,0.8159758395889278,0.9644357592406368,0.9906813086370329,0.9863733405692459,0.9807096571745478,0.9748043019874745,0.9885817499168142,0.9757890362137429,0.9850398489432424,0.9900091695733162,0.14100299344317282,-9.04104365203084e-07,0.6797042569943639,0.18372479312594553,0.2952104090321281,0.7864306035084464
two_hands_open,0.0,0.0,0.0,0.42583573768317967,0.04705968000769997,-0.05364637012069383,0.868819990371919,0.32005312093175886,-0.1066635342680573,1.2282287266775875,0.4723413864070645,-0.15039282623082498,1.4932975271962066,0.39879348770127915,-0.19762583652099774,0.8454332386218822,0.5201532405210055,-0.2736785616936365,1.1802981834936503,1.1507200271321771,-0.4159711384602231,1.3724727689344602,1.5302186760206986,-0.48400969252270165,1.5227667362863504,1.8414121226235987,-0.5278158798985702,0.6546450273179559,0.6812275359022205,-0.32767198924604746,0.8978745027114737,1.5482333173646117,-0.46695524396757193,1.0136324531748577,2.0980114570058315,-0.5311871678574008,1.0836656181708004,2.538718988784116,-0.5817291833913036,0.4231403875529494,0.8371560166041419,-0.3760597043165044,0.5500754879363081,1.7003662503070456,-0.5352370748738228,0.607392477571512,2.23735671514777,-0.6150018945536078,0.6491320630155113,2.6763318155007485,-0.6663188299530243,0.18000770452600232,0.9566959299334594,-0.41837629023934064,0.16746339594357884,1.6655188533583987,-0.5658557268323562,0.14016687607904335,2.09536633523203,-0.6253625208715603,0.11970829450994475,2.469543995813854,-0.6594549731106756,1.5582136316384476,2.44708126991288,2.820963331705618,2.833391114026843,2.558878364556459,0.9519425862174095,0.7876845328902425,0.9864244187804319,0.9880700092936162,0.9756607890280328,0.9842053589460391,0.9835363432532827,0.9895467103478315,0.9740860514409626,0.9849207871261563,0.0,0.0,0.0,-0.5620071395219655,-0.09048492659761047,-0.16181502780220627,-1.1378848793585001,0.009252119655428196,-0.2852802402671596,-1.551103074838606,-0.01654135495465575,-0.38633389637520316,-1.868488819227775,-0.20053902584274613,-0.5165235306623175,-0.9631342753467891,0.308676678177225,-0.5207781510778123,-1.2862710447276113,0.9001434444219772,-0.7351180007625487,-1.503960165096132,1.3002066093442366,-0.8555079806169513,-1.714064823503859,1.6845758425408839,-0.9478313368106197,-0.6760632803822869,0.47706848006026836,-0.5571367460704374,-0.8752130325951357,1.4474749075009294,-0.8129760325171764,-1.039065032807084,2.096119402679098,-0.9621279345207089,-1.1455756902878451,2.660145247735327,-1.0859121187011513,-0.376270350206979,0.6528171282383829,-0.5835504493087631,-0.41311954598439116,1.6240801220320809,-0.8553259001147995,-0.4148817628297961,2.306265926970372,-0.9692414052915956,-0.41550253282722166,2.870214777298238,-1.0391207380153589,-0.11660947853965471,0.8333678413810786,-0.6107501002977053,-0.08943563281514039,1.5907370736974924,-0.844786103779634,-0.04488455811618101,2.1067542995342174,-0.9335706499230559,-0.012839833388611298,2.565560111243868,-0.9892635836416994,1.9489132680016903,2.5834469670356794,3.0932057045675676,3.0806731619535035,2.7497101635711925,0.9267603178544772,0.8552943697242991,0.9842394395475946,0.9838520381559126,0.9824785160087035,0.9809701676654874,0.9641582767572154,0.9865675709810476,0.9558696206839795,0.983491265816871,0.9933098312315011,0.11547977822064322,-9.786801959205051e-07,0.6388881260607773,0.2703499605495696,0.24772965769316047,0.9603028990508118
two_hands_open,0.0,0.0,0.0,0.3770300942116486,0.14390721664197909,-0.05977115598581836,0.7485936059775722,0.4789648541644571,-0.11273587182497623,1.0349811100913209,0.6252203946897277,-0.15283750627015485,1.251983432166642,0.5643568811122408,-0.19409413903366152,0.63244348210688,0.7473665177677085,-0.2656131664536063,0.8341187575126641,1.3785277512454466,-0.3826322980470046,0.9586585038126731,1.7727866939566608,-0.4455916764379861,1.047749976757296,2.0986929405780033,-0.48993610819580896,0.41669659884797894,0.8570963078090673,-0.30290239954247783,0.5013430356592068,1.6921711278960916,-0.42602787044164403,0.5323777050754234,2.242156870833772,-0.4937156369522008,0.5425195182534306,2.6734891621577095,-0.5476271657877305,0.191390014321777,0.9275364713860355,-0.3320140619535174,0.17347065906524195,1.7379025052241164,-0.4740482125704829,0.1555541542773009,2.2483108014091058,-0.5552004756434841,0.12998645250526802,2.651359972946629,-0.6047392315764609,-0.019687801380180284,0.9419191655143552,-0.35507936045880034,-0.11654942059292502,1.5949288555665124,-0.4853426550962975,-0.1870804910061337,2.0069211026787355,-0.5415051681646188,-0.2587772489948979,2.3653630600699476,-0.5735872307097406,1.3869512386835088,2.3963158103098423,2.782403141273631,2.722556835437259,2.447633628992318,0.9170651141676228,0.764887071684081,0.9923871784523952,0.9860352832957017,0.9840693857770983,0.9895994264022087,0.993505438588228,0.9856041420891478,0.9792839916915133,0.9829029887768802,0.0,0.0,0.0,-0.43719919733677626,0.09637546630111404,-0.17684290575746967,-0.935518412309172,0.35237633114971745,-0.3043938931036693,-1.3195464651434776,0.38739044250233956,-0.39648822781360255,-1.5951820437860176,0.21173642108700397,-0.5182206058565842,-0.7217558752953992,0.6212907838260192,-0.5384637131792315,-0.9255077491673873,1.377457104835698,-0.713859204953084,-1.0562468120873167,1.839270129236172,-0.8048305851115917,-1.1694630238790242,2.2538304682584025,-0.8760535134771975,-0.42151764460275815,0.7189526661154275,-0.5526571624199412,-0.4692714863600031,1.7485990775680822,-0.7697760717867344,-0.5400351109215693,2.400842929824773,-0.9121320986009553,-0.5718116918926923,2.946589762119026,-1.0288421139225148,-0.12291311493634716,0.7764438129895473,-0.550146330278405,-0.009222394874984967,1.6531962672581175,-0.787017183629849,0.04627487168851104,2.2995053276784008,-0.921751099006578,0.08618987121571564,2.839020800467712,-1.0082125015622887,0.12290408896382655,0.8257827874446971,-0.5442548416196857,0.27169466711675666,1.5424385584577376,-0.7521040234817877,0.3676407550108189,2.0554554951594053,-0.8387023199540609,0.424060390004278,2.492647385756522,-0.8934650980036923,1.6905592746681302,2.686050130274173,3.1729916376489853,3.013960890206606,2.6816782218305293,0.8810650740562919,0.7962771684844934,0.9887727364757606,0.9920990815626493,0.980690244750421,0.9844322893670977,0.9774442266103651,0.9848026573640959,0.9637407599685935,0.9779507403510901,0.9983156474886087,0.058016101027856974,-9.620653017736321e-07,0.5976363094217065,0.4025881500154861,0.24230873278032045,1.187706357541876
two_hands_open,0.0,0.0,0.0,0.31315989364945146,0.2026848263413688,-0.06115198216158697,0.615812667392893,0.5756065194191747,-0.11354227469312793,0.861297120262977,0.7963180517835506,-0.15332725354058171,1.0713374589118376,0.8194997344282581,-0.1972649335543393,0.478726635775837,0.8488216708253065,-0.24170823551643633,0.6114962747924872,1.4409865747180155,-0.34677952148003566,0.6828315348430359,1.8255836488437507,-0.40501911918842287,0.7299357350960485,2.154115033714246,-0.446289696001308,0.28032900245860604,0.9203141914508981,-0.27283225504812003,0.2876498924113801,1.633821966847409,-0.38103858480298547,0.2779992934092294,2.132463408865978,-0.44494884450680483,0.25355896998177313,2.533438386274791,-0.49703112061529453,0.07968564363516907,0.9281271637865873,-0.2977789477940226,-0.004726785692571419,1.6176826658161203,-0.4237547144481345,-0.0692511055330252,2.0700422232676217,-0.49958688305094534,-0.1308431622109735,2.4377524872096092,-0.5490275013035961,-0.10074695038322064,0.8737033249912123,-0.31781614892727733,-0.2580212909407179,1.3798918841558308,-0.4385671033064481,-0.3616214570621187,1.6933846529747365,-0.4918855295716803,-0.45245181420794794,1.988518396783586,-0.5237822081289536,1.3631790856691781,2.317799009534881,2.59415538146213,2.502236663303788,2.1055322035246267,0.9503079511057934,0.8027796433450907,0.9861064108894366,0.9849697457317207,0.9881273634761808,0.9868815542722171,0.992162016822318,0.9871077625023684,0.978910153233513,0.9806727276863391,0.0,0.0,0.0,-0.431469829772445,0.26463243934492897,-0.12442060215083926,-0.8788427684455997,0.6432151813825058,-0.2505936626007108,-1.2737619808996112,0.7911826647779154,-0.35570660711780017,-1.577660090415526,0.7094257881012906,-0.49218071974692357,-0.5903574639301693,0.8138589204665801,-0.48989363386840673,-0.688049816757641,1.5998092794013403,-0.6355045017368569,-0.7381954783250305,2.1067275688391156,-0.7099346917088298,-0.7814029600883339,2.546064238777606,-0.7724842028009927,-0.2690717475597246,0.8105918261811336,-0.5201358341755457,-0.1816030502230981,1.8161276039813925,-0.6967432890468463,-0.1468506134678384,2.4802024790880766,-0.8067280541536348,-0.08420080385981847,2.9937156956402124,-0.9052848323373922,0.02287405555061381,0.7809018671047294,-0.5294412187921301,0.22208129348718417,1.6811281992119123,-0.7121923573553547,0.36094398929772353,2.243812063870516,-0.8090259291155306,0.48785397910700573,2.6857497020947174,-0.8776994438123427,0.2426680633614408,0.7447160806427797,-0.5341586456006966,0.4809833309729587,1.4400413359590223,-0.685169449700358,0.6387552939901538,1.8882310482035387,-0.746662379863276,0.7667485876898281,2.2464006446901252,-0.7902254018834868,1.7984821852338884,2.773042649797165,3.1287320226176836,2.867334874216979,2.501734486105685,0.8929364727213756,0.8060682990156214,0.9859056714832144,0.9986055001801732,0.9887808096413673,0.9769955443681866,0.9877823308566331,0.9869336932828521,0.9763257988475841,0.9950960605164053,0.9995357188080476,0.030468784448366218,-1.057668394025689e-06,0.5680762495024246,0.5323899621545821,0.21056193142171786,1.37775197233594
two_hands_open,0.0,0.0,0.0,0.2535886847457995,0.2905945535205867,-0.09059047362231809,0.48786999646632256,0.7627752804984482,-0.1535934597926674,0.7035645503240638,1.0456038183434941,-0.19890892825888562,0.9033968532257018,1.1093882461796272,-0.24956968020745085,0.29910005033290443,0.9533663786458482,-0.25666177400684537,0.3407416793193202,1.559323257165308,-0.36016299727571516,0.355927357404615,1.953044690739202,-0.41739631312499453,0.3495544312921022,2.2870773043283683,-0.45755797148405875,0.10068028846433015,0.9585340942771499,-0.2666005806877082,0.007327739576441238,1.6362118606276603,-0.3681210880859735,-0.08419923355177213,2.108940091190207,-0.42431244918666605,-0.1772760789948066,2.487882310841961,-0.4714342208440044,-0.08443245602694983,0.8944514539371913,-0.27337932041253865,-0.2663802706946885,1.5100297191202166,-0.39564573137509496,-0.3852606296040999,1.9218166892260349,-0.46611291016001244,-0.4948152121504221,2.246944302733688,-0.5097740441107076,-0.23663012551865167,0.7722090483005318,-0.2776967986270104,-0.4440893563268125,1.22151848960105,-0.39173299336405915,-0.5811212545888413,1.5139366672288002,-0.4410997509058905,-0.7089538435705552,1.7734060062685157,-0.4712002827629056,1.4522923880742673,2.3584465636682266,2.5383528961448407,2.356580227747791,1.967133478404186,0.9396246662800922,0.8059495389375789,0.9877384061318334,0.9802004292360978,0.9801879194025278,0.9842678323942006,0.9917154666678683,0.9819512361035897,0.9761312675060133,0.9835224037386122,0.0,0.0,0.0,-0.31691171566071263,0.41156299343200065,-0.07743861328864879,-0.6163845728646575,0.9048291322503811,-0.1709213513647571,-0.9096312188857562,1.21183664840141,-0.25907456084447633,-1.1795208222058793,1.2830948803230504,-0.37117288528863635,-0.36632303695067625,0.9932255296648803,-0.33359274453337345,-0.34963024374138985,1.7125271031834446,-0.44942527055385995,-0.33223338895807275,2.1591268274356157,-0.5156528125141823,-0.3170967318413883,2.533713253731497,-0.5729499484617152,-0.10646264407312579,0.9230667272276875,-0.36961266550556005,0.09035356857980899,1.7711442295713522,-0.5080791501560368,0.20843556216185513,2.3238222309483265,-0.597459675304549,0.33312346680024224,2.729301692342218,-0.682906439757533,0.12289008074219987,0.8274220292430418,-0.3926276366238404,0.38321318075268335,1.5902124060950218,-0.5356053074688596,0.5574050814526158,2.0162636666051226,-0.6100439842044393,0.7104858025312341,2.3184890978700388,-0.6685763531798481,0.29982022091613236,0.7367904363484877,-0.4127481462723205,0.5312191246809848,1.277288705874711,-0.530583118250978,0.6938740164064596,1.5911181519741133,-0.5817690530739226,0.8298335734790919,1.8379584061694116,-0.6236365479483902,1.78195711303666,2.6169686343021805,2.8330937466694284,2.51538786523509,2.1108380815256456,0.9306991114564408,0.8235609302944986,0.9936502658274714,0.9984811241643462,0.9944796165512151,0.9694201010931878,0.9807897046007996,0.9744253961760074,0.9712063765219802,0.9919506440362067,0.999963009500177,0.008601141184811522,-1.2914712378585655e-06,0.5241117186831008,0.7497927366752988,0.20713123553670476,1.5989985820797998
two_hands_open,0.0,0.0,0.0,0.24307510384697045,0.39903183686645244,-0.0980452740377349,0.42181912628264506,0.953686986679144,-0.169260633318903,0.5865476351892469,1.328496675682269,-0.21951234514730816,0.7688815618773961,1.5158104668277037,-0.27626644666588407,0.1671572733898708,1.0403010727382638,-0.3040716732712862,0.10694817182437122,1.685306847868583,-0.4188572068633769,0.0563836037366645,2.1115276079013885,-0.4872450853689774,-0.004509305740304843,2.471667092986597,-0.5362811929973645,-0.0849198233036922,0.9476378038969069,-0.30784934015767706,-0.27273433808163505,1.626406219340256,-0.41284730131489883,-0.4344424451687193,2.087278367475041,-0.47537142049470127,-0.57757015133652,2.4574264598101663,-0.5354467699868403,-0.28500056581492095,0.8235795613066084,-0.30577728278313304,-0.5341670274649115,1.4035419580272757,-0.4265500284108633,-0.7258119977314172,1.7665627511548505,-0.4950696340302173,-0.888349989126458,2.0303138796359037,-0.5422120203818745,-0.4195714211187309,0.6909307418009314,-0.30169852535102004,-0.6793305861260045,1.1258683245066907,-0.4138787040168614,-0.8684074886535095,1.3695667667816904,-0.46491589069425293,-1.0349456830131454,1.5764070339400986,-0.5009750446803481,1.7219707828801392,2.5291809089809596,2.5805494237815636,2.281520113448437,1.9511913537210648,0.9676674697147035,0.8840282973729715,0.9903997198473773,0.9825860939290334,0.9777205860590232,0.987675017704431,0.9738436111415274,0.9785848271456474,0.9583416788471264,0.9891608982642197,0.0,0.0,0.0,-0.2271132748433975,0.5386122487350063,-0.1370974921098703,-0.4556901645007485,1.1846605487212383,-0.2455675625118027,-0.7039577829093892,1.6128149824385716,-0.33578379602284364,-0.9821467876328541,1.7467052806136412,-0.45052121559708336,-0.1715242055813888,1.0536964815740208,-0.41131667673758254,-0.0874267690823891,1.6518971927913342,-0.5555805571090595,-0.02662866906678506,2.021566284220457,-0.6337988606092193,0.04474194259785053,2.35275099386308,-0.6897225024979906,0.06433913581065465,0.9079984034818773,-0.4140040759189457,0.3182634906642183,1.5391712241820577,-0.5850377608316485,0.5111916898246017,1.9493904680448015,-0.683150299452641,0.7183928795711833,2.2708431544180234,-0.7605288219148767,0.2645304860377804,0.7522767109042706,-0.40542872277159014,0.619428285453257,1.2403721129233278,-0.5827270003043651,0.8671014039624843,1.4984842635409008,-0.6719213747007857,1.090635696208741,1.7204424320336733,-0.7263394189649576,0.42695145351773617,0.6136780134698485,-0.3958636737530526,0.7164273017962468,0.9774580275079168,-0.5248179750728997,0.9324850754306749,1.140772409170418,-0.5737728448694773,1.1324400903114493,1.2979969948308083,-0.608914787446865,2.0539135852036683,2.452173772595089,2.5002441981432546,2.1626320388195994,1.8270177818253095,0.9413508094862599,0.8089682111825158,0.9883632375658262,0.9795514821533631,0.9793913342694663,0.95835971044482,0.9561772518029986,0.9754838471973,0.9167398398272399,0.9854817039248224,0.9999881411942464,0.004870058450422835,-1.2511536436510971e-06,0.4690841482832821,1.043082752140825,0.27972108172442506,1.9154272305185989
two_hands_open,0.0,0.0,0.0,0.12117970794807012,0.5231302131014965,-0.13013961771623375,0.1954089884459579,1.159262167039644,-0.22601911371916392,0.30381573435960635,1.6467636440804285,-0.292804755586562,0.4671885561802026,1.941577438997708,-0.3650672959158079,-0.07028203019761278,1.1030542908338534,-0.3562959685809497,-0.23306114406843195,1.6918654192264087,-0.49712381417630463,-0.3459428497731494,2.0900037309893023,-0.578986452794783,-0.45797088731768015,2.417823431743808,-0.6361201156032948,-0.3015681008549975,0.8874675775275906,-0.3485082199662153,-0.5899726734525502,1.4603461632866528,-0.4639714807780781,-0.8219863962451719,1.851928581760383,-0.5221389339899444,-1.0303652293782186,2.1454518946914773,-0.5797729749990707,-0.4589088443422372,0.6360394587321964,-0.33850347253726415,-0.7618485169654793,1.021959223334233,-0.4764948448469674,-0.9954858435762449,1.2819575445504927,-0.556123480833293,-1.1995671964412202,1.458226979891361,-0.6112880041614296,-0.5524134303076329,0.3912245385264943,-0.3269677208140213,-0.8444963216555265,0.5676469734561537,-0.46819948532378475,-1.0522347819642148,0.6423193963993945,-0.5351598249034752,-1.2375993474060374,0.706112714036377,-0.5802829504466185,2.0300892170537534,2.541703421368256,2.449643451787658,1.9847066301326732,1.538497842768296,0.9672680248349403,0.9065782875423235,0.9898379511324021,0.9805440257990136,0.9730191237695472,0.9721340614865882,0.9739921985489839,0.9600633805177172,0.9329297731388732,0.9778692044228957,0.0,0.0,0.0,-0.23328604350875282,0.5971515113872418,-0.21452704600239786,-0.3997027914929226,1.3716986172173686,-0.36568513728333685,-0.6036772728859628,1.9510747005419395,-0.49507972369267267,-0.8318073028060243,2.36861270112817,-0.6475543015962787,0.019455716360035777,1.124948601721276,-0.48835551123906046,0.29296677040298946,1.6686157502220431,-0.689404734280599,0.4975831957491778,1.9530627207218452,-0.8201555777465742,0.7031850050634485,2.213381425312635,-0.9113337862207352,0.26012090561022594,0.8353797209052934,-0.484229115568973,0.6311223829578974,1.2623442672285325,-0.6683438571264649,0.9070022101879675,1.5535529136298376,-0.7918166610236237,1.178351517968695,1.8125435966675523,-0.908501007919984,0.4383795134551244,0.5685934309865368,-0.481017540183993,0.8471830641288333,0.8855841514061521,-0.6760212560467594,1.1314506915367246,1.0214218991821125,-0.77049599717595,1.3851521576154697,1.1707793878263424,-0.8485700231877623,0.585149165538226,0.3264224819512436,-0.48889524567841824,0.9498423399013053,0.5276799355625846,-0.6501047750132588,1.2258020089105481,0.5596286836808236,-0.7140668668600225,1.4735939796855944,0.6335501347457093,-0.7733277222874032,2.5925963994542154,2.494805754998271,2.3450374562277894,2.002359098403355,1.7807023210688968,0.959944234413941,0.9405666815008682,0.9511904197975805,0.9686045593605948,0.9859847603095615,0.9846680900532947,0.9319034708704305,0.9716574694606062,0.8733609879619593,0.9458191200941597,0.9978336856884433,0.06578704812516087,-2.09630743898924e-06,0.40648631050652495,1.5487166834020667,0.45905697282458624,2.190157196735291
two_hands_open,0.0,0.0,0.0,0.07280685022268772,0.5539191026447214,-0.1412484755052085,0.05719700131391709,1.2204198743769694,-0.2565810614653998,0.09312560131072391,1.7562829340534016,-0.3418270857768954,0.21973032947822735,2.1486237763741625,-0.43379570630072645,-0.14733543156553955,0.9426911648222329,-0.4051719709807224,-0.416316195882193,1.3759917146212288,-0.5521613882682312,-0.6003600783307479,1.7122639870292315,-0.6320210060325228,-0.7684120633490849,1.9930465185186275,-0.6863197991672276,-0.3279496096550312,0.5910026518241929,-0.40309984159445605,-0.6733040083755727,0.9818890080862516,-0.5232316291955312,-0.9353422464116389,1.2626906437838288,-0.5698509939896689,-1.1623819314812789,1.455452959745888,-0.6216037236780565,-0.4619577174833173,0.2803653754211974,-0.3957570179965467,-0.8182541227240819,0.5454810305147142,-0.513605104234183,-1.0963279911445425,0.7453600917304771,-0.5494711165638884,-1.3238244663859215,0.8830917380451531,-0.5812401672931815,-0.545356496739741,0.02540018532683793,-0.3926623501242458,-0.8622156145549903,0.15219837924435692,-0.49042271788099423,-1.0863161742234178,0.23366556622805726,-0.5176395494518524,-1.2794027627340476,0.3019482833297109,-0.5438148808972125,2.2029626108715332,2.243596753164116,1.9636359800018026,1.694167160489361,1.4225958033758297,0.9712820857396568,0.920848570878467,0.9706812519370522,0.9822408017749719,0.9653281966293376,0.9599906700058851,0.9503845210749126,0.9746366586913061,0.9464386501106278,0.9948945320688536,0.0,0.0,0.0,-0.11883307823417957,0.4192357044685423,-0.1987320569069653,-0.18747735568302296,0.9372236414671027,-0.39128254976726595,-0.2812987270809406,1.4925016845615058,-0.5555446270579274,-0.41568681955121145,1.9954532703104133,-0.7478502738609097,-0.07999935908542202,0.5143726722196246,-0.5713540036733042,0.020487375478058466,0.5693775757322526,-0.792953795954734,0.06971123059158948,0.6383417516101865,-0.9481469121673537,0.1584779817933975,0.7961626852819351,-1.056466564157084,0.08704012474514616,0.1935362994349407,-0.5810235712392574,0.42802334806812986,0.4232394977029737,-0.7601904588956284,0.6665235656224178,0.5875071535272022,-0.879597797938184,0.9055919497887479,0.7419505898338994,-1.006757798529117,0.2626422356952851,-0.08368737919289657,-0.5804821722126504,0.6592090299120066,-0.04745372547073258,-0.7661095642809024,0.9810257244946301,-0.03127879083219514,-0.8641612923815682,1.2702487819468273,0.03007232747183866,-0.9619542984086482,0.41304287591101463,-0.35552378826166614,-0.5851199962579624,0.7362869250318778,-0.5736851412147066,-0.7320155360130977,0.9680032707411274,-0.7706829441672383,-0.7799965501020029,1.2025653248676553,-0.9054108115223345,-0.8410438492795806,2.1711539139487472,1.3323332516043138,1.5440688851784596,1.5936726091465105,1.7243221435122256,0.9754665926710189,0.9639590744999713,0.9328505361913297,0.8291883758203994,0.9929841907196059,0.987330854873284,0.9535655268684147,0.9512223537488792,0.9267401885188647,0.9390568319644924,0.9864990618794197,0.1637669102990002,-1.464296986421629e-06,0.40055280789839065,1.5561077691281138,0.7294669365408208,2.160971009952521
two_hands_open,0.0,0.0,0.0,-0.04813117962235392,0.5600987715846001,-0.12058928793073281,-0.2110105194572852,1.2196181079645931,-0.21116949717612285,-0.2855977196100117,1.8058599376974962,-0.281438644419101,-0.21366468846801476,2.2591117339244042,-0.3553871223002793,-0.3515207993110702,0.795281041564448,-0.323093850517576,-0.6990730480971521,1.0235970423993375,-0.44240283821545867,-0.929516157231436,1.179505086573559,-0.5020689386663927,-1.132532525598331,1.298055146165901,-0.5418969366944861,-0.4339027211551271,0.4425380330376797,-0.3271850832036922,-0.8051000000111268,0.6754192469143278,-0.4315474517980069,-1.0728720205125268,0.839525862038791,-0.4688986312060798,-1.300003089361571,0.9388632524876568,-0.5096775766606287,-0.5063369911545147,0.11131389144446366,-0.3296590285281055,-0.9028951112362489,0.2084067843457681,-0.45795322746177275,-1.2059615607821854,0.27583879791891713,-0.5115727419527752,-1.4613139122470813,0.2839179002623287,-0.5486203349960233,-0.545976901739893,-0.18556771369370015,-0.33416378894254717,-0.9117690956868137,-0.3040760348866937,-0.45627053481848245,-1.1532935986219768,-0.39595934039977965,-0.5061999816192785,-1.3692341640501065,-0.49474883874415715,-0.5417598502488006,2.296854029351873,1.8058874200859754,1.6826299270404,1.5865156778889358,1.5534099088078102,0.9632228263606106,0.9095380685286194,0.977903095634264,0.9750912241989814,0.9631107549588763,0.9543875972362206,0.9570189093136643,0.9404973235665949,0.9597784412082727,0.9754372877383986,0.0,0.0,0.0,-0.0412524560064076,0.2785643823514898,-0.16626014356183308,-0.07847312013735232,0.5890665677532121,-0.28718833783756487,-0.08501156800590384,0.9439350282545227,-0.3861910473572172,-0.12139527466901325,1.2942148295331133,-0.5162595911941944,-0.28278771972876743,0.06356569993479295,-0.4539596426080682,-0.21371960419938968,0.022475575729451646,-0.6203576821170751,-0.07216476780871664,0.10287981183793028,-0.7423527788144718,0.09380519310336896,0.18675174434247074,-0.8301315167428193,-0.17562554076771722,-0.357104061539001,-0.45070687020372424,0.14819086404316795,-0.5075751001014137,-0.5930096676852101,0.42101671181670375,-0.5270714806988657,-0.6910066880272917,0.6735351223318014,-0.555434972403913,-0.7976305970227469,-0.0426191753259602,-0.6565265744666464,-0.43676828323410577,0.27884808653813997,-0.9182837425504077,-0.5913972295192848,0.5229505418602941,-1.0553666239352684,-0.6583907205372614,0.7400249028909963,-1.133867150740333,-0.7227871286173069,0.06869737258482748,-0.8722780367289188,-0.42837194187890704,0.3183016411572211,-1.1928544313062766,-0.5442266650269718,0.5086008925215098,-1.3828574798387496,-0.570002447777962,0.6930269853466634,-1.5251480798472425,-0.6071284309071253,1.398661075169888,0.8560338564320045,1.182527859667887,1.5348331524050687,1.781843988540008,0.9566379447115756,0.9633814900042298,0.7522951930867678,0.9343339803095929,0.8912366637749075,0.9792187467980268,0.9348927174673592,0.9478973012641347,0.9301514684234411,0.9551076143467423,0.9779777530911649,0.20870916236584547,-1.817581533894752e-06,0.39740530430603993,1.629192784904051,1.060830931252806,2.025553867000438
two_hands_open,0.0,0.0,0.0,-0.11679423031507026,0.412313517422776,-0.13057605688408475,-0.32173430689661553,0.8442962591016313,-0.22250307837347566,-0.451460268308868,1.2493244607172271,-0.2945595561569876,-0.44752019026224255,1.6602578089667666,-0.37483750450006353,-0.38290922409465944,0.5867554017490424,-0.3407452504282511,-0.7099430904505104,0.7213953779906694,-0.4706895751840013,-0.9198692867673808,0.7760865629377629,-0.5347936912162309,-1.1120991860778058,0.8048043987541762,-0.5783607381508977,-0.4127877238838939,0.22767982125738995,-0.34646548340958017,-0.7208361031891825,0.20969060436752607,-0.47916285877794645,-0.942412732805461,0.16986935188333976,-0.5394816519599268,-1.1401138395370742,0.09169514057502912,-0.5916117190086596,-0.4164692720907399,-0.1237802452737034,-0.3495607552572381,-0.7128794090984183,-0.33811646092688924,-0.5010431882030825,-0.956572027257231,-0.48250614887632187,-0.5651595959891909,-1.167610627300136,-0.6342428129064906,-0.6075788416333742,-0.38590841204109516,-0.413148550669889,-0.3542763556551479,-0.6231786223822436,-0.6730593656392037,-0.4868822817180168,-0.7913825087830553,-0.8436402958864362,-0.5336688614002095,-0.9507038230529781,-1.0013089737721417,-0.5674572807798313,1.7598958684272537,1.4896227251768954,1.287739100896383,1.4610717201795085,1.4928044699940468,0.957749638302513,0.8996320506678738,0.9541141939723242,0.9608873876103456,0.9416990575307337,0.9383595544085518,0.9392415606102864,0.9662541634640334,0.9454064853370046,0.9857064814096413,0.0,0.0,0.0,0.0014996281298297965,0.4220220428832986,-0.353456283798067,0.025880099999368463,0.717632004608422,-0.6340092789007024,0.14364899924666147,0.9530404313899107,-0.8689745990980975,0.20801447453723781,1.365416830920526,-1.1213291962830094,-0.2903795514186439,0.011372518653948636,-0.6403087838546164,-0.03892903221308618,-0.2792217491681081,-0.8824914030962235,0.1636531850516878,-0.5031120294510621,-1.052712742608146,0.3665930372092125,-0.7059211552178655,-1.1683492946078236,-0.2448224202604586,-0.4661178155545337,-0.5852819904338477,0.13002094234865988,-0.9047763156694558,-0.808426520684759,0.3949135889483175,-1.1576660105158698,-0.9288455080341111,0.6303325144813926,-1.3942086411380994,-1.0185627590506743,-0.1624251697854812,-0.7801117686463127,-0.5408497920414135,0.17777163524959758,-1.2259182252445655,-0.7627460291954331,0.43054973852673,-1.5094558079882123,-0.871849055681641,0.6512331582041379,-1.7849223907824379,-0.9366763067073174,-0.0494227037584286,-0.9515282724920584,-0.5188103724409463,0.22971302338055197,-1.2512374887075748,-0.6918070654014773,0.46392052844831516,-1.4433536359835966,-0.7486837134515701,0.6658030547202642,-1.64213970787636,-0.7841004052548856,1.7790481472446875,1.4134196852049994,1.8380987209509456,2.118351970520454,1.9377125621154363,0.9103543321168958,0.9017166988249099,0.9832676985108199,0.9561207452622881,0.9654808937713452,0.9808215019191353,0.9614939099689317,0.9647809915115497,0.9206221618966262,0.9654589886749563,0.999220997768208,0.03946387739520677,2.0726752489733754e-07,0.3956507714563349,1.9376072083647482,1.402432135611802,1.8333059673749208
two_hands_open,0.0,0.0,0.0,-0.1571057057119582,0.36824665119936273,-0.10077549126976978,-0.3914955213530684,0.6642429652999636,-0.1600832310135571,-0.5476123136480331,0.901118399724809,-0.20177754723682198,-0.610801494687595,1.2094575323855585,-0.24830685346398454,-0.34514095942540624,0.3796239982929277,-0.25369016753248563,-0.4893933875792176,0.513811056535847,-0.35933603702836714,-0.5909728331728897,0.6301404019209816,-0.41476586229676327,-0.6940389827023651,0.7515295589496865,-0.44848342322372825,-0.35510196352713796,-0.008681943909305082,-0.2593026547404359,-0.5771465041162901,-0.19740171661181902,-0.3538986976864288,-0.7340782200226609,-0.3145160164082849,-0.4040723323374615,-0.8900054764281584,-0.3958637954595457,-0.4468269406111538,-0.3490264276131114,-0.3521595776378106,-0.2637003716558861,-0.5420543254655119,-0.693607026164048,-0.3972016651174647,-0.741454678906218,-0.9077756328993071,-0.46910904086689087,-0.9385777942541081,-1.0709300636718289,-0.5125630825442062,-0.3125568589120493,-0.6197650227437403,-0.2663337835146982,-0.44789713478127247,-0.9345227579460725,-0.37989831227558674,-0.5629873555122538,-1.1438784655573486,-0.4181313262611536,-0.6903507006214763,-1.3373715527729737,-0.4438801330365694,1.3775058192377807,1.1169709792076596,1.0716679557977244,1.5134531346329405,1.5691323502240084,0.9724294422869979,0.8801655520532058,0.9441863773025921,0.9565222818683571,0.9721162730751665,0.950356053166833,0.9230260744826215,0.9534237346820753,0.9406054300917578,0.9706400255936468,0.0,0.0,0.0,-0.01772279097337048,0.23920663323562427,-0.3345877320255239,0.02640407086713182,0.34358690079319604,-0.6154736467006917,0.185961692958197,0.4965929093432701,-0.8543111158921147,0.2844699734225715,0.7697516964515133,-1.1221899456521205,-0.1500366535120736,-0.5023288982256159,-0.6646869510089772,0.09024483957767955,-0.8765292515059973,-0.9251882424367553,0.26896289592733574,-1.1444380701476184,-1.1104344863621287,0.4259401980768575,-1.4308276966000368,-1.2400981156699298,-0.1747773896931349,-0.765372590522743,-0.6194010507971066,0.14117379959953472,-1.3974895400117981,-0.8606326627546949,0.36312798419958575,-1.77594813217833,-1.0054441410396582,0.558817377601527,-2.1523138832448954,-1.1181076293845649,-0.14749097118455398,-0.90565456271278,-0.5810885682285829,0.17407698067692676,-1.4691489297236822,-0.8169017635334545,0.41279905192268085,-1.7966338975765912,-0.9436099840004804,0.6214797382223378,-2.1108475547678864,-1.0210212229758686,-0.07674127459887464,-0.9219245792326985,-0.5618164276647651,0.2045478720369193,-1.3098705961835881,-0.7339943100012196,0.41983194599537144,-1.5570987539174357,-0.8089832403611441,0.6201930420129685,-1.7896287135951197,-0.8635589030783973,1.3902341939729905,1.940756627241971,2.4889549181144566,2.425777978764258,2.0816205996702153,0.8670481651157373,0.893876249060657,0.9945700687279134,0.9478369092934742,0.9795559157436565,0.9755757467885445,0.9634321025731651,0.9652659460898741,0.9530956611498742,0.9843452131902356,0.9958570874266802,0.09093218032680307,1.7501431759801082e-06,0.4075023279485503,1.78054850293119,1.4818188654381548,1.6099759105717921
two_hands_open,0.0,0.0,0.0,-0.15319581682280634,0.4896560577435543,-0.23248305407229608,-0.3852937378351884,0.7230713879306059,-0.35932354756611234,-0.595838466294887,0.9065295950511815,-0.4528719075185916,-0.7318621024490013,1.2395875948023944,-0.5504071429089366,-0.1402856799799064,0.15248446142326405,-0.4258718526547577,-0.26547214076176967,-0.1402607124566466,-0.5983793478762588,-0.37560257178056206,-0.39894089844364855,-0.706755087641956,-0.495712040016899,-0.713620873758066,-0.7856746690978136,-0.10103279117499103,-0.3193099177855763,-0.39693887346389173,-0.26260937330533585,-0.6848157107652213,-0.5625907248249764,-0.37883617266141245,-0.951765140455868,-0.6586784133009941,-0.49912409298504834,-1.2720261018642807,-0.7529182422397526,-0.1002351445108491,-0.6487767992439276,-0.3746166811948065,-0.23287769618619064,-1.1166755439814815,-0.5807545541938062,-0.36022809658924776,-1.477664931016791,-0.6684282749366172,-0.4718111118296917,-1.8635668251553812,-0.7285672415937832,-0.09630245297872439,-0.8445966461437905,-0.363463995173362,-0.1998013346090252,-1.315142649189641,-0.5238129198047553,-0.27978773015083425,-1.6710458451182233,-0.578311810562878,-0.3644872932413348,-2.032707165147928,-0.6275921823409963,1.541151376456653,1.1714392275073002,1.5601477954090064,2.055796016775315,2.1583839680449945,0.9743244179167816,0.856859618571566,0.9590583036768598,0.9546614349368079,0.9763260541811011,0.9776929317750829,0.9409122109927505,0.9696853022040653,0.9449207190482042,0.9940601256668565,0.0,0.0,0.0,0.0236259003712961,0.1135572380415157,-0.3108208376458099,0.13669089691441935,0.1340695558765884,-0.5514201511686943,0.3235140249202714,0.22647196842275855,-0.7449981378464295,0.47740687330428583,0.3800180487408951,-0.9493748485984345,0.04380723795487239,-0.7344924005510356,-0.5048878236814843,0.33564977952496833,-1.0779675794293138,-0.6850065576364224,0.5182195011813091,-1.3589784116700931,-0.8242864446654536,0.6530536383543696,-1.613246236937643,-0.9218735331656968,0.016235511689246078,-0.9024018678905632,-0.430589452945391,0.24975899463536755,-1.4187726442003326,-0.5800734836820769,0.3982019458799637,-1.7902819067654074,-0.6769334869450039,0.5200294613300374,-2.1284588642924316,-0.7533590542250523,0.02316946338051869,-0.9672973969801736,-0.3652617324370889,0.26571962919922265,-1.4362893652191573,-0.49428598915844035,0.421587082081943,-1.7601996360878769,-0.5652046751565376,0.5515743602399046,-2.064420810871413,-0.6155686488090691,0.06822703984934896,-0.9324722977073076,-0.3225109036601454,0.31049048768187587,-1.2215304044785071,-0.41732437624322244,0.48185762733356496,-1.4094593843042014,-0.45320130340859416,0.6252535526307262,-1.5923516284543342,-0.4806563830992148,1.128558214359504,1.96949061605095,2.3169630213318255,2.2237338691106148,1.7769513984159875,0.8698617875302566,0.9245554964040655,0.9619788311540085,0.9660819378966394,0.984792722180637,0.9860933725744774,0.9831435797339904,0.9802508536986517,0.9637810092752416,0.975442702827316,0.9741858024298555,0.2257476961962552,2.4863036238697207e-06,0.4155123775426549,1.5465465344395035,1.5409716320637097,1.4627008854660561
two_hands_open,0.0,0.0,0.0,-0.22780049867058114,0.2342875653199345,-0.24332194694304482,-0.4984885511434021,0.19511737905881604,-0.4162375614571526,-0.6857919969888433,0.20548485210093057,-0.534767337803528,-0.7908877397169117,0.47943359988281137,-0.6649398043554198,-0.29544127289102234,-0.5097766420620689,-0.5351408969969342,-0.3574872402025627,-0.8890483245557567,-0.7094548863433267,-0.44854807554957654,-1.1728676650699927,-0.8242442081933985,-0.5413855848989203,-1.4284581564335028,-0.8958979447050268,-0.1521632204124226,-0.8650593027850156,-0.47803635533170835,-0.2690888006995186,-1.6353092659388009,-0.634505762797064,-0.40598798875411385,-2.174722203318483,-0.7144810595029997,-0.5154279200719638,-2.617688057414373,-0.7738924170405239,-0.08269199797191773,-1.0715993717543033,-0.4157310786085124,-0.21837039687072624,-1.796828382999555,-0.5493051730507434,-0.3474221449805319,-2.3079261709641847,-0.6408685276452425,-0.44390494153658794,-2.7092016422541607,-0.6951326383094574,-0.07230687260300914,-1.1501486301436035,-0.36235117789683696,-0.18962252027801318,-1.7265963125847315,-0.4540239197108446,-0.29427654621755384,-2.120608014846415,-0.5050734681144963,-0.37408402323334294,-2.448416626836553,-0.5428300789285908,1.1390807420667513,1.7709387859393784,2.777924797375258,2.8319665464754893,2.5356157693147727,0.9464787686052156,0.6788793961394184,0.9526929093672033,0.9631629688889147,0.9645806937643202,0.9953320377484606,0.9803176729443271,0.9863915290839453,0.9791354495215339,0.9922083890044234,0.0,0.0,0.0,0.19654201227102752,0.1002130793603621,-0.25844883719160794,0.42497656983287074,0.08130503926965175,-0.45840576367957236,0.6869777278415593,0.18205269576890984,-0.6163578428366726,0.8891821142284582,0.38950568422858267,-0.7806153498049728,0.23685589829794468,-0.6783686139674232,-0.4753548061600326,0.5102617576694117,-1.191786477714509,-0.6380774464522451,0.6718709630720269,-1.49220876268273,-0.7319894020476947,0.7908254648668167,-1.7518597655185648,-0.785565367785293,0.1297332926974528,-0.9034445564262682,-0.40860397236152807,0.3697645558564597,-1.5408873802945773,-0.5523593736890926,0.5309748710031409,-1.9556951665986182,-0.6248862011304651,0.6487665508009328,-2.2895254588504805,-0.6691345690636616,0.07515594317360652,-1.0190925293731325,-0.34461841535281057,0.20570452436782533,-1.623965978434431,-0.44606599002334835,0.30338769991037734,-2.0433668386766772,-0.521645444056652,0.3926495347168279,-2.3954423478909734,-0.5679927640543797,0.05958171520728838,-1.0494137330193223,-0.2973384486470452,0.1329550537184956,-1.5472052825450173,-0.3485397662704163,0.19391960793300453,-1.8632570915318605,-0.37958361199328494,0.2593956780560673,-2.122502200917802,-0.402121385628138,1.2456804705305882,2.076422524677533,2.471955892745389,2.4929768308592233,2.1757764865616536,0.8668775495708108,0.8807395413895759,0.998160987010297,0.9669177896987675,0.9848512344729466,0.9845577584974808,0.9937664184211307,0.983885747056936,0.9858966732205852,0.9815774649041412,0.9994989523826999,0.03165192228509229,1.2425153584387332e-06,0.3369425774417929,1.790508288821823,1.9698220936394066,1.3619001016812726
two_hands_open,0.0,0.0,0.0,-0.20516387619107043,0.11814603945318684,-0.29306606247180783,-0.38209016185996225,0.056571496513080854,-0.47902826994886477,-0.5354444165826961,0.06199067679305504,-0.6038790141566327,-0.6498570515988871,0.2567048349082388,-0.734882211908247,-0.20080792938669523,-0.6797940679708697,-0.5192299000985645,-0.33347228194093864,-1.2056951524449395,-0.6706837421887472,-0.4410237474046816,-1.567818543572782,-0.7611425287781313,-0.5352523597109564,-1.8599045150987201,-0.8158975538221314,-0.08413979020524805,-0.9055363500129943,-0.4158418142868281,-0.18587271701174612,-1.5319841501863742,-0.5735398328639199,-0.28239382882887964,-1.9564752517070239,-0.6600794090822737,-0.3709707004585138,-2.31108380379667,-0.7138798904246516,-0.03258830695010657,-1.015518409682819,-0.3107585443330162,-0.1255130884642092,-1.5942279899564915,-0.4398751070290623,-0.21014376863455472,-2.000395743295793,-0.5309210671597282,-0.2810350152989327,-2.334116595688133,-0.5830270978884349,-0.05194631289182981,-1.0532595304245618,-0.21857312755779446,-0.1124537314665407,-1.4927532651482671,-0.30860863636542357,-0.17112241757973068,-1.8178078940481521,-0.3650051385152969,-0.21759290904176737,-2.112413950245483,-0.4016225575269045,1.014033246573909,2.1003401420231174,2.4471109714769126,2.4221894143446008,2.161235769177309,0.9072295587379174,0.7366383323478077,0.9825365466206427,0.9800114863754594,0.9754085093044561,0.982725791532593,0.9856314454420592,0.9794438924519866,0.9836058499138526,0.9835128729604535,0.0,0.0,0.0,0.21554528050119406,0.05794470377448822,-0.25754106585941733,0.4443106782693021,0.02040106244392394,-0.4394812894278945,0.6864809743613975,0.08989388129514608,-0.5713005275031553,0.8714779364635402,0.24689665344874046,-0.7032545660233146,0.22022228813698191,-0.7002107116150048,-0.47598704444168005,0.4666077794202523,-1.211917125995238,-0.6417614490815066,0.6104756747338679,-1.524113554399183,-0.7382754131721587,0.7216328366072333,-1.7919387655325443,-0.7901537464310432,0.10397425392336683,-0.9128893621662901,-0.39474341915312927,0.3121369844220035,-1.5552651450961,-0.5392871743156725,0.4558789818682049,-1.9814013866790194,-0.6150058389878253,0.551290218034418,-2.316641470959951,-0.6568634450503144,0.050226519590873354,-1.0300377483894085,-0.3138264553691164,0.14349580963419772,-1.6264270219780192,-0.4282958667598471,0.21561874429019745,-2.033160271181738,-0.5103403384772807,0.2724842033170749,-2.3658474887948024,-0.553795396405899,0.04776604345154252,-1.0635878476784435,-0.2469119140860611,0.122060926617543,-1.501619755355157,-0.31454181602444037,0.1647804003191509,-1.7772281324778643,-0.35104679994883753,0.20664634816684166,-2.00932561779033,-0.3703101200001857,1.1467339429264218,2.0871371381121833,2.4702668266637287,2.4450299225928465,2.053587528325427,0.8687718149570085,0.8809374800793061,0.9938758943030925,0.9669974383568184,0.9854817039248224,0.97865266702811,0.9930655846019064,0.9782618601270433,0.9919724337539356,0.9826545829683395,0.9999990496091243,-0.001378687945529168,6.301285914391822e-07,0.32351160993364314,1.8692338778158564,2.043204935106855,1.309700866264596
two_hands_open,0.0,0.0,0.0,-0.19074362837600564,0.13026564930128035,-0.303657212960697,-0.35652363173531987,0.09835017382253777,-0.4946786352478873,-0.49274162362914914,0.1092093335107122,-0.6300221359108399,-0.6034252718879449,0.28297714666460505,-0.7701303679923605,-0.16738624364253166,-0.6639230710549154,-0.5092714751522007,-0.2866681230226889,-1.158911180218358,-0.6855322119904962,-0.3747081599646401,-1.5285879753783742,-0.8024309910049534,-0.44470803647851476,-1.8499261290342404,-0.8789194155091533,-0.06828015526086198,-0.9082304049377257,-0.4128623886287142,-0.17825715783336255,-1.5208708317646462,-0.5683223137993442,-0.26237237884310644,-1.9519908507441253,-0.6537112102006576,-0.3335957865404097,-2.30344122662812,-0.7152253987037115,-0.018547229665012873,-1.0294633441870071,-0.3228876730926175,-0.08073129977158533,-1.5680268952728142,-0.439083213976071,-0.14184120841199682,-1.9695026837921634,-0.5232567698314451,-0.19361716660786196,-2.2971593202935376,-0.5802253108377838,-0.02107719878996848,-1.064417233554548,-0.25318187797898084,-0.04781656651914168,-1.4820334547960463,-0.3413831641887568,-0.08946239428733514,-1.7880011581777129,-0.40243580089069314,-0.12230897643395135,-2.0599753400684526,-0.44686369435145346,1.0184787224049061,2.0958271063117624,2.4348870619144645,2.3772021288383383,2.111431990080639,0.9374945056539947,0.7698179824593789,0.9888803171939132,0.9769682343118542,0.9825680604479282,0.9926028563844196,0.9885521629862364,0.9889385944578852,0.9773965781967697,0.9880669716422927,0.0,0.0,0.0,0.19884175469686902,0.06412491182685016,-0.26808857049611595,0.4173670986017348,0.03289625836947132,-0.45751393005423924,0.6433349479045792,0.1281339132705039,-0.5973374820935508,0.7986921979054228,0.3509707890734013,-0.7395414809358445,0.2142486408479389,-0.7094807684076878,-0.4672732151336606,0.45727064117074057,-1.201635976828884,-0.6277955126126473,0.5932290625684593,-1.4981146756328054,-0.7222835811954248,0.701261719168439,-1.7549332158093607,-0.7765969995100377,0.1038573751283497,-0.917448933312265,-0.3840587199838541,0.31334533134337095,-1.5352678542774563,-0.5301823566040694,0.4522764639870571,-1.945697326361866,-0.6092547273389776,0.5501700269953688,-2.26919610077944,-0.6549209802994828,0.05269520069920683,-1.0263837962122204,-0.303986935653447,0.15082532119630157,-1.6063446027888022,-0.4123268174608111,0.2199510973443273,-2.01051157061186,-0.4961250788163733,0.280225611129372,-2.3355237278331153,-0.5445027918857197,0.04940680083746658,-1.0529290850639341,-0.24081824965912602,0.11251498913478869,-1.49881348150073,-0.3057150730913794,0.14598829174368247,-1.7840958920700916,-0.3505790785258793,0.17937689061100967,-2.0240343557745306,-0.37966405164210565,1.1436832270356085,2.0431988376979007,2.425048348555784,2.4144731861786464,2.067132297253902,0.8477243360066893,0.8428129287441384,0.9911897262944918,0.9698788529080502,0.9873132250672416,0.9820853126785235,0.9937858262511607,0.981560089105071,0.9916169011578009,0.9868410934456069,0.999917567189837,0.012839736148499068,8.914244609111518e-07,0.3229765399881518,1.8104384946477798,1.9760905838358895,1.2266797445295679
two_hands_open,0.0,0.0,0.0,-0.15394364894411322,0.1864210575094753,-0.3538226178359716,-0.3070099961365703,0.25650599453081574,-0.593970678860144,-0.43730861101805596,0.4030061812285165,-0.7730725528130068,-0.516290019843172,0.6300051584105995,-0.9576202241466081,-0.143180317484934,-0.5961433718031369,-0.598552364930598,-0.22994443022049374,-1.0916630494001496,-0.8116881195306962,-0.29428389952118,-1.4847240500356162,-0.948521979809973,-0.3427854959463925,-1.8174718948989255,-1.0350221463176656,-0.054183035545041114,-0.8671532184252715,-0.4950853405563714,-0.16407074770774918,-1.521157491809073,-0.6840316462362852,-0.23524190383601487,-2.0011538748172866,-0.7836880414084769,-0.2940117092674555,-2.3826149814696964,-0.8531173722735094,-0.0006630944797952255,-1.0197395572121826,-0.4004184702838199,-0.0759998881735793,-1.6129025762674458,-0.5428654473186323,-0.12816093897666714,-2.055584918140204,-0.631085351970282,-0.16815470071706404,-2.4115265053506643,-0.6892095127766589,0.009487362357103301,-1.0771576859040903,-0.33010081128254715,-0.006205827864573385,-1.5196734984545293,-0.43213488656233034,-0.026418667862127432,-1.8482734991081287,-0.4908386710866965,-0.037873466990094355,-2.1379570261002447,-0.5330349273852155,1.2571787374547134,2.119428420198883,2.5477649589365714,2.513711566963058,2.203728857814821,0.8893560742226742,0.9008870266734632,0.9775279885126749,0.9742505870187123,0.9753945012109145,0.9919792081136674,0.9874313841574514,0.9888830336289803,0.9821336098454805,0.9877256038424745,0.0,0.0,0.0,0.15018886678851395,0.1234555861163676,-0.2961129758644567,0.3338248383378608,0.18861936448892905,-0.5128439984302418,0.540165796106142,0.324756585422308,-0.6816886410680132,0.7014859285407686,0.5428785719620031,-0.854453444721838,0.20246518291831916,-0.648765232479553,-0.5051419435627315,0.4593721641780217,-1.1132987784933766,-0.6882366926364685,0.5948424450210732,-1.4138528721164922,-0.8017485929300862,0.7057997159988987,-1.6919763667292387,-0.8726269698741208,0.13029942206102826,-0.8951345899275396,-0.42632866022098226,0.34522678926042066,-1.4967323206770176,-0.5863789559005904,0.48549329335518276,-1.9032288999540186,-0.6782277047311621,0.5900906449547751,-2.2502358743312056,-0.7370876109777527,0.09048144020289388,-1.0185355355258496,-0.35428695110895597,0.17335940799057212,-1.590855573620034,-0.47549383557973923,0.2382039317373019,-2.0027896988688183,-0.5663772315719745,0.2996918395942578,-2.350711050479081,-0.623247423343936,0.07665931413905713,-1.0508893856936792,-0.30248535224426587,0.10464710556725448,-1.4940759622666306,-0.3799693272915256,0.1297968477567274,-1.7900466937348045,-0.42953412622238984,0.16299784807037465,-2.0354835344823385,-0.46361655657326484,1.2316210216755896,2.0303731413772423,2.440300515438039,2.4503254870054936,2.0939679627809826,0.9045716654567001,0.9063886142926427,0.9754099843039005,0.9657033574637692,0.9883471567977054,0.9799933546180526,0.9953984948036648,0.9815352013672325,0.9927939350233291,0.9819097703785572,0.9996903850920545,0.024882402499807263,5.808870096630057e-07,0.34441355156852294,1.644145635480704,1.7387151161210392,1.1353226337708866
two_hands_open,0.0,0.0,0.0,-0.16952854679443521,0.2297908039810404,-0.36734045886431244,-0.30114761409169855,0.3223052666876229,-0.6240336715994198,-0.3639430206453563,0.49234413782207437,-0.8226447806868304,-0.39296953857699135,0.7553474995198418,-1.0280530809666093,-0.128978499570975,-0.5484347845554254,-0.6174487379695908,-0.18658213493976555,-1.0196097681402556,-0.8350225682475942,-0.2368475140257349,-1.387197205824914,-0.9777574490786229,-0.2903287520247368,-1.7205324071244474,-1.0722924364839777,-0.03472742843892801,-0.8503581669274191,-0.5250571337043795,-0.11078304241679249,-1.4998985128931077,-0.7228504063870311,-0.17157312037960357,-1.9802114459461901,-0.8368882041765924,-0.2342348290662826,-2.3796971174258426,-0.9185143070198744,0.01415984489617096,-1.0304355311920093,-0.44211618413748643,-0.05562263449200832,-1.6312032019942948,-0.594488743325386,-0.12319073424498786,-2.0677679344678253,-0.6905783343956832,-0.18252233438152374,-2.4399997349174427,-0.75523624006707,0.014332160395217572,-1.111798281302525,-0.3853093685379523,-0.013571239688262546,-1.5786444653360627,-0.48617635802447484,-0.044672514300165965,-1.9179215539552694,-0.5424264593306692,-0.06487357887286352,-2.221858211506658,-0.5853143371394957,1.3348663006328494,2.0480072308364616,2.561541109963448,2.5607215559790792,2.298576813277378,0.8721737343137861,0.9214123028293428,0.9796670692578796,0.9691970098109935,0.9799405638148451,0.9862168576267949,0.9843205331229321,0.9858304340966088,0.9815725455646869,0.9890803919809711,0.0,0.0,0.0,0.047950614065776685,0.13630949974701484,-0.31506033975931025,0.1528741241828135,0.21088406048064048,-0.5453709747651725,0.30041912874426063,0.31909890772655725,-0.7244066839124128,0.42758153232812723,0.4652193749643506,-0.9070803522144522,0.13538740316916476,-0.6237980165120681,-0.541899779451067,0.402324173544302,-1.0512529834432012,-0.7375237942954932,0.5463288494285685,-1.3514382448060975,-0.8641086139041457,0.6660539837218887,-1.6333574925537264,-0.9446935185783056,0.09732258142006261,-0.8829337415813987,-0.45929981833526473,0.3208507638630666,-1.516841069677286,-0.618162276815676,0.4669314306615536,-1.9319474727083445,-0.7094246045443142,0.5819301831863632,-2.283859693419285,-0.772754108358074,0.07539795222199591,-1.0368259610016692,-0.3834860311233958,0.19886241738902866,-1.6402838834053362,-0.49583594501104833,0.29305541066555246,-2.0350230484283864,-0.5721595360499926,0.37871805538641956,-2.369490497788707,-0.6235512164973198,0.05598552675294757,-1.1016333347277534,-0.32994829108844925,0.11545120391884453,-1.586371481934979,-0.39887622419614194,0.17254222767396596,-1.897894774043961,-0.4364136503239953,0.236308899513067,-2.153808733152319,-0.4646505495951744,1.1054636127000224,2.000982371675736,2.480283602597257,2.479259708901416,2.2159950560033685,0.9087247497999535,0.9487910403997935,0.9669661053689432,0.9635144556093826,0.991213066293025,0.9867989260089528,0.9897009750649143,0.9868039606795042,0.9800208608888711,0.9797662847371942,0.9973042361831973,-0.07337752033797387,3.161083081090005e-07,0.3834792538969454,1.4931757188201322,1.455791654297111,1.1587216316837254
two_hands_open,0.0,0.0,0.0,-0.012578241665952576,0.3905941960047028,-0.4180959908471707,-0.031359630200819534,0.6398539888950014,-0.7351041166436723,-0.0007814491446529951,0.932027326036979,-0.9966247026496479,0.09292386315112458,1.2918633860748496,-1.265398320780876,0.10309329712972462,-0.36413233188261973,-0.7200462985052738,0.05545021431130243,-0.7848848680710099,-0.9774808161778802,-0.02591002935557851,-1.1346593053194567,-1.1456177441261537,-0.1299279307723734,-1.4650029796610207,-1.2622024024460632,0.06487718263600945,-0.7657527089979148,-0.639854467699936,0.004333395127443886,-1.4235808370060505,-0.8668765650307172,-0.06388997830361093,-1.9411907676175792,-0.9926775028922845,-0.14508490608851396,-2.378833750403144,-1.090099025630881,0.031261847959473496,-1.0179221908168035,-0.5716803493433061,-0.03635598730701736,-1.6257901446646454,-0.7488390033331895,-0.0934523239988955,-2.0857419557485724,-0.8528366850971006,-0.14553645137671492,-2.475601935717759,-0.9297126950260246,-0.012752049802141698,-1.1500737981347253,-0.5360301896791564,-0.034387644538085474,-1.6127589827740958,-0.6478115076992967,-0.07131463484254127,-1.9708813867907586,-0.7023363089374135,-0.09084948852247005,-2.2878134462531112,-0.7521707168567702,1.8107398385352782,1.938109878812621,2.620728052987031,2.6484243425292324,2.410000992057505,0.9318586235937792,0.9506639509463876,0.9526411725430124,0.957480971945647,0.967598314193961,0.9824296156369624,0.9801242719729832,0.9907144240195738,0.9673802237808644,0.9869290708276296,0.0,0.0,0.0,0.07277205907247651,0.1417581256366055,-0.31274830826751415,0.1819660446336828,0.21894687304095165,-0.5482562668466231,0.26384775058654225,0.4625823674157424,-0.7434510200611413,0.31190634823991126,0.7525703696849797,-0.9492381763434512,0.287749971172128,-0.6620841490735063,-0.47368561141718946,0.48156594819031534,-0.9852556274465727,-0.6717030086502481,0.619214857282215,-1.2121331521012655,-0.8213126459947855,0.7471367524964512,-1.4278031029179374,-0.9222988009419995,0.2586289092572247,-0.8757060045670114,-0.4077377599164683,0.4504349598637553,-1.4032409539694588,-0.5813734396130971,0.600286106451954,-1.783684959795224,-0.7071761650528726,0.738243699042494,-2.1090882592440825,-0.7967196741356232,0.22715258315986003,-0.9832629679234562,-0.3544655085735406,0.41493544873651683,-1.476979655872319,-0.49319435551887747,0.5650870997708893,-1.7988516494187985,-0.5920951928810059,0.7053463383110552,-2.0800119549218428,-0.6583358620332217,0.1882860287672765,-1.015628841708512,-0.3242572006703573,0.3603526935657626,-1.2897028313010386,-0.40825031387103095,0.48615379076824167,-1.462588915985513,-0.4492571293909631,0.5983694818239884,-1.6083004017781586,-0.4842275769947715,1.2508800289508122,1.856736412593905,2.372344680608607,2.2928953959624114,1.7830178253344304,0.819435671225507,0.9570689707463649,0.990489480306555,0.9583610194920184,0.9919266684451992,0.9821342862551614,0.9770731870948199,0.9781304691667231,0.9704658633613197,0.9914775639522593,0.9993833237760912,0.03511370327819183,5.860821118234703e-07,0.4439322335609467,1.3892663769908349,1.1166448357884395,1.333925224725645
two_hands_open,0.0,0.0,0.0,0.024851589418864273,0.5231534600355864,-0.38925155764285085,0.12842232723704722,0.8271311800157295,-0.6819751729795114,0.31550191309985165,1.1582845831126296,-0.9280770485117037,0.4817580302462621,1.49065099314833,-1.1769567193417654,0.18076061312105396,-0.11020550631675141,-0.6722163941726198,0.06351587199257025,-0.3980735658919901,-0.9279203266353683,-0.04729935219924901,-0.6872955958545789,-1.0940260723166404,-0.16675709402974379,-0.9972938192502049,-1.2115297691017204,0.10713339689994111,-0.5779705230902271,-0.5995729036860336,-0.01574039575380896,-1.1209955957638742,-0.8137542021351686,-0.15596327659784956,-1.4996400393980123,-0.9292944458582453,-0.2939638271234289,-1.8142724949648175,-1.0280150375245447,0.0335428719435231,-0.900579879122077,-0.5393358822748041,-0.07207834309010597,-1.3930679090877087,-0.7216867245997849,-0.20291876579079182,-1.7528594714800356,-0.8270781488282418,-0.33847017439799076,-2.036010194737564,-0.9041052654441332,-0.04009688829970763,-1.071635182330517,-0.5082806075174666,-0.09256461281194338,-1.481788484721762,-0.6300940383015635,-0.18372013993935615,-1.7955759435986505,-0.6904076566478504,-0.28485859186887963,-2.042728459383355,-0.7441063417305427,1.9594280548886176,1.5780390590044258,2.105899887226244,2.2532877985370856,2.1926190330150437,0.9297694308876656,0.9856853641920141,0.9373260138042555,0.9515174503759423,0.9511773788155053,0.9820448837328054,0.9513517930040422,0.9686136162373283,0.9416068365097346,0.9665764598775537,0.0,0.0,0.0,0.013731138406830106,0.5117426478183864,-0.4540211772064858,-0.012901871968836975,0.8576486432726098,-0.8160305474871068,-0.11618921098944791,1.1834892189172581,-1.1131945781724928,-0.2378198071718257,1.5239737914599076,-1.4293695627429146,0.09625396188954782,-0.14529920777669328,-0.8827062307392687,0.3305757951346131,-0.416045550402496,-1.1918950406564168,0.5334611940527472,-0.6188155423815412,-1.3845486267072813,0.7395917113338002,-0.8185941033232321,-1.5103577858463972,0.19592396917612453,-0.5720813464422032,-0.7964525920324127,0.5173075496272059,-1.150103966872957,-1.052610509840343,0.7872391816451709,-1.5457707312366764,-1.1947819816272989,1.03334167205625,-1.8817469472993535,-1.3100763209728392,0.2933315845756989,-0.822268410735303,-0.7155001346830261,0.5842103038297912,-1.332718292895464,-0.9232800874462183,0.8227753695055706,-1.6395368938122448,-1.0516180101641794,1.0379679307604806,-1.8858808030634717,-1.1494091716883472,0.37888950658623705,-0.9426128953532407,-0.6630672272676547,0.5704521331669584,-1.2818982754315202,-0.7869573561561114,0.7347762268375503,-1.4812873639463404,-0.8435986659800394,0.8914539349871081,-1.6242258240122673,-0.9027773689106905,2.102891277416833,1.8703670352997717,2.5149684991371504,2.4403002423086817,2.061020772192662,0.9396713765098146,0.9912820754119661,0.9574214655547812,0.9430604244333586,0.9623236582584023,0.9881793733633817,0.9564357002425944,0.9804411789493485,0.9386767352067275,0.9526446284525103,0.9993834381915123,-0.03511044669537248,1.167583686642348e-06,0.520453463187313,1.268470893023395,0.7754695669580679,1.374608327081261
two_hands_open,0.0,0.0,0.0,0.20941396315453392,0.37097323869492776,-0.36344170954675525,0.47042260384415163,0.5462870316542968,-0.635279700884664,0.7244217898579384,0.7779084880089356,-0.8671627329145188,0.9542337797708761,0.9659235180932793,-1.1060072591758177,0.3854841944637648,-0.2672744352584385,-0.6573661790809207,0.33680287223146615,-0.5848048589784779,-0.9566607051734848,0.23567518576454496,-0.778651307442074,-1.151254512709127,0.08025173661238885,-0.9791962453163155,-1.2744744359883269,0.18130359429607207,-0.6905021123430528,-0.6059721703990398,0.04985952666365152,-1.238203829988845,-0.8652470052954201,-0.1016352853507249,-1.5508993701372848,-1.0306801901045384,-0.27804329942165223,-1.862374251823845,-1.1622698624515577,-0.0038894617353529837,-0.9779392697431734,-0.5689466232647228,-0.13386731006793584,-1.5000567594479295,-0.7998499759980546,-0.2946699791236935,-1.8633181604471223,-0.9551450542499842,-0.474179070972983,-2.1910165346468,-1.0656993009089875,-0.15460925650730042,-1.1026229743679825,-0.5549362887865534,-0.304920105474302,-1.5952292803416666,-0.7272404692848142,-0.46182948772858995,-1.9031366783857802,-0.8324242390484827,-0.626869069030923,-2.167488258726682,-0.9184329944024682,1.751234537864964,1.6092081021603881,2.2128301252859126,2.482159190382917,2.4360807348347064,0.9467325222851779,0.9699506226813582,0.9224610736665038,0.9006712473963001,0.9377277341165023,0.9651688688903963,0.9480765582688018,0.962891374320296,0.9461924713094063,0.9721859729335063,0.0,0.0,0.0,-0.1986082029442711,0.3712520221832355,-0.4061509511321363,-0.46943198031907246,0.5442631149288513,-0.7585221878362562,-0.8024243800284631,0.7076977194626194,-1.0643222383487783,-1.0536221899841913,0.8588404547095616,-1.3924272048343362,-0.25818779976809686,-0.15923075491233826,-0.8336734758568646,-0.15411251219120653,-0.4061497442785359,-1.1421726391654723,-0.01478233745750167,-0.4695010546941766,-1.3481196785756484,0.16573385461726536,-0.5272990380625723,-1.4915711506288294,0.010839622668782602,-0.5140055903367362,-0.7874012785190901,0.19321871694529136,-0.8431365640037193,-1.0410575465692264,0.3911568142140094,-0.964339769495154,-1.1868743947845106,0.605088577615836,-1.064717261485295,-1.3203681007108254,0.25392751132798436,-0.7430663266272274,-0.7503217117187089,0.5278389975069839,-1.127503341343681,-0.9716808657776946,0.8073817299978278,-1.337444796027601,-1.1183899948689429,1.0613623106627823,-1.4473520246708302,-1.2410459734599384,0.4591470585771933,-0.8492365894588008,-0.7371196085361699,0.6961980995634209,-1.1925497116532648,-0.8620040254465505,0.9133119172573929,-1.3936957661047922,-0.9211934994658628,1.1029316065486297,-1.5212605530692334,-0.9984264427587599,1.9459137099664963,1.5906905681169485,1.8008683891502495,2.1820891242236917,2.1278033651276056,0.9479750168569647,0.9477842538047453,0.8517199747508728,0.9060403782688897,0.8626096563486167,0.966279094978015,0.9096343407293536,0.9308349507776678,0.92606698852671,0.93721419202981,0.9984883295234553,-0.05496413198481215,7.845489982541881e-07,0.6201648644766903,1.0190326061034385,0.5037707626611782,1.4461908340012712
two_hands_open,0.0,0.0,0.0,0.40980989899163256,0.18668017137241602,-0.16243333665577456,0.872389097975378,0.1761366461728045,-0.3060416604135744,1.2404338212138584,0.22451000192800874,-0.4416715042611507,1.5310388208425976,0.3306063561820567,-0.6036837900313636,0.558068171570086,-0.49605653612650746,-0.39886807715789424,0.7309869187457013,-0.7218387944268156,-0.5596070405893292,0.875554104731108,-0.8963157815528318,-0.6699341650364196,1.0114481813645926,-1.1166681081320413,-0.7631653698608902,0.28857946027826703,-0.8424115825832265,-0.42383504249779236,0.3544184229829125,-1.200842100350154,-0.5771850816221028,0.32789788764099564,-1.4262408137594194,-0.662866451961497,0.27436779214505164,-1.677114907758541,-0.7510444680745725,0.022716760863995055,-1.0579536592875323,-0.44880987568550834,0.0030321162680711474,-1.5497589180563625,-0.6101201971494442,-0.11658962674824228,-1.944857667479118,-0.7089066608967055,-0.24747792479847272,-2.336347968091068,-0.8035293072978389,-0.21633779530038658,-1.1234921209658446,-0.4802313695736223,-0.45129208602488496,-1.4944117050366563,-0.6304962986677852,-0.6931239924689652,-1.6753764687129573,-0.6985393754882137,-0.9090477866932076,-1.868198637414141,-0.7644500625087728,1.6786347285879974,1.6889039253491727,1.8579719837010211,2.483027687914971,2.2138016906212576,0.9511313283316071,0.923614805784409,0.9776913061183196,0.9467465345662297,0.910923384780305,0.9705450127120797,0.918005300002436,0.9906128542059656,0.8835005081200802,0.973130282375467,0.0,0.0,0.0,-0.4188080825539375,0.05348245638156409,-0.21547794930346797,-0.8718171499016437,-0.07188648773005316,-0.4480156261302344,-1.2454330212809501,-0.13695893005739174,-0.6680975357969638,-1.5471911817389725,-0.20794122016454633,-0.9046954089324581,-0.44700935514752393,-0.656183434382488,-0.5595906656972987,-0.44725168616873623,-0.7608941637920472,-0.8344326021515645,-0.4718462653966123,-0.6759975293606564,-1.0346793075363248,-0.4724470443867012,-0.6268270505877894,-1.1725874936408718,-0.10476474903303777,-0.795874646704049,-0.5963286795834576,-0.023069408363120856,-1.002324521375551,-0.8336351816348876,0.08621128022146778,-0.9996836181006306,-0.9655861265750012,0.2622935439410039,-0.9216823109353194,-1.0825391793694683,0.20758984018378843,-0.8495388513515223,-0.634804598155337,0.3743822432338905,-1.0915583762303485,-0.8702061511947057,0.5445632417306119,-1.0640558247479244,-0.9517478893371145,0.7566619534778325,-1.029141478010462,-1.0184469786443409,0.46860811712566236,-0.7883891424300585,-0.6858782589432357,0.7024939022487552,-0.8949738984036598,-0.8822077843413573,0.9131562978389984,-0.8659603120327178,-0.9259107956621943,1.1514000024935598,-0.851535053138759,-0.9594515546372329,1.804304266701663,1.4110562679571987,1.4457479933771735,1.6336779798700336,1.7237694736135691,0.9654353467021228,0.956981014000342,0.7544433799041939,0.9607841201830051,0.7526022090236941,0.8589836494401516,0.6930051087262458,0.9551265145819937,0.7847129340683769,0.968742041731434,0.9999146331379911,-0.013066232679225645,-2.9812026328880544e-07,0.6602923830046161,0.7026228571078078,0.40336841883998015,1.42988538539429
two_hands_open,0.0,0.0,0.0,0.45132839433897204,-0.0355257564444707,-0.11242707945154236,0.870761932094134,-0.2383393178504828,-0.16420164659470815,1.1886016014883043,-0.37989970764318376,-0.22275743714880875,1.4872203991876627,-0.41539856853313106,-0.30023775990740437,0.6994002683925347,-0.7129786163023827,-0.16358527499298667,0.9830870358466067,-0.9622989529206468,-0.24674388762657753,1.1545209359193076,-1.0614141596875704,-0.316778003474983,1.3282705795818184,-1.1695161161997083,-0.37948121801688145,0.4616345709329515,-0.8662214900011108,-0.1911906200099923,0.5884296647457392,-1.16664810510857,-0.26240114377871737,0.688610516997293,-1.327038835875334,-0.3280704791245807,0.7778872208835209,-1.4712393514526034,-0.3987848208008608,0.20593571731472468,-0.8613181396487413,-0.2304421830945144,0.2056602196075795,-1.1597306775211804,-0.3233252537342361,0.2213958454076127,-1.3531491492426935,-0.395780378374868,0.260825909562612,-1.5364121866842622,-0.46977313822300815,-0.046408824510305355,-0.7305199696532394,-0.2813114217936318,-0.2354384596547491,-0.911527778502676,-0.3938968263563104,-0.35926486577365546,-1.0186084308498033,-0.45430337861397324,-0.4505189835291932,-1.11808890832343,-0.5090956201599138,1.5730617276424665,1.8099935561932385,1.7113395603963986,1.6276607029374928,1.308536782785285,0.9795979347316897,0.9025566064099952,0.9281683019171859,0.9832796189766695,0.9382909735259819,0.9806118541208644,0.9695982371370082,0.9607033029683885,0.9774903645564099,0.9642348487566005,0.0,0.0,0.0,-0.33337277381165903,-0.09907588359074748,-0.27653658328602904,-0.7260099293623488,-0.2625933037086392,-0.4840133280358362,-1.0467253759249828,-0.39876662826908255,-0.6474920856736525,-1.2759857433028505,-0.6183283655573827,-0.8118476450525948,-0.373876130569989,-0.8698691740846898,-0.578299642548817,-0.4637024114713432,-0.8524945720737117,-0.8563250977892054,-0.6152457675845842,-0.8416252149558948,-1.0686955007352865,-0.7998918939191416,-0.8552764618681458,-1.2092138323767225,-0.21786239693597848,-0.8170064850992029,-0.533887983857247,-0.4314393631857003,-0.8358606617862843,-0.7476743718740442,-0.5792114317687755,-0.7730221485558352,-0.8401893908634518,-0.7008142015573965,-0.6591631796010377,-0.9295719576294375,-0.07483835222181687,-0.6785373779499525,-0.4996855373934339,-0.3182482829217967,-0.6178965214816863,-0.6858415353183059,-0.45354932766860817,-0.592155449220933,-0.7109958874866863,-0.5603111314212533,-0.537834890811315,-0.7426120740442834,0.05341165098328314,-0.4508945040367613,-0.4862738961142822,-0.12963145205457918,-0.43784783883048545,-0.6310581576296561,-0.25808946392441257,-0.37736977175201053,-0.6505236989139538,-0.3765576335740516,-0.33041950296519473,-0.674039982847559,1.6338807127640733,1.6833071498079148,1.3378118951696107,1.0745639237778906,0.8398229562352971,0.9947868371712145,0.8959605868373129,0.9021527400531161,0.8991912092895468,0.8519929911988141,0.9021641527653829,0.8533898955538403,0.9088290506340633,0.8003223026269979,0.9754087551315652,0.9990865574576391,-0.04273231454999497,-8.024517830988219e-07,0.7110087708025992,0.5654746466217323,0.43171197389888444,1.0446167920084632
two_hands_open,0.0,0.0,0.0,0.29080428037947437,-0.09593357900473527,-0.05437115396171711,0.5655473889495884,-0.45997522480376996,-0.08488327245151085,0.7817040652706438,-0.69890882593484,-0.11648776126977992,0.965710456687967,-0.8637082622162697,-0.16054069879981625,0.5589241462138176,-0.8162040240383198,-0.14446525775261157,0.7776696622166377,-1.1592714646178406,-0.26153955864398243,0.947360850204093,-1.362770738828561,-0.3462382256344649,1.1003191173539255,-1.5189507953910988,-0.4072735015932345,0.43618763620791473,-0.880120944077488,-0.18742323712790532,0.6144744610606769,-1.2531450615270703,-0.2964175391102407,0.7877508199394878,-1.4433749760536487,-0.37349560064419185,0.9451430649963447,-1.575006514517627,-0.4308984733580561,0.2743531611546777,-0.8321256341961187,-0.23640514220116066,0.36681666419854625,-1.1901303699241375,-0.35366405644683696,0.5028960064385574,-1.357959481187129,-0.43291382902296643,0.6354602481599885,-1.4536300067469607,-0.49113195749446054,0.09747353469732735,-0.6931459720945354,-0.2880328915208097,0.157209902836793,-0.8162920463247818,-0.41565331736718747,0.2683165406306567,-0.8264117137979591,-0.4888082342799384,0.39146500362361136,-0.8073184058575799,-0.5388355125850527,1.3055121463809762,1.91931898962465,1.886694047381809,1.6607409560732413,1.0465904486097963,0.970129483191717,0.9584838155317369,0.9600915912663194,0.9729160096090232,0.9096485666010575,0.9581696057930184,0.8702634023884286,0.9208336935897914,0.7422590068416627,0.9065667457823963,0.0,0.0,0.0,-0.30738629267408546,-0.15528063503977294,-0.09756594079176412,-0.5509486079497596,-0.32630121749098484,-0.20432610052450748,-0.7364224947274177,-0.39720275723387677,-0.30614098865217115,-0.9089343855168616,-0.4738943959346404,-0.4254809543146546,-0.5538684715525852,-0.8971958693891937,-0.3315343223862015,-0.934932614789555,-1.0056508171212286,-0.5369702489938245,-1.1690040403659199,-1.1166417272997127,-0.677315344894534,-1.3700858059948104,-1.2235836287006865,-0.774347695158836,-0.4077387111922112,-0.820421380225195,-0.40082153418285854,-0.7780536220506373,-0.9671286329233661,-0.6032797915581402,-1.0206008140762775,-1.039373416562768,-0.7173852331667415,-1.2247267190028461,-1.0981529491724236,-0.7988669718863912,-0.2341550963412161,-0.6083442917329039,-0.4726743930907004,-0.5110360125124563,-0.5958654533966253,-0.6756619757182536,-0.6741538091933013,-0.574774678542784,-0.7578518910769296,-0.8137798081897188,-0.5870714099202686,-0.8078499923475775,-0.04539795234476063,-0.3108249970491507,-0.5472642139753832,-0.1758644634948093,-0.21286088668655984,-0.7347648609712408,-0.27550116885281,-0.13256484268426072,-0.7947326004719465,-0.36637541234667736,-0.09534529745290674,-0.8279441007377488,1.1098520884143446,1.9934659177449183,1.828683645354357,1.2882204883866148,0.9103917302266209,0.9170210833758723,0.9678297221295655,0.9531115582650683,0.9673792964736413,0.9707715332599933,0.9815653329054328,0.9417184360246056,0.9259463339769245,0.8671531141715334,0.9074245441726734,0.9992623401775842,-0.038402805918028395,-6.633806322875742e-07,0.7183790547648298,0.43518197128513275,0.5518905065786626,0.8314126236827614
two_hands_open,0.0,0.0,0.0,0.2378463464168137,-0.17768989591494724,-0.003164811409270441,0.39448164254981666,-0.5506661521436427,-0.017975483909982836,0.4829844216820919,-0.821171759641073,-0.04431916932709637,0.5755306613345591,-1.0183236341265816,-0.07897807199581122,0.36875595475443057,-0.978223368853456,-0.0746278371568536,0.5533309374281381,-1.3347730214889029,-0.1785956471946059,0.7137087091985639,-1.5685678153329385,-0.2535458994188514,0.8518991254031065,-1.7384469726201501,-0.304187230940702,0.3084663472246461,-0.9408509805593779,-0.1401711275917439,0.5353563175962973,-1.3447296671999536,-0.24165944719140936,0.7248362683398937,-1.6063527009417626,-0.3221129695118002,0.8978765892592494,-1.8191201316686556,-0.3734504971594835,0.23891351052247475,-0.805068443416989,-0.20665697768028107,0.45800688691115415,-1.2046137372142331,-0.3179214836394266,0.6260054643352054,-1.426498082276512,-0.3919370544482136,0.7761585658235636,-1.605717178763063,-0.43453220479605287,0.17149329151644474,-0.5919771990085682,-0.27035218804044575,0.320082061082948,-0.7832259540271662,-0.3815627469823518,0.454020597071427,-0.904223061103205,-0.43418039787570134,0.5804458924955325,-0.9949393126684355,-0.4625372856478991,1.1723719980505924,1.9597091284019967,2.0627277321087907,1.835638312544446,1.2412745105828122,0.9686519923388368,0.9560040926181841,0.9619153564965965,0.9728923553917094,0.9632373119615685,0.9743850044115949,0.9543581124290968,0.9703589583554,0.9298662458022542,0.9521307822829104,0.0,0.0,0.0,-0.22010333884584837,-0.26164392951831966,-0.0012616257162818118,-0.45913984267048685,-0.4913272660326284,-0.05769117632319668,-0.658585975453478,-0.5915693372306223,-0.11500829605917226,-0.8283544845696774,-0.6988213138496374,-0.1854343762571509,-0.37633763659359,-0.8374544231612322,-0.28140744959974595,-0.7322664072577931,-1.093146337118433,-0.42314246813259737,-0.9754536459116717,-1.235915841409041,-0.5011810329976978,-1.1769595026363082,-1.3253942254835025,-0.556475251042379,-0.3011036123794924,-0.6450602376328811,-0.37234053407709994,-0.608717516761882,-0.8769740726688072,-0.5223412744883921,-0.8697360332669077,-0.9371271371240909,-0.5986622349067429,-1.0854070547699746,-0.9327339284637458,-0.6517696665300715,-0.21262412923559165,-0.31316538185422343,-0.4469658886825716,-0.4402790287542039,-0.40601949703431206,-0.5979487458815455,-0.6326803842076683,-0.3917060451683107,-0.6527730079256171,-0.789982348985921,-0.3609069800326581,-0.6836383541303571,-0.1444097876131242,0.1076518628969263,-0.5115890755403252,-0.3156849587201825,0.21150138414398267,-0.6567152445916186,-0.45421801498587766,0.29476539857931494,-0.688942224756516,-0.5631158153240873,0.3744545535342818,-0.7003828179918836,1.0995036556078877,1.857839667143965,1.5725472183882312,1.1052996694035833,0.9735767693761606,0.9030904994867697,0.9595772062969565,0.9687918149695244,0.9643850859598215,0.8701200764425128,0.9231993785636089,0.8404403620630715,0.9539628244972694,0.8630572354947145,0.9542870017370425,0.9973020766320153,-0.07340686579167895,-3.3520118706181525e-07,0.7292522707289048,0.45985661214779916,0.6149285200550986,0.7525353655499031
two_hands_open,0.0,0.0,0.0,0.06918740714893201,-0.3211690903353847,0.04247233150592271,0.172219472026314,-0.7316683451957363,0.03989286250715176,0.28452053707678227,-0.9810804458815673,0.020246826078267593,0.3952198684913176,-1.1469585910124183,-0.005673972977075471,0.14358744777159257,-1.0111641829654434,-0.05422570041385104,0.330351077231182,-1.459359234273673,-0.14045257782480378,0.48940693396027646,-1.7390791660014293,-0.18984837968563442,0.6252112587393399,-1.9217300122309378,-0.2192433422814776,0.15222607031039292,-0.98035458946699,-0.12542767808129465,0.3481993809541732,-1.511000616624678,-0.2099921196646964,0.5205668783472721,-1.8116904458396825,-0.2635906053740995,0.6674870132472742,-2.0128738503062906,-0.2955193383694703,0.1834903822558324,-0.8584888363171372,-0.19299343498678365,0.359753159919729,-1.3833702187374617,-0.28202103336426293,0.5182451536809849,-1.6506579546274058,-0.3446577133541797,0.6532734337062426,-1.8310632657176489,-0.38149471475640345,0.23884642732429118,-0.6615807527382561,-0.25334142088909234,0.38700373502021573,-0.9489874821279498,-0.3431565075664003,0.5079512229658222,-1.128327228261705,-0.3942460600574061,0.6193913463609463,-1.2579381910442118,-0.4247585446344144,1.2131549562676776,2.032732889756621,2.1411519631849973,1.9811857761537648,1.465084964660533,0.9399149693616365,0.9445119648583956,0.9609051930686565,0.9607097745870474,0.9475060420229392,0.9642848014158665,0.9326598025743141,0.9644143248571815,0.9617473944869782,0.9595643252369613,0.0,0.0,0.0,-0.12320864993312965,-0.44938883714105,0.01689817433076926,-0.32305638825576,-0.8774049932826476,-0.01994772127608036,-0.5211432776369795,-1.1887364417417117,-0.054047428112664476,-0.6917739098700659,-1.3902062413663652,-0.10131559674173811,-0.2386971989586791,-1.1055195578047352,-0.25495189794499096,-0.5480213042431847,-1.5326931406500057,-0.38426981974274116,-0.7778767150535562,-1.783329307793838,-0.4530182076734742,-0.9746815882359086,-1.9521918593570755,-0.4986958432208498,-0.22275169935222255,-0.9149779769160798,-0.33644759204704466,-0.5308541041303666,-1.3887183517068542,-0.47179077456628277,-0.7881556168957451,-1.6056688200526095,-0.5506987792866157,-1.0033383123047763,-1.725033267787888,-0.6076519104015838,-0.21669027998854384,-0.5975795698970867,-0.3987785133884415,-0.4834228898366589,-0.9118618712920452,-0.5325010194047191,-0.7094848744148088,-1.0682410747719548,-0.6044225589875388,-0.8851817170852331,-1.1801368395628011,-0.6501495087682002,-0.23406335356200583,-0.19402081160022308,-0.4472416337836497,-0.46448253145742874,-0.28694144416871104,-0.5819815055112701,-0.6316416263070731,-0.3346954705105732,-0.6313821733385171,-0.7760327781683877,-0.3845303882438754,-0.6575911881309112,1.5561135517866456,2.238248153854229,2.086065288558402,1.6121302726848006,1.0874358201669443,0.9585752363259866,0.9492777655554745,0.9618419908076384,0.9617847614951698,0.9090527421726312,0.9398360532737595,0.9179418716344006,0.9826932925021775,0.9234498990232632,0.9620523006130428,0.9990805234417509,-0.04287315802839867,-1.695742170136484e-07,0.692764327552068,0.5166918039707927,0.6660169678092116,0.6363433607765198
two_hands_open,0.0,0.0,0.0,0.0012666187564851293,-0.36646845380895693,0.07632149888551762,0.04154155935576218,-0.7767400554767331,0.07913514005421492,0.13555551917227307,-1.0067933348924338,0.05753264069183113,0.23497832016363887,-1.150314448467825,0.03086512541114247,0.018714089551930022,-1.0225201919653057,-0.029873626243359146,0.177850771369265,-1.558975761949595,-0.10811485563455998,0.30450188078668,-1.8784743226832101,-0.1506578869738335,0.40985160532620823,-2.103265181666988,-0.172641865069423,0.03957275567419479,-0.9927614225806222,-0.11339644987410276,0.20120731643499945,-1.603423637058058,-0.19270866072834097,0.34389846692148807,-1.9405715637523915,-0.2362113740751536,0.4646120565527653,-2.1769445074938325,-0.2560474607345177,0.105591454759864,-0.8885019206006954,-0.19036064488853588,0.24773517072720963,-1.487224724776765,-0.26905176462021835,0.3836549851612123,-1.8046624022207383,-0.31336630845618957,0.49814546656038544,-2.0343155178258407,-0.3317329603977143,0.21678361626562298,-0.7188576238892713,-0.25829799968460576,0.3856349517244971,-1.1176238643620504,-0.3188215294213269,0.49276371095639804,-1.3236874876590838,-0.3406753919476604,0.5855855090041221,-1.4874822076931282,-0.34739978156612183,1.1744746899220124,2.1497692844525864,2.2406499177583163,2.1205271252535103,1.6359096291639794,0.9030810062431989,0.9281219352205182,0.9714601551272188,0.977774909863749,0.9552057115408409,0.9733433246990469,0.9458647247220923,0.9743826442869546,0.9712347441908852,0.9782279665401603,0.0,0.0,0.0,-0.016249281507560845,-0.44736018340917816,0.04646920801582389,-0.12794559290845137,-0.8773766285561119,0.03367980894937333,-0.2690291318994621,-1.1792772844958097,0.015228050594109125,-0.39597219506646225,-1.3379538152792292,-0.016818538281277183,-0.11240861442913666,-1.1057913554150813,-0.1528853339142529,-0.329932616706164,-1.6119999295879996,-0.2420288464325494,-0.48634485382936576,-1.9166876812445979,-0.28550377389176196,-0.622838083076771,-2.1436603359145607,-0.31219780264278335,-0.1400077302875829,-0.9630788697495931,-0.22994983388027448,-0.37702498704483633,-1.505687520703519,-0.328378795511943,-0.5727517812414253,-1.81231663955528,-0.38589073165866544,-0.7393240545156766,-2.0186715097245758,-0.42409540137157653,-0.1947597220173846,-0.7142085439061594,-0.2899632846279683,-0.41624183883558796,-1.1651270906732576,-0.3861026562552422,-0.5973233465812162,-1.4215903251610749,-0.4471533884384966,-0.7382285471665562,-1.614629042166445,-0.4841391059559466,-0.2733909373530329,-0.40196531103199357,-0.33598624832306295,-0.48192894276229253,-0.6295624127704134,-0.43538981686591327,-0.6249928522669375,-0.766523681839476,-0.47684351553721743,-0.7517596782171407,-0.8909820891631101,-0.4969481503175911,1.3954200995814547,2.2540351331510022,2.1912306202733927,1.8402171082714125,1.267260494573501,0.9411836971500999,0.9182329053696184,0.9758618027959489,0.9772295308308568,0.9508302686071294,0.9647911307183152,0.9505403430069126,0.9867806342706695,0.9609265702749238,0.9699331168281439,0.9999336753592206,-0.011517156005608457,-3.785879980716452e-07,0.6606053163901344,0.630371096442059,0.7706915445994758,0.5788526718042734
two_hands_open,0.0,0.0,0.0,-0.05770058085752065,-0.362729029322907,0.05172771910484502,-0.04774449593869233,-0.7747340595827162,0.05936288251403617,0.018067111089771503,-1.0174803343491803,0.04770440286657192,0.10730484534698237,-1.1629198329165558,0.03745150106797338,-0.07116847798785209,-0.9919400304857525,0.01575821447606726,-0.0025158359745481745,-1.475124571085577,-0.03908937808565409,0.05010557252872905,-1.7781643869978434,-0.07360935581799473,0.0897694834163359,-1.9979011590568343,-0.0930267616910179,-0.027974316559432343,-0.9985055058397594,-0.046948827682051816,0.044170677821975715,-1.5535455948038215,-0.1010616595244646,0.12256728735348878,-1.90140720161851,-0.13619076291595447,0.19222499707914137,-2.1615065491264054,-0.15361013192177403,0.05617423450546109,-0.9495187976929143,-0.10955858818044947,0.13088312709931346,-1.4827764266734318,-0.1691470419951182,0.22014604167882273,-1.8237585447030977,-0.21347564589528187,0.3010124679751662,-2.07567699447635,-0.23551547635359654,0.18918670772367974,-0.8433434404743432,-0.16710197078857073,0.32302599444568436,-1.2105597768882201,-0.21062443407632828,0.41352202975795277,-1.42292295379725,-0.23082700760061398,0.49010923138329326,-1.597117869672353,-0.23999599037587335,1.1684603042285409,2.0020793140892783,2.1754670956021016,2.110571257000563,1.6877768287633215,0.9207056154890975,0.9091190042267134,0.990259186735071,0.9917615252483036,0.9707196443822675,0.9834025699206492,0.9627624115669454,0.9781550794533549,0.9815139423550407,0.9870246256583984,0.0,0.0,0.0,0.04726648539239503,-0.406678140456517,0.06512949816486317,0.02348332749148021,-0.8078066464086684,0.06903913915637583,-0.014850383044793247,-1.09307449151201,0.06274033286818992,-0.05540233042374818,-1.2896059330835294,0.04858731755932344,-0.005832140352392165,-1.0829479388778007,-0.0742018143713299,-0.1441486667041111,-1.5848201553824375,-0.1294879980479719,-0.24083196205086324,-1.8743209683231359,-0.15061837579468884,-0.3253176111956165,-2.0866043631151214,-0.1599657851538421,-0.06564391814570682,-0.9878538832975432,-0.14083884856261633,-0.227056625789975,-1.5306449813917564,-0.20351187873240523,-0.35512578956593266,-1.8518316086681712,-0.2356925980390102,-0.4655825732203562,-2.082924164283756,-0.25561333159681643,-0.15373815793467227,-0.8192281522595886,-0.19372247650033012,-0.3116598509581506,-1.2710270734295805,-0.24480032209108363,-0.43763944163415025,-1.5427047240849476,-0.2806213937378155,-0.5304630556933501,-1.7449672460673125,-0.3034920669893705,-0.2633806872029194,-0.5953874270552443,-0.23515020933272893,-0.432473488416434,-0.8396891522649035,-0.28130984293390077,-0.540487046924024,-0.9979328511364187,-0.3004295753950077,-0.6339068568898115,-1.1398702108224115,-0.3086721397246342,1.2917095680872825,2.117861744483093,2.1495763261474794,1.8488940418609032,1.3403061182336047,0.974283244033045,0.9729329819296737,0.9794338990146092,0.9799354429573064,0.9708502654028839,0.9783761534618105,0.968761592991547,0.9945578475979079,0.9824792057200133,0.9829111189540932,0.9995952026064647,-0.028450499574949276,-2.766963944650539e-07,0.6115182518203562,0.8210167732107523,0.9251990837471927,0.5588496534004898
two_hands_open,0.0,0.0,0.0,-0.09342393937911539,-0.3073408666083772,0.05958148845132583,-0.15094482990415115,-0.6304043535896182,0.062578345221394,-0.18141276164675577,-0.8572610448934711,0.048995532886535666,-0.24463417301099086,-1.0017523362295038,0.034740909435232135,-0.1569979534774298,-0.9937903259100053,-0.003847130392408509,-0.12576395968423365,-1.4947771423564533,-0.0649682644054037,-0.09469639519362076,-1.7894090837033376,-0.10331053162256945,-0.07398206313391358,-2.005027355922716,-0.12554967255831948,-0.08442127642440331,-0.993624454924692,-0.07472275866483608,-0.02351947029266564,-1.5991862278039133,-0.1263020304577376,0.034095369802080895,-1.9568194004861803,-0.16133562705403998,0.08030576755869316,-2.2290425168588275,-0.18296514263155117,0.02440587509300556,-0.9347031016619686,-0.1434536131271184,0.1013696062294368,-1.527523769902497,-0.19856979310306433,0.17427584274012517,-1.8523062650020337,-0.23591668848451858,0.23758861511218274,-2.1117915251273773,-0.2575536652110019,0.17575457140784753,-0.8141701179928421,-0.20562762129278417,0.3061154617129004,-1.2043876001639215,-0.2514528816453092,0.3835356933517513,-1.4174619758765983,-0.26905906146278,0.4465297173187393,-1.6202614866006346,-0.27671034284345125,1.03177543706682,2.0103160855804463,2.23798029519603,2.140664776674377,1.70329230822152,0.9743361939902161,0.9109193321003222,0.986273514227205,0.9911010494597221,0.9807654983513133,0.9936113872720346,0.9702831522322343,0.9885495250120706,0.9865244657398277,0.9799806721461924,0.0,0.0,0.0,0.07350107662568768,-0.36606737223422836,0.10657261725172379,0.07606584064479825,-0.7477921218996167,0.13515762758176297,0.07047609576195517,-1.0366155428322104,0.15058592485288558,0.11047538704196727,-1.2341990845391877,0.15666403873394977,0.06346456985430175,-1.0827010351371142,-0.04103782955939171,-0.029359611417099907,-1.5741720505198622,-0.08377372276941467,-0.10126704826392277,-1.8606214639805363,-0.09395672912391803,-0.16354750463297982,-2.072793990825519,-0.09790258138313254,-0.009966918427247447,-0.9932222079048557,-0.11580287674176257,-0.14384555481662054,-1.5688169717623808,-0.16961774013250808,-0.24284197765343027,-1.897701602038381,-0.18589489570136952,-0.32810170582269793,-2.142653129223307,-0.19511353099758627,-0.11436410821553375,-0.8478312582636134,-0.17402933267220616,-0.2642925291523749,-1.3551189483573145,-0.22187868384856604,-0.3670589505564573,-1.6460938274567711,-0.2483788090462404,-0.4406958689657508,-1.8637311514229167,-0.26492177041283055,-0.24110716024348575,-0.6548476617330747,-0.21620558024437975,-0.39866450910610357,-0.9607913716125831,-0.2676467210196465,-0.49188976824595837,-1.1434285375642947,-0.2924880646338791,-0.5679229268249791,-1.3111279985128856,-0.30488521146762754,1.2489979233176787,2.0815397258076858,2.176392072102942,1.9333624073479696,1.4610092646761403,0.9892802551420884,0.9299320786486089,0.9751831343449747,0.9863423429544121,0.9754557531650105,0.9859464498475077,0.9834051183211177,0.9939224223747107,0.9910698823655294,0.9775637896134214,0.9996874674476992,-0.024999348543670846,-6.302375168286072e-07,0.5697279618076033,0.9615915028866701,1.182453382129321,0.5381283698377813
two_hands_open,0.0,0.0,0.0,-0.11854980354789932,-0.33312144158240553,0.06555978951995982,-0.18661834732385416,-0.6532411974367577,0.07456998391241229,-0.25007318915831234,-0.8676658977811127,0.06579468384859548,-0.3442246893209359,-0.9853897265114129,0.05067939144173015,-0.15809833305559107,-0.9725101603084386,-0.002596387083135316,-0.15785495329017035,-1.4964441685657015,-0.052470263649612506,-0.14539734643958077,-1.8023646990445759,-0.07806125740998744,-0.14019473117577536,-2.029660170559884,-0.09264099428579473,-0.06733284440197801,-0.9950027976031621,-0.07372734110640251,-0.01727030902811145,-1.6237341615503031,-0.1153240579239766,0.027855938804483785,-1.9912448859827698,-0.1428364976545543,0.06241202398598576,-2.2603228251392133,-0.15974001846505922,0.05925405148251953,-0.9514748699288988,-0.1410337940940461,0.11964488612688992,-1.5496199430905113,-0.1908905055001467,0.18257344133257128,-1.8750858653060303,-0.22914984253390352,0.23123412947607894,-2.130513308211276,-0.2529140948750594,0.2160184208020321,-0.8417990009598211,-0.20043226859520494,0.33491764996121975,-1.2472530099175845,-0.2479267557111349,0.4099829449871915,-1.4644856506001849,-0.2676141063410678,0.4708966291213878,-1.6581461901728334,-0.2772621048300976,1.0450128949296444,2.0366043612908435,2.2668196681876926,2.1578975227026858,1.7458713291870578,0.9672765281416487,0.8756623691019074,0.9867272755579418,0.9916385436899314,0.9861796526207065,0.9958121451801412,0.9696000277318784,0.9923855918764574,0.9827653619890443,0.9850035477768201,0.0,0.0,0.0,0.08229994195531593,-0.37350812153337204,0.11204045043162941,0.09381385272641339,-0.7276213753144336,0.14155977744995685,0.10388799882595146,-0.9946953971879416,0.15530199692588187,0.16703439910799725,-1.162021822991585,0.1582035417387113,0.07419027869919577,-1.0707166544868292,-0.029355699201066638,0.005660092853823799,-1.5471958464458355,-0.07312505789601544,-0.04753481696885678,-1.8365638593211904,-0.08665070658850804,-0.09573538395576354,-2.0570002880197054,-0.09363125714981518,-0.008127596661993806,-0.9941117865967943,-0.10805414347367584,-0.1306964480063977,-1.561839579342029,-0.16662419733810227,-0.22018458611602998,-1.892182435737683,-0.18730783491251754,-0.2993464034435306,-2.1412803215235514,-0.19991012076508544,-0.12030060760149662,-0.8646255113867589,-0.17054145649610386,-0.2658231114638032,-1.3916026281851148,-0.22447768294908443,-0.3670093652048647,-1.6918410525208047,-0.25314427375061915,-0.4427585218146325,-1.916423751077328,-0.26977258154681116,-0.2528039015996822,-0.6839608382145016,-0.21614868140862542,-0.4146132589963459,-1.0378723965295027,-0.2708958548147116,-0.5045176292423047,-1.2356090078932522,-0.29496040987146305,-0.5747904550584354,-1.4117952003986938,-0.30594929804560234,1.184577379580046,2.0613544724209283,2.171325342039486,1.9853192055906792,1.5547201446143508,0.9897592020367338,0.8965935074160797,0.9811379345364764,0.9883310981803828,0.9791542856446611,0.9857458425891824,0.9821820377878326,0.9935718042372096,0.9906089943442515,0.9775699865669891,0.9985427547702747,-0.05396634965734875,-6.723977641798822e-07,0.5481347490710233,1.0272943152706338,1.2702575163504948,0.4849782543318909
two_hands_open,0.0,0.0,0.0,-0.15955645219361608,-0.3360509328270285,0.07062393180519372,-0.2593032313744192,-0.6652538617398815,0.08398157284791276,-0.354865102282615,-0.891497964258592,0.08179469995881743,-0.46985942044507983,-1.004685875433513,0.0712494417056728,-0.18472646032747386,-0.973783505887085,-0.01445310075933634,-0.19383613044430043,-1.5072896021038569,-0.058292086736835655,-0.1951548580106226,-1.827336371547719,-0.07523655716334228,-0.1978996158694791,-2.0616189520271413,-0.08216829416095925,-0.07144648800122781,-0.9941407446182855,-0.08111460560276025,-0.011564328301158925,-1.6310969658872678,-0.11451675272807581,0.029112223637108327,-2.005409145297037,-0.1291341112095962,0.05891658808966012,-2.2735441301786348,-0.13734723009192432,0.06955327030454417,-0.9524764978471981,-0.14175244029185105,0.14900112634501925,-1.5411436377113719,-0.18134560426533528,0.2091936228608504,-1.870585436256068,-0.20840203765489437,0.25259907938108483,-2.130776858937623,-0.2259078657344036,0.22231881077085294,-0.8498551270575802,-0.19325096917648985,0.3492416748015959,-1.26392803855805,-0.23061154828000904,0.42777727925618375,-1.482980768438706,-0.24054324393740428,0.49065535146216244,-1.6775382994442198,-0.24356150905397633,1.1114126444394814,2.07272491900978,2.278450863599164,2.1575566461367655,1.7647095026415294,0.9631636261371325,0.873518911758564,0.9898700991263795,0.9921944484287254,0.9937258573618227,0.9972240164207588,0.9845558024341702,0.9933048754613676,0.9797024690271668,0.9865729688603987,0.0,0.0,0.0,0.09108096953698276,-0.35247858569331697,0.10807653862739423,0.12986579087083255,-0.6730767981425575,0.13802372001744698,0.1586440151092513,-0.8973578381472465,0.1524965511397621,0.2240550995625722,-1.0415058505269523,0.1578528125417996,0.10868022665595367,-1.031369923530701,-0.009666855622722494,0.05017071629461002,-1.4855287826326695,-0.04987620747110794,0.00871440347099621,-1.7682079103149186,-0.06368317268338529,-0.026231862191157727,-1.9840947765261123,-0.07073351761319713,0.02341667081159342,-0.9962565238428717,-0.08321417084018488,-0.09093483780289355,-1.5660077953769411,-0.13127263692770172,-0.17551769832310754,-1.8759132990261425,-0.14378290062236657,-0.24695931445946245,-2.1093605128476844,-0.14940727285725836,-0.09190160644611915,-0.9017482013957754,-0.1430686154489795,-0.2254783917018556,-1.4297935644514854,-0.1895070310865633,-0.3232053706037247,-1.7135599476076389,-0.21103324694405143,-0.39713962713623063,-1.9287836940965928,-0.22192500772605803,-0.2288613081845078,-0.7539491064313746,-0.1877742591269196,-0.3730015828778398,-1.107929687588235,-0.24092942869052217,-0.4629077505465169,-1.3008509901034313,-0.2627738569001353,-0.5397160048750285,-1.4758193126939947,-0.270545202209723,1.076964546653798,1.9855284997567162,2.1290169584439615,1.9817106577674284,1.5945315036328185,0.9906270206275178,0.9046597825554613,0.9863136222784146,0.9930377692330388,0.9742261799962495,0.9890472520588389,0.9730327974087648,0.992427748435436,0.9806505413221955,0.9791299467842202,0.9977335719494085,-0.06728833037477579,-6.704118383593228e-07,0.5272967289049009,1.0957799696626844,1.3740610220891392,0.46258569054629445
two_hands_open,0.0,0.0,0.0,-0.11272214854485203,-0.34499402219511366,0.08339378512741835,-0.17944195494530596,-0.65201114956306,0.09984214636894355,-0.24380792594052747,-0.8604236573052026,0.09486389692403382,-0.33803227565815663,-0.9558224848139912,0.0826875691061601,-0.13944420974244817,-0.9755138279569536,0.02189939654761821,-0.14379439579389738,-1.4671997539927228,-0.022180146018545017,-0.1506588477172974,-1.761611846007594,-0.047891398433968904,-0.1656778358816032,-1.9868713135160114,-0.06265133465893388,-0.0455675348305546,-0.9974744396771292,-0.05448249223616132,0.014686908668912906,-1.6004546378272495,-0.08537104811003772,0.058062849629251324,-1.9597581118735312,-0.10737865327948368,0.0904328782360684,-2.225535805490629,-0.12256988158503349,0.07619637219134164,-0.9568827646874802,-0.12629428065525766,0.15940510021707482,-1.526711055800637,-0.16322405100782167,0.22619860703576095,-1.832267154126741,-0.19024888760960237,0.2757493350501854,-2.078632912193273,-0.20805502184626576,0.22360777322077302,-0.85249922735303,-0.18961210844995843,0.352816931707701,-1.2532320960916243,-0.21928666374013372,0.432340135747298,-1.460991009408052,-0.2238345077733128,0.4965453241236321,-1.6492730905599076,-0.22426473710895892,1.0172018855405796,1.9947511001400147,2.2307422762073283,2.107140093005009,1.7369380122688958,0.963764971022063,0.8460818039144188,0.9953566850958322,0.9846153778110672,0.992762155567539,0.9986675093765258,0.9766254085332794,0.992762155567539,0.9766865176168636,0.98688662064839,0.0,0.0,0.0,0.03404490536266253,-0.4007080939769099,0.07806402307699575,0.033818307778268185,-0.7735230201335391,0.09311515276718856,-0.01854319881113487,-1.0012080518621627,0.08591406115517268,-0.0929722151291505,-1.1460070032815455,0.07299122855101496,0.08433254664552574,-1.0058673403389384,0.0331456633698286,0.03916667398241685,-1.4729877597042131,-0.006051569766619333,-0.014432829165628479,-1.758539071827324,-0.0319874288446119,-0.06853637376969245,-1.976613602592452,-0.04779030638372734,0.05024806960714946,-0.9980706148692606,-0.03647162232820251,-0.02213979988480472,-1.5408507517743297,-0.06632404060063599,-0.0923012652085292,-1.8683289175285946,-0.08604850367275928,-0.16199605004380835,-2.1165730928216138,-0.10155517740913997,-0.017660463050660123,-0.9499377508108772,-0.10209709796745234,-0.1054092169855964,-1.4731493624692789,-0.12448614137816495,-0.18367182228993625,-1.769360819780963,-0.148948082910606,-0.2523720095328348,-1.9959872539165402,-0.1691942592869455,-0.1162662257340751,-0.8657462473447111,-0.16108325402125345,-0.21832887273668458,-1.2193014841818912,-0.18142766874058344,-0.29299974052526356,-1.4320741841492264,-0.19196401427329238,-0.3639552922130314,-1.6058199268886202,-0.20016145822727535,1.1520866303372137,1.978378750863257,2.1251912458752624,2.018980793957335,1.658669859158873,0.9247666008095986,0.9194603526491721,0.9716685664175113,0.9807551335534715,0.9750221500338191,0.9800899443588453,0.9683864394142333,0.9884319606426243,0.98184076010473,0.9840069313343268,0.9997219017444312,-0.023582179122470497,-5.775464030410093e-07,0.5258271610385941,1.0611451193580803,1.1448183811474015,0.5401949395812348
two_hands_open,0.0,0.0,0.0,0.09233614376129724,-0.30769909034390625,0.03226930282811601,0.08356173465868123,-0.6799878029295293,0.03451193705596999,0.08683925598188087,-0.9323490555434711,0.01790512402840976,0.10348353685122721,-1.1426480815870883,0.0019486348293279133,-0.07832608599464819,-0.9861654049098811,0.02205232754697573,-0.024364107605702647,-1.4725480807307396,-0.03076655139724448,0.03445934961458729,-1.7940080469158524,-0.07047330295515379,0.08752080973096073,-2.0280850423562407,-0.09585975979125083,-0.08281369270169754,-0.9960423770481919,-0.03227189838383354,-0.025941714001450622,-1.5563744285332648,-0.08326843137429894,0.04293500834422647,-1.8996397482991605,-0.12086208596799004,0.10606159230366544,-2.1451403109826077,-0.14371599332006216,-0.03223482287954817,-0.9630058750827466,-0.08993123205466474,0.035046529802896194,-1.4994851331281236,-0.14570627316740425,0.11087007904094917,-1.8345994947856654,-0.19056587944463504,0.177968589151658,-2.076095879575203,-0.21724560014930178,0.07125045060397504,-0.8959381281727097,-0.1455730238522358,0.18704889362869723,-1.2628663034231848,-0.18890435649544127,0.2680384773847466,-1.4864050171469474,-0.21254443728791056,0.33981011614978274,-1.6585326668523195,-0.22727549516579137,1.1473261427909636,2.032234712013431,2.152563658036742,2.0950041934798125,1.708173197529118,0.9743781606477814,0.9788149413462858,0.9773039776594772,0.9858470715455433,0.968859921316889,0.9821569607817408,0.9679197338294014,0.9829040490157218,0.9861029328101286,0.9836298224615571,0.0,0.0,0.0,-0.13930838869256312,-0.23329796124910088,0.0207853846919751,-0.17058948313857286,-0.5593357850214122,0.031826280831054654,-0.18451905083370823,-0.7639931513796626,0.023071298626786814,-0.20858904539756754,-0.9186252315163955,0.01274964478771592,-0.00740260955709254,-0.997749985647504,0.07197008330152778,-0.00895635943344538,-1.365338948817045,0.03145733100826215,-0.026820940395100426,-1.6471367873425318,-0.011317747353202382,-0.04706240857371906,-1.8641617401461583,-0.04380612427980008,0.0331989002550327,-0.9993499979262911,0.01405043296764982,0.02840553187307615,-1.4445183009185942,-0.03933616291215849,0.0004121938379058369,-1.7618871339644735,-0.08788012101653932,-0.034125815417320446,-2.034659115258263,-0.11779702161238687,0.06694044598726803,-0.9656495048664863,-0.05205442605233885,0.05911043018065837,-1.3984109400491838,-0.1029325222829203,0.025840677597573095,-1.691400112179774,-0.13556214882826811,-0.011084429945424351,-1.9365717774698847,-0.1523188155829761,0.08262152490970297,-0.8945571124553375,-0.12129212527738013,0.06410281024876258,-1.2305478128162337,-0.15997262529653003,0.032819631910751296,-1.4624322701206858,-0.1748243412509996,0.0013839126782268264,-1.6600778608667337,-0.18205028886366106,0.9420956741651202,1.865270178888284,2.038351889366059,1.9425843959685987,1.670030756312444,0.9741484191284625,0.9715437619853278,0.977316497999375,0.9906225108090352,0.9736221812439649,0.9818504124223104,0.9698846765820245,0.9821606862165861,0.9701345455388469,0.9885137086855702,0.9995901923377131,0.028625991364643166,-8.030433762957463e-07,0.5089446135707932,0.9390181304124349,0.8422557171873136,0.8039287883383416
two_hands_open,0.0,0.0,0.0,0.17438174441108997,-0.16889979927108129,0.032812532092001065,0.24986567332913173,-0.4595930655895898,0.05728112347751097,0.29547301230563133,-0.6260436707416498,0.0606312779485254,0.3176560574921315,-0.7403326057727155,0.062048303306105085,0.1461444458320115,-0.9553079358369153,0.11335497089365491,0.1649573248016464,-1.2374020968379316,0.09932359828048738,0.19708479605906754,-1.4271161489508235,0.06481773518051302,0.22834984133873265,-1.5975900505610936,0.03445184559747533,0.09357428145103859,-0.9940114383892421,0.05643681601819746,0.089475787328752,-1.3757657987390666,0.04632751309017543,0.12086005057761291,-1.6300150353092493,0.013188486830264886,0.15969401974853212,-1.8473673732778382,-0.015747562127794892,0.04535610437796772,-0.9701602273544255,-0.010633088552708723,0.04539644894332336,-1.3518414271971506,-0.036162564032624085,0.09462589731156003,-1.6112655739220394,-0.07352956428550277,0.14496342621740754,-1.8311129863276612,-0.10171653733718715,0.014817615562874115,-0.894932980215529,-0.07906375585907713,0.04476506313841078,-1.1983730034574,-0.10267209681762475,0.1000634235722584,-1.3948504167350706,-0.1172857420381424,0.15854825180684043,-1.5739051778220792,-0.13106385396730602,0.8079899318523899,1.6141947061480204,1.8543236981465436,1.8396563313853926,1.587291022699656,0.9798485872144926,0.9757892858969583,0.9482463499419246,0.9955438517559524,0.9465916909062685,0.9829514735329187,0.9361940112209647,0.9870722005039039,0.9441094279592555,0.9868617680823893,0.0,0.0,0.0,-0.15573413249588267,-0.1954246785192898,-0.010900151056855724,-0.24393260591141885,-0.5032172173960368,-0.011576300172605395,-0.3016490057354059,-0.688904156421997,-0.02177699231080124,-0.36421909225019333,-0.7776424944681987,-0.035488192931787184,-0.06962215741509688,-0.9675050795559581,0.03265136200559223,-0.09273647482400335,-1.3036862645096463,-0.0022152018867598678,-0.12308669019885167,-1.511456295942185,-0.04153966287512215,-0.15215847188998352,-1.6834421064960052,-0.07215964497828459,0.011728044507704677,-0.9999210057259842,-0.0045205397865366,0.009030759348452736,-1.4350887857351786,-0.03544179353854075,-0.016734173155371068,-1.7102395886983066,-0.07053552928693241,-0.04584977171913149,-1.9292229692347196,-0.0961692468159355,0.08578936061859496,-0.9559547481316587,-0.05167034673245033,0.11851628468458011,-1.3967784711995714,-0.0861507672699402,0.10989740393883597,-1.6669008294799037,-0.1201296884152405,0.09492120447320478,-1.8898883588766417,-0.14490633390441943,0.14963930741295192,-0.8512040944317156,-0.10261226318670773,0.18146931028620056,-1.166863086641441,-0.13487376035564402,0.18058033727035946,-1.3839714107284622,-0.15063605234868,0.16928944249190264,-1.576417968504862,-0.16298703522056288,0.8594433129647592,1.691844124278296,1.9321625166177583,1.8978108150397155,1.5938372879356928,0.9824892095837255,0.8981558168118601,0.964492980591224,0.9921067297335668,0.9672449291334718,0.9872633273528522,0.9632233200943953,0.9879435875691649,0.9655851765913359,0.9824802403378375,0.9974099642563292,-0.07192609541875629,4.000320667448067e-09,0.5148677289930848,0.7645535857913329,0.58683552351353,0.9918721693822103
two_hands_open,0.0,0.0,0.0,0.2075051436512924,-0.10284674218460135,0.0074742374756081465,0.34835105552122453,-0.3702831972268294,0.03383789979134043,0.4454545472063429,-0.5041590583050459,0.04545608384092117,0.5295481536771616,-0.5253144392991037,0.05506634708427553,0.2603872119304315,-0.8944086720428205,0.09514462029922494,0.32958120820936904,-1.1783736486621164,0.08668189168006715,0.37204763216155606,-1.3465079102480626,0.0613625355435889,0.40750663893981975,-1.502118800671469,0.037418262859139205,0.1751153439100973,-0.982963993542932,0.0558247590713937,0.21064213593447656,-1.3865534057288704,0.04695189802692025,0.2451559046824198,-1.616544239300584,0.018880310974930488,0.2762759985116111,-1.8128250568833504,-0.0034004370576165527,0.09187966206393777,-0.9936573508311165,0.005482613484768917,0.10737657105884824,-1.3887790526047918,-0.017336570883420607,0.14199427092514316,-1.6216522613025353,-0.04761732205887869,0.17586069996122108,-1.826171708964432,-0.06829991973835697,0.004984750494818772,-0.9400234484094658,-0.04844722483080025,0.014272033353017726,-1.2664791652949985,-0.07166842750678085,0.03870438973546505,-1.4697835483374666,-0.08155441744874556,0.06854853427472088,-1.6598994761682502,-0.08996390718822828,0.7479363674673323,1.5568630891976716,1.8337597108645107,1.8358907852726942,1.6637483815563625,0.9543756416552126,0.7787804700092007,0.9629697511543162,0.9925402508806969,0.9631996283115483,0.9962407549896638,0.9590167604801637,0.989536314447188,0.9701438624937069,0.9884272620200374,0.0,0.0,0.0,-0.19007428010183847,-0.16611725828745105,-0.01827085665718174,-0.3401363281355728,-0.45965654498640307,-0.01685069592905399,-0.4461258745233407,-0.6599884437233822,-0.023199911675619907,-0.5457485327686319,-0.7324870658517082,-0.034582719048643164,-0.1581138442310134,-0.9401583337620765,0.03925543320616623,-0.22056994665868968,-1.2484636482535751,0.02084082974078245,-0.2614536620386998,-1.4449217502471847,-0.011052274317371638,-0.2916973382786686,-1.6142740602227716,-0.040637195896007096,-0.04249201837848018,-0.9990801208012874,0.005774131433215469,-0.04952738643358251,-1.4140783370530359,-0.011002283375850878,-0.07248068041776405,-1.6746961976087003,-0.04420319906682045,-0.09794278999682648,-1.8741428039644081,-0.07266687240615351,0.06392752428601581,-0.9740026492419142,-0.03875280600660279,0.11251367648797929,-1.3864281451544205,-0.06978886579800825,0.11686665801793214,-1.6546927022739437,-0.11192930728637414,0.11226914508447663,-1.8749492737745586,-0.14433703856918126,0.1555439461833202,-0.8803880449278593,-0.08679642935607644,0.22080359208050301,-1.1896269331453437,-0.12003661695046239,0.24845942856221662,-1.4100507254202415,-0.14149523037005615,0.2628599695991569,-1.6079050553616332,-0.15992366022913937,0.9140977667164254,1.6409203089599638,1.8781066301222697,1.8838450894032304,1.6370795972634475,0.9887829634664421,0.8540048273280406,0.9683967738237622,0.9901936776796827,0.9646191577529002,0.9868309976518177,0.9589134537320916,0.9879220623672643,0.9735228893857849,0.9834302592223625,0.9998230650715251,-0.01881059677222066,-2.3189910724364685e-07,0.5345425919648937,0.5984801262680766,0.4028609740347879,1.107782731373058
two_hands_open,0.0,0.0,0.0,0.2500346636770125,-0.023640592201006918,-0.04234464703529816,0.46674142858304757,-0.2551651244213098,-0.0391818405674358,0.625017851462034,-0.3877979635679623,-0.04125686597467211,0.7397082605147389,-0.36201385771158306,-0.04551653056083444,0.39253321836710237,-0.8212026731611195,0.03501640305171216,0.5085171927072025,-1.1182245473529668,0.01786494394221118,0.5760855822173685,-1.3067262567705333,-0.013101508003404304,0.6316944564898707,-1.4712840787321992,-0.041365186156017,0.28260181856674627,-0.959031423085594,0.019873139590627673,0.36303118977938575,-1.3511235302772875,0.010909903772233711,0.4134982773446683,-1.593666119596055,-0.018095202890535393,0.4537847274594163,-1.7864341087639686,-0.0438744350748164,0.1676136268959683,-1.0091152320472039,-0.00845735265990477,0.20757683603350802,-1.4060100486667695,-0.02952220367568874,0.24803918937771355,-1.645409432700188,-0.06465033543711529,0.28701503514580257,-1.8388748205407883,-0.09220137294605919,0.03700943809929875,-0.9921539510775637,-0.04481512582991264,0.03061969064565431,-1.3210307474819227,-0.07159878863252814,0.041674381721535994,-1.5378630000479467,-0.08831979380911012,0.06430049840291087,-1.736154049931545,-0.10196510470831535,0.8247994291967342,1.6016946666941896,1.8436898789882927,1.8634214040822332,1.7403339684574184,0.9609713762278012,0.7075701778567998,0.9670453196213217,0.9937239324205678,0.9700142928796107,0.9956550174372134,0.9640980465171024,0.9899888579932585,0.9776285378348288,0.9799146716862254,0.0,0.0,0.0,-0.20882893340765005,-0.15378272929759523,-0.040428014068024175,-0.39117772480868357,-0.434742149178491,-0.0510359207209455,-0.5327869363926628,-0.6266008011787216,-0.06402089909645461,-0.6477688951714473,-0.7006482880717155,-0.07925187907393481,-0.22275628147736193,-0.9198326717765899,0.01364218232124509,-0.30646748069421154,-1.231678221907774,-0.008370865535372727,-0.3489959833354862,-1.4278752546283404,-0.041217452099629834,-0.3758153525339725,-1.5981627449087437,-0.07166235837900539,-0.0922592882743984,-0.9956849424963463,-0.009985940774356581,-0.12182181786254595,-1.4026901634792888,-0.022888228184854552,-0.14042637731939997,-1.6551861221169408,-0.05392279976118038,-0.1576084031107568,-1.8513267491472167,-0.08294038619362756,0.03726701157298683,-0.9757482570884852,-0.0461998483823653,0.06723855676418955,-1.3639096157387194,-0.0776977238701544,0.08097279712795101,-1.6157040224076797,-0.12050002706781256,0.08458950223262003,-1.8268553039812951,-0.15455955979312555,0.15489736125124337,-0.8802745383863926,-0.08732624459461984,0.21999210525933235,-1.1788135004348572,-0.12384828470445604,0.25701882264380593,-1.3826818061661905,-0.14701975962374322,0.28020522921001756,-1.5671378308862118,-0.16659679679896156,0.9574933030920961,1.6433188467314934,1.8598737184285046,1.8353322160023229,1.6006843674425804,0.9795485269597329,0.8835276546306555,0.9663070975584467,0.9815909177983492,0.9712341134951459,0.9911051227819873,0.9712799800182479,0.9879772036052106,0.9886656435002026,0.9825954648296548,0.9989570971478069,0.04565871283709734,-2.9389260080390875e-07,0.5672235019955041,0.4698853996558185,0.3009347798976591,1.121313993595219
two_hands_open,0.0,0.0,0.0,0.25214304929584974,-0.004450090692089743,-0.07220478386684186,0.496098025645102,-0.18766073694679905,-0.09682507167474382,0.7072750845136515,-0.2698220218230209,-0.12278535485899582,0.8610204702732099,-0.23503233419714906,-0.15013140361514246,0.4507024655000424,-0.7916663152671016,-0.007969488120139938,0.5964134303844816,-1.0816868973063383,-0.038782580534426764,0.6778505596839624,-1.2751204599871357,-0.07729776937444865,0.7432944991833478,-1.4393873882917685,-0.11001691876635097,0.3357356976552114,-0.941803684942911,-0.01695170634250337,0.4497891290007436,-1.3374164207676102,-0.0381996183219562,0.5167202776198793,-1.5808808335265283,-0.07281742683556164,0.5675474640152959,-1.777743542902882,-0.10071000605575255,0.20527089784860383,-1.005624731865407,-0.040161059118546144,0.2839097217479862,-1.4147774311609314,-0.07368655645981051,0.33458162256153,-1.6502193680894897,-0.11036193402817948,0.3798679416989606,-1.8412428903720703,-0.13628653521975265,0.05477732081240392,-0.9966296026895499,-0.07298370670809703,0.05134715317285104,-1.34247907785762,-0.11309056000051444,0.057207882184950966,-1.5682133687951405,-0.13304082663677344,0.07582918602092244,-1.7752822511160393,-0.1450080131191389,0.9050612612962244,1.623707636400243,1.86885653102715,1.8849533294377625,1.7828080268074262,0.9128311941923881,0.8121703563103623,0.9651968509377888,0.9939224223747107,0.9727570741659656,0.9950739424717057,0.9763961194329571,0.9909023623291111,0.9856929628021012,0.9775430557154507,0.0,0.0,0.0,-0.20287677401986076,-0.1551290254640761,-0.05719963399251588,-0.39229350421455983,-0.4176387519564186,-0.08375838092213031,-0.5436495557146097,-0.6087412749444058,-0.10877160983455492,-0.669244574094725,-0.6805746296672877,-0.13456590002593535,-0.2432689989758715,-0.9130380078133958,-0.023026286437489468,-0.33329267604955903,-1.243624239705295,-0.058524314017604995,-0.38214457857334566,-1.4435658492175523,-0.09800751235409676,-0.4131219329600545,-1.6247140940127875,-0.13224164824489087,-0.11252119809174428,-0.9928163953216798,-0.04067659229169351,-0.14451382896259127,-1.3959721485684649,-0.06343634267865043,-0.16262045674975842,-1.6462616049495435,-0.09829461254157815,-0.17500533256817827,-1.856017361848461,-0.1289634871948762,0.0192182681954946,-0.9693110842598104,-0.0699867200171714,0.05032884282799509,-1.352895170935737,-0.10841632785160939,0.07021263637242273,-1.5930416524358604,-0.14750807174108307,0.08093456263854754,-1.7981590796531313,-0.17815328732335256,0.13968910611284135,-0.8623903194115392,-0.10513904261913276,0.2085472726663799,-1.1367213271377998,-0.1437819840090952,0.2479889116610649,-1.3225905403982743,-0.1618022777825091,0.27693360151940577,-1.4934239101250808,-0.17643564116617963,0.9639388507326517,1.6816222739684945,1.8687051385758222,1.8087744671330936,1.529096704089547,0.9843869491962323,0.8775168147779351,0.9713185391254877,0.9779562233432648,0.9738662735085386,0.9952805692987395,0.9804804570495667,0.9896203549872383,0.9824571483943149,0.9865141588892544,0.9962041038546421,0.08704816748820614,-3.388404634313057e-07,0.5858982609836735,0.41117171613769765,0.2639895125135557,1.1199654748423395
two_hands_open,0.0,0.0,0.0,0.24147355492957914,0.0221738247578655,-0.0854007139770633,0.49480670515154973,-0.10943011680938582,-0.12047413720381465,0.7063076461087694,-0.15793111335770213,-0.15444206822935555,0.8688067405767909,-0.08983089623567621,-0.18766035427100913,0.49122008632096476,-0.7551145338148789,-0.01803869889687389,0.658040094092836,-1.0288344271618621,-0.051675958393967235,0.7524551247495344,-1.2142443655158313,-0.09487612074975225,0.8266854259741033,-1.3812764098179495,-0.13258753895789346,0.3809616744471169,-0.9242677218922725,-0.02444137619934246,0.5117930790645605,-1.2969347199481451,-0.04927539457717635,0.5885395017038139,-1.532473344176471,-0.0905905428130644,0.6452008394299711,-1.7296143811554652,-0.12365442972113086,0.25078632778604115,-0.9985406445029122,-0.04542729707050209,0.34326802123165734,-1.381886732497027,-0.08163386652849583,0.4018258160197623,-1.6078486815880142,-0.12420918890375512,0.45487182873065213,-1.804284908751231,-0.15469147145423995,0.09745574543281522,-0.9904756662436772,-0.07684981664207255,0.09767736690947314,-1.3294118268976651,-0.11764521568519312,0.10331253692627215,-1.546737495999688,-0.1393117437742609,0.12242569854239392,-1.7521667383147355,-0.15281248137585313,0.89337066828685,1.615212917644129,1.8501730861437262,1.867158767716576,1.7630734485506658,0.9193416745650413,0.804661602694109,0.9600926533484974,0.9835356093006498,0.9666096028873519,0.9888358619254577,0.9712236039290062,0.9894135005946134,0.9896898377896964,0.9761933956935481,0.0,0.0,0.0,-0.19639731227785326,-0.14211284867968185,-0.07032609804088318,-0.3890290128550376,-0.37484023440278325,-0.10603372257525269,-0.5542890173032089,-0.551549488448727,-0.13848860129323867,-0.6909963941422756,-0.6194404097598021,-0.1705836020494781,-0.2719422873455762,-0.9019286942122737,-0.031988902161415526,-0.3634904099859096,-1.2491667383284424,-0.07312011999268801,-0.41135211924285753,-1.4579095311426216,-0.11637780324250273,-0.44318671402859794,-1.6508455926078491,-0.15366429403230286,-0.14624152144581726,-0.9882258191631059,-0.04497941467628018,-0.18303239596487306,-1.3943048462318182,-0.07558618864064313,-0.1957689301552614,-1.649965838912081,-0.11426068819113777,-0.20317301664919757,-1.869857358884593,-0.14726665344322262,-0.018655796419678072,-0.9703650497078274,-0.07121358714679421,0.003254442691528324,-1.3486849782006725,-0.11715821367548251,0.024248696896978054,-1.5899840877587357,-0.1574839365781,0.03538001060554875,-1.7959236896440347,-0.18789357753533784,0.10132848968188973,-0.8756488026591942,-0.104496119642309,0.15941189394909158,-1.150611668193582,-0.14920643919066115,0.1966557054033529,-1.3313323818922098,-0.16927162499785836,0.2242876670718185,-1.4972639276045872,-0.18469229969748455,0.9435471388590998,1.7161929813936057,1.8866195388804725,1.8060724350518502,1.5251935851143548,0.9802465702683996,0.8853219675406425,0.9710127501876953,0.9803696294898283,0.9728892327889896,0.9949158696083819,0.9832024668667879,0.9881131260422401,0.9841820427073704,0.9867518759667406,0.9947019353908652,0.10280106871789446,-3.5479568697198894e-07,0.6090383352675969,0.35372451753938533,0.26381439165336945,1.0696686349530258
two_hands_open,0.0,0.0,0.0,0.2416674088903022,0.05929735907834446,-0.11652165509514643,0.4951532594759184,0.004430981147081094,-0.17175254428553755,0.7119773479771783,0.008435155836329495,-0.22094110260695943,0.8764995867039521,0.1125745722912717,-0.2682426855961702,0.533215443841389,-0.7183758525246187,-0.0657345143514736,0.720300268084378,-1.012761626135745,-0.12170909874572985,0.8266783795585891,-1.2190626441337755,-0.17888336026587384,0.9144447779434699,-1.4086634516680012,-0.2250803291121417,0.4277538594285838,-0.901689420343223,-0.06310962672250484,0.579874147176246,-1.3008047217948027,-0.10789497762804301,0.6670873282734264,-1.5640101282692207,-0.1590856232940891,0.7325467784040287,-1.780130898758529,-0.19789105382341862,0.29689097994221303,-0.9832042109437891,-0.07638093128993341,0.40576594803063787,-1.3883625714373213,-0.13046558518328877,0.4720744478595448,-1.6354886562781983,-0.18045055843255287,0.5289311652779715,-1.8451540276376526,-0.21290204860100823,0.13977765859424107,-0.9823983661758157,-0.1022926452841171,0.15188334025895864,-1.3358649887649756,-0.15942911462643777,0.1587971485541122,-1.5653848217715987,-0.18844987846605912,0.1742295613094595,-1.7829999974017077,-0.20402183343740277,0.923514319431273,1.694462488970033,1.935110247104364,1.9312402350842501,1.8030723333487582,0.9278768582494745,0.830897293251875,0.9615793753825135,0.9847736647868901,0.9715131767876748,0.9909877436742464,0.979399546826339,0.98576577617344,0.9889571768307887,0.9783999239897908,0.0,0.0,0.0,-0.19229203083002985,-0.12048569088908516,-0.07568322300507394,-0.3867306300670857,-0.33142834868185045,-0.11545637634773673,-0.5558520378580228,-0.4853675639600531,-0.15161272059381994,-0.6952123815925196,-0.5294277505448168,-0.18749477008030685,-0.2916584655315096,-0.891709336684148,-0.03742757466590308,-0.3836175014225771,-1.2428580075847167,-0.07986876813058408,-0.43452029981168055,-1.4538540273604972,-0.12409986063285214,-0.47163889519706037,-1.6436880069162723,-0.16086345716219938,-0.16905019551625838,-0.9844313072633516,-0.04813556560053591,-0.2105195397681491,-1.4056069556977737,-0.07473948327935429,-0.230757425999121,-1.664280632276811,-0.10901366066080281,-0.24630115775253195,-1.8813198730175669,-0.13892980502894392,-0.041607424285816805,-0.976853338999266,-0.0725575153355869,-0.034136179987761625,-1.3694932656208572,-0.10889503650033006,-0.02607918167437843,-1.6107966250455734,-0.1401378046280734,-0.025628485421372093,-1.8111589710732434,-0.16606172890452417,0.08090148855043973,-0.8941913772392626,-0.10581613272059165,0.12100476603714108,-1.1683595792121515,-0.13848450400298137,0.14567594692781907,-1.3457683390803197,-0.14907587775437875,0.16466525720222272,-1.5033200189396707,-0.15905423801726623,0.893738377476292,1.7175653010564889,1.9024537354812212,1.818936539731621,1.5206524839375692,0.9717446546345762,0.8625922876705251,0.9723775122619215,0.9857399103083676,0.9772709783184446,0.9973282230886058,0.9875492084841924,0.9901733724652775,0.9813094682441738,0.9940886641423349,0.9951757675246572,0.09810806150147358,-3.64091748819005e-07,0.627283996593207,0.31429949792553113,0.31324441530749925,1.0158270031579222
two_hands_open,0.0,0.0,0.0,0.22012153980252996,0.08190975871748879,-0.13010401171444763,0.4664257765643375,0.030671046868993645,-0.1913997660345645,0.6749737111285777,0.04498006655538007,-0.24520125369569853,0.8349012729799377,0.1707312661320045,-0.29565552854537835,0.534014664555505,-0.714062931266947,-0.07402604807066428,0.7153828871328202,-1.0062432843067117,-0.13277779844022664,0.8264205576990306,-1.2116756915755686,-0.1906700243626362,0.9218851285145494,-1.3914751327415027,-0.23719664005623828,0.4406858733432522,-0.8951647832044757,-0.06690270507370608,0.5937291846136842,-1.2935268431971294,-0.11214503375405153,0.6878348670454186,-1.550040750862845,-0.15913003239560403,0.7651711427967841,-1.7623382433589851,-0.19461386296581254,0.3198870196656696,-0.9726324388438693,-0.07773081161773222,0.44092594948818326,-1.3708755255059266,-0.13298021512817704,0.5123402235495841,-1.6173609535579887,-0.1805909695101979,0.5721436264072749,-1.8291220939108257,-0.21136697446627115,0.16876459531343438,-0.9692217465851076,-0.10317946743112075,0.19509195828754217,-1.3171763340771994,-0.16251308765889255,0.21250257103876347,-1.5492524715346758,-0.19234165752392102,0.23536216233129817,-1.7678455512374782,-0.20861295018202672,0.9020096964101908,1.6859233319662665,1.9311130255459017,1.928136914631898,1.795603687752689,0.9154339867033467,0.8156545160467581,0.9699792173160898,0.9937306723004075,0.9788649242263717,0.995321698763064,0.9831077736003967,0.9856824102653303,0.9869633157858689,0.9805828892420714,0.0,0.0,0.0,-0.17411622088242532,-0.1355871414358999,-0.07238630123952257,-0.35264256661073684,-0.36027442574154683,-0.10450815008702072,-0.5071559488531349,-0.5166825061424605,-0.13327088034771656,-0.6359563711750854,-0.5623153957063871,-0.1607182178132669,-0.2965464213483487,-0.8939219545571938,-0.027039940394279316,-0.38488662956220976,-1.2525389865446939,-0.07029601964036503,-0.42908261292899774,-1.469232849496974,-0.11479251656955441,-0.4625767282158227,-1.6611255059473937,-0.15007858374764513,-0.18504137932722328,-0.9820736272245123,-0.03593158285921217,-0.227351072959276,-1.4013176369150009,-0.061976409836150576,-0.24683320400458914,-1.6627145111880266,-0.0976066676668353,-0.26460580906841713,-1.8779298929589205,-0.1270597528766343,-0.06734904538075974,-0.9715769246847908,-0.05834359121611323,-0.07031983492930415,-1.3582588461510459,-0.08987989261342096,-0.0644414124374992,-1.5961249333284984,-0.11865207651168656,-0.06573593599195643,-1.7905571206144593,-0.1421014537153527,0.04954187235250126,-0.8855183889772054,-0.08995057008664172,0.07903731499709399,-1.156296354808156,-0.11640129328443756,0.09803250487859137,-1.3341853420139136,-0.1238701107424724,0.11296063360444265,-1.4893472940105728,-0.13115981709561844,0.8639846386502983,1.7308491434251394,1.900731726957417,1.7973894510127453,1.4993726569940806,0.9653965037745081,0.856782818884552,0.9709946051654516,0.9891966228319857,0.9752165296776499,0.9974770327004984,0.9839056308561603,0.9900876915217987,0.982453360081024,0.9963088460393467,0.9991016181751321,0.04237872767883418,-3.947448848810597e-07,0.6464457037013022,0.32602669603319423,0.4239643372890534,0.9570564147344571
two_hands_open,0.0,0.0,0.0,0.18014318610201563,0.05220139233454944,-0.14403021141194844,0.38780863253279996,-0.007574053437635277,-0.21440882681176562,0.573771683434004,-0.0020303121550861118,-0.27506894467902765,0.7205339692392198,0.10512262906073541,-0.3315326365162104,0.4849027188625841,-0.7489694623445734,-0.09549537688593199,0.6388365940100866,-1.0722361394641633,-0.16265670574066785,0.7285942411369041,-1.2930147719093494,-0.22642624871191028,0.8113688127137286,-1.4875984956055928,-0.27698430507642446,0.39727207808332704,-0.9139889588490697,-0.08245652840951143,0.5281310496676511,-1.3341212368463828,-0.13768515356871427,0.6119686369589905,-1.5995853487845082,-0.1921784907404615,0.6853541226805088,-1.8111673088408056,-0.2328773954170983,0.2855311702610716,-0.976389948853936,-0.08745181708601894,0.39549231999068324,-1.3767418388908672,-0.1476492308634802,0.4559521585715625,-1.6321568451282642,-0.19907572914525606,0.5093816823681788,-1.8475520660747564,-0.23267853419403323,0.14866342125495716,-0.9573074253037667,-0.10818893802311752,0.17745054974861632,-1.2935901511004975,-0.16922956216154347,0.18928291438580394,-1.522457239451807,-0.2018690258369712,0.20341050313161146,-1.7327633856669806,-0.22024515443978268,0.8000836562783017,1.7169708616139001,1.9504535819611468,1.9305588919957926,1.758508661208854,0.9061946755279402,0.8179657508343201,0.9697908312555512,0.9901439122596475,0.9781766708031605,0.9902529878326172,0.9806855511238062,0.9858432303999387,0.9840462680968347,0.9819770329433344,0.0,0.0,0.0,-0.1525176201992031,-0.14019488804846503,-0.07671895020696864,-0.2931374364167066,-0.3629462987887486,-0.10347120375175313,-0.40374956434222403,-0.5230930423845931,-0.12388370221890022,-0.5155189748985489,-0.5774365516687907,-0.14073775058526125,-0.29593882155893725,-0.8984291380742366,-0.022045502385976384,-0.37858347065798686,-1.2583979836576704,-0.05937387309266531,-0.41878093644351566,-1.4809760052298486,-0.1007950684967388,-0.451073260273906,-1.6774922584380076,-0.13238115709140275,-0.18611742953058705,-0.982311806156211,-0.020586838296582324,-0.22706258414224575,-1.3962233429096125,-0.033909483875199486,-0.243596539199533,-1.6534815074951104,-0.06316985573055163,-0.25963388255317876,-1.8638698179085973,-0.08880148824606938,-0.07185147360547223,-0.9655733313236518,-0.03278423251452558,-0.0808285430548547,-1.3423964908535522,-0.04983754967559149,-0.07583064878145082,-1.5657252496495946,-0.07151679596491785,-0.07646434600745168,-1.7536604479867772,-0.09105431768008192,0.04457293266698025,-0.8790331994227863,-0.055324070929025734,0.06158410053323549,-1.1430367291890144,-0.06926156476299337,0.07636384125790519,-1.3059681379273949,-0.07006984626757513,0.08959555018762992,-1.4531802528090856,-0.07253845376394696,0.7867654664024049,1.7421171412986087,1.88396023190379,1.7576867331272992,1.4577455323348332,0.9868672868126942,0.8373715229792416,0.9704316854619045,0.990936285094584,0.9719976837771473,0.9954806015866906,0.9779962905113125,0.9915594589757544,0.9826922451613651,0.9962455776839145,0.999853622367513,-0.017109466342232225,-2.1606200756305297e-07,0.6674569783782924,0.3886467845965698,0.5310525973654161,0.9561321869397182
two_hands_open,0.0,0.0,0.0,0.18766118548766936,0.046155965963631196,-0.12023776072036552,0.4020943035621312,-0.013489158318929583,-0.1838499140440299,0.5923001950527519,-0.009832551008290598,-0.24295859334675593,0.7315628295440005,0.1017164930638564,-0.30012552897903283,0.48014254724666366,-0.7524770513348293,-0.08070837738452258,0.6333482336416549,-1.0799021215149793,-0.14540865912795653,0.7171943692382534,-1.3048367918208466,-0.20726289835350692,0.7918640922093141,-1.5061607172101843,-0.2567730168468792,0.39681920377079605,-0.9143465950971992,-0.08065248634028557,0.5299009986735979,-1.3400322825531696,-0.1341767178790794,0.6089920670975075,-1.6156548223912923,-0.18870449019713117,0.6733033313726771,-1.8409674554665487,-0.2304811040985068,0.2884120753624183,-0.9779404778465779,-0.09604630752040294,0.3958842666613058,-1.393321739437797,-0.15283730550175584,0.453801586574143,-1.6594158966103052,-0.20291568113810712,0.5023212886136958,-1.8853860923274548,-0.2375458300078794,0.15114077768996922,-0.9610865073084032,-0.12518345607738013,0.17491246388936627,-1.2958539004060134,-0.18148564387093064,0.18695150386285633,-1.5220574075736033,-0.21003375000309832,0.1993520831175227,-1.7294347013583202,-0.22722119746657327,0.7972488643306921,1.7209012838562894,1.973732526831078,1.9655623662174768,1.755652332292411,0.9111116545240667,0.8011459845941682,0.9653161563366817,0.9918440492309067,0.976977159041479,0.9963203170397451,0.9798689901909434,0.9894163538231536,0.9858513407073495,0.9862124753596544,0.0,0.0,0.0,-0.14829080314226553,-0.14029131459917074,-0.07383453139039042,-0.28575109760893647,-0.3788320333611475,-0.09520324000531652,-0.38807095936152347,-0.5545615583662604,-0.109012380644328,-0.4968950250183752,-0.6103012426281057,-0.11931719220960554,-0.27358734084282604,-0.9097705463027158,-0.015108107507861401,-0.344665418981834,-1.2540147057932634,-0.04617713736344338,-0.37889635049984244,-1.4705024635356503,-0.08303489153740184,-0.4030531215727101,-1.6653080610000397,-0.11290766508788797,-0.1655066533856969,-0.9861043296343607,-0.014345687903861024,-0.1959563767663976,-1.3866998080551438,-0.02533567770968597,-0.20377677228240818,-1.635413206194323,-0.05284763360735606,-0.20936774388586646,-1.8384793806971447,-0.07692664557046698,-0.05552825499375975,-0.9614648246779733,-0.027278664378911074,-0.05508727394889564,-1.3249096044571484,-0.047294122961664915,-0.04823927539442466,-1.5418579759621505,-0.07270445083605596,-0.04667043469089927,-1.7225957095460824,-0.094357722813585,0.053854232671153156,-0.8660839293666303,-0.04969810927412813,0.0805499316775857,-1.1139964725260654,-0.07144337630267893,0.1001687910393841,-1.2724200677592432,-0.07982510875232171,0.1173098415165432,-1.4174806225628003,-0.08709560494741686,0.795995518202336,1.717105383392882,1.851960851159424,1.725809226964375,1.424990722306225,0.9966125801421027,0.8189763872873599,0.9709887677954908,0.988375702463964,0.9701159203177846,0.9972088291177218,0.9781811024347701,0.992718063160978,0.9878990777760757,0.9980217627232452,0.9998769493554204,-0.015687133188747888,-1.297218778101594e-07,0.6795525342438119,0.4276807946568213,0.5459163297132181,0.9716957538775464
two_hands_open,0.0,0.0,0.0,0.20938155676613707,0.005259627284633361,-0.1016655463905544,0.4367080348801683,-0.14361706887214193,-0.14446252434127163,0.6394143863956635,-0.21343622128162118,-0.18287788193890175,0.7891202350008978,-0.15042887778287475,-0.22003686794181415,0.4608072902631532,-0.7809268058536133,-0.0624984447274324,0.6009468472302016,-1.1100932014909834,-0.11736462114071185,0.6774661043632494,-1.3348736226380082,-0.1694847988926367,0.7433932974337828,-1.533392140387987,-0.21159794287051018,0.36090768563269027,-0.9304407567968092,-0.0634479356845943,0.4751154718696002,-1.3494259049393882,-0.10785764820376119,0.5418673526555161,-1.6207570069061443,-0.15206356068352933,0.5980141186206939,-1.8457616950300124,-0.18447413133906893,0.24073651855996184,-0.981470766935802,-0.07832533319443642,0.33528999170243406,-1.382477551162539,-0.1267754305960146,0.3826995326176335,-1.6340925635839236,-0.16910001617566775,0.4274607999364499,-1.8519258600638968,-0.19879278789619537,0.09830659645478887,-0.9465041795240854,-0.10532585477103051,0.10124554993252823,-1.2286114299325106,-0.15376856282471643,0.09816355327583756,-1.416886476240949,-0.17763978411232484,0.09937890513541484,-1.5938142317149306,-0.19138521616556553,0.8329200536741389,1.7171775506045255,1.9489709659312668,1.910986839090017,1.6083371142175722,0.9218392565666995,0.7720247843164155,0.9690919364709403,0.993989372196241,0.9808123666097487,0.9941626893555641,0.979370231257457,0.9888353208800892,0.9836652923648348,0.982878621386902,0.0,0.0,0.0,-0.16688830479879682,-0.1622529046150072,-0.07096422824114597,-0.3245847437785986,-0.41608485286104513,-0.09321005650953769,-0.4588983818312923,-0.5886318560660228,-0.11022534059327006,-0.5831529431215158,-0.6604200661850912,-0.12444667797531576,-0.25367158460331607,-0.9287164586409956,-0.006738593507154449,-0.31726877621579946,-1.2833173563369817,-0.03623874538703753,-0.34967078477323865,-1.4966783320692894,-0.07075231436910741,-0.37150910563910944,-1.6861053013980887,-0.09953211471474735,-0.1370107763414511,-0.9905216756369742,-0.00973946916590933,-0.15936493359141068,-1.3986922263660422,-0.023324973056835677,-0.16567631202346964,-1.6485530362728098,-0.05157718258610255,-0.16933598853220902,-1.850580489737571,-0.07629265549786811,-0.019843753514060595,-0.9563136160988357,-0.02707461468277849,-0.007675894849797216,-1.32512905799478,-0.05460753202443513,0.006762178449932777,-1.5372438300413132,-0.08100575409382935,0.015256284241262267,-1.710454382363509,-0.10212166459014806,0.09309269823650046,-0.8525319683476185,-0.05304195412145221,0.13449324533254223,-1.1004313527220717,-0.08103914648151696,0.164329613788256,-1.254959807939902,-0.09064276265774668,0.19020589117786466,-1.3946473207511196,-0.09828460807437568,0.8897803069018205,1.7294151453121658,1.8598772527488059,1.7135681435922077,1.4109852212200438,0.9664876965475437,0.8776064614911296,0.974110093125303,0.988356491315201,0.9730716144242826,0.9963137578116369,0.9808527207721595,0.9939623031233268,0.9821857684614642,0.9966755661323895,0.9999123468485673,-0.013240038511458621,-7.450781945785016e-08,0.6867299460457165,0.4509875085307614,0.4124059576531653,1.0495779443094682
two_hands_open,0.0,0.0,0.0,0.21237088024253342,-0.05327733772979395,-0.07786242694011344,0.427186708053127,-0.29796399074953445,-0.10203196517208613,0.613559753056497,-0.4332422962830453,-0.1250764806860279,0.7578780913710964,-0.4296242564377574,-0.14923021020068655,0.3896106788387827,-0.8432228466777629,-0.03963470911592116,0.5011363187485897,-1.157068219548171,-0.07875892447046608,0.5646245296113083,-1.3568857416950388,-0.11956437052160845,0.6176050957448476,-1.5346087391396075,-0.15506872890803272,0.2749208022630556,-0.9602766417204047,-0.04782597462905945,0.3552565918785192,-1.3497480228885335,-0.07835936353864549,0.4095681263444212,-1.5882578858367415,-0.11508302893901783,0.4523338784756004,-1.7911270081669945,-0.14562202252898707,0.14849023116736906,-0.9831024791936375,-0.0688325831160982,0.2088173419745345,-1.3634574229691758,-0.109085397628219,0.24313692622076186,-1.5927175827971527,-0.14829588233440213,0.2749074917754729,-1.7952053254771512,-0.17850945259880352,0.008209112524528913,-0.9246085562941226,-0.09944157740473686,-0.01640137582157399,-1.2173863628667232,-0.14672598873928236,-0.032106866484179555,-1.4105592574419468,-0.17390338048793608,-0.039208474058512036,-1.5925398415430274,-0.19206517887794347,0.8838698200168016,1.6614771581995376,1.8530913821092203,1.8248840824345336,1.6045589687753155,0.9289916106765665,0.7930317180655112,0.9737835812123311,0.9943157543129943,0.9760665218675225,0.9948450879091224,0.9796281707981161,0.9928960743404154,0.9934970744029719,0.9815974837505367,0.0,0.0,0.0,-0.17468301702035322,-0.1817238319217367,-0.07365548480085844,-0.34447368736880124,-0.452367009417964,-0.10144558799074721,-0.4966847820466742,-0.6380219748774085,-0.12585760727149004,-0.6319363120481745,-0.7148689327180378,-0.1482293661069641,-0.22805940341283196,-0.9360194384622952,-0.01318978386895419,-0.2883298913518269,-1.2863664732221203,-0.051144756062949694,-0.31737539201840365,-1.4994566577752177,-0.09106787989049604,-0.33564432436367103,-1.6901386502706044,-0.12395725262794278,-0.10341187973080447,-0.9944557420656527,-0.01907249860908997,-0.1172253966712137,-1.3966191528067249,-0.04291434074723918,-0.11723199253285416,-1.646015812093349,-0.07670033285560542,-0.1134964173794591,-1.855879996371409,-0.10448260345979615,0.020115951871124034,-0.9553595743912777,-0.03980024728692567,0.04598474295843569,-1.311380298027605,-0.07880059670098334,0.06812687221889345,-1.5292021219750709,-0.10992063512420862,0.08206678012965615,-1.7163867034022418,-0.132621039450913,0.13683792385929372,-0.8421367961366318,-0.06889692158950676,0.1952234215013667,-1.0809984382512117,-0.10462445905169852,0.2351526286742774,-1.2316671709044045,-0.1161612338520442,0.2666710426564302,-1.3714251005385782,-0.12439622281843614,0.9655842989749504,1.727596935079231,1.8622804869608796,1.7234577488647367,1.402638467899056,0.9596640352797507,0.8832019768578222,0.9730871119360222,0.9867628241482478,0.9736331857432159,0.99429136902011,0.9862629557824475,0.9892089304565631,0.9767701540975917,0.9870595901501886,0.99996870880887,-0.007910840860558837,-1.6964653306277057e-08,0.6819221970368926,0.5003496338765169,0.30517567317619976,1.1676000734748626
two_hands_open,0.0,0.0,0.0,0.2162559784007044,-0.11935184562738246,-0.05869722048396976,0.4116754892999041,-0.4079061094738608,-0.07258686615469054,0.5785046921461738,-0.5842657219006925,-0.08917557596163397,0.7078169490330121,-0.6120963016103227,-0.10703538666330598,0.3264218721320233,-0.8851584960328529,-0.012884870085922318,0.4192007988901671,-1.1946488218862434,-0.04248750419735279,0.46348472714466854,-1.3823551626590558,-0.07737479794675811,0.5024317829514433,-1.548004602939662,-0.10815275255079272,0.20450534790055896,-0.9785607691086037,-0.024420971349421016,0.2595981221179377,-1.3493763316067955,-0.045958020447281624,0.29259016305234614,-1.5748228253173964,-0.07675497926813385,0.318489538051815,-1.7662750883679526,-0.10316575183774777,0.07818088614600109,-0.9848437092978102,-0.04778519733552661,0.10558458651251795,-1.3554749739250629,-0.07794811183572917,0.12375650069491193,-1.5679026884493004,-0.10698715057849244,0.14151014197256176,-1.749641204767057,-0.13043818400416107,-0.05539526050359741,-0.9154914277207935,-0.07975896150978883,-0.10188822130780241,-1.2050358723091372,-0.11720249254843365,-0.12680410056637184,-1.4014690615284475,-0.13676881987391146,-0.14055939072741125,-1.5837481422356832,-0.14976458184138067,0.9418722258255627,1.631089502487972,1.7977225720310475,1.7601941897262694,1.5970111303089791,0.947613977871771,0.8085302795792209,0.966382064689657,0.9997542518879178,0.9754922323417029,0.9965454953567252,0.9823069308676112,0.995485950078743,0.986159559828118,0.9816474616696199,0.0,0.0,0.0,-0.18710482557350006,-0.17708672194100974,-0.0698480084495786,-0.3534017919812766,-0.46056341026372116,-0.10039950679743206,-0.497502066550173,-0.6690251888429399,-0.1286041117015824,-0.6285277148072342,-0.7648676624974555,-0.15640682557004743,-0.19663206992576404,-0.9435555709292681,-0.03172528060302437,-0.25758570861064406,-1.289542308912674,-0.07464964363045394,-0.2878254552362005,-1.5016854441259773,-0.11526022752247791,-0.3037372130006987,-1.6913325337135527,-0.1491093292909245,-0.06043920408438472,-0.9972228522340142,-0.04351649792784034,-0.06696833625229853,-1.4016887879178042,-0.07567873275047683,-0.06189717930131505,-1.6556541014501338,-0.11284950807760827,-0.0513781880807228,-1.8713126863795095,-0.14279896158045025,0.0710241710146848,-0.9468705424554418,-0.06827716528726557,0.12120811078208275,-1.303451308033281,-0.11869410926944837,0.15546076397490896,-1.5173637358457228,-0.15648183995198525,0.17828747985769244,-1.703623280626446,-0.18215837661559892,0.18952657395784253,-0.8162500730235996,-0.09965971016852643,0.27822695711745205,-1.0608051391288804,-0.14799519748108816,0.33251792879796954,-1.2238932229516934,-0.16710798672109464,0.37357487685199775,-1.379816168765009,-0.17950317318245526,1.0022637998551205,1.7248465515056484,1.8774563728203675,1.7225853772564226,1.4407193471953181,0.9757735608703323,0.8929729245248373,0.9766784814574426,0.9815260406429082,0.9760998844753815,0.990626376234931,0.9877605955699238,0.9835477237022875,0.9753108640752529,0.9770420985486783,0.9999500963143876,0.00999023927843892,8.181367350186097e-08,0.6730688824354247,0.569584187835277,0.29502962277642575,1.2801349213750026
two_hands_open,0.0,0.0,0.0,0.21002101527329003,-0.13577390316482157,-0.03989016610330922,0.3799634584047426,-0.4230361739940136,-0.04078564443758474,0.523172378501337,-0.612111036590276,-0.04904352540162587,0.6335921617781217,-0.6431156220049379,-0.05753960593549172,0.24740589788873407,-0.9132037649862669,0.035229281999974466,0.31650485627726943,-1.214182712984425,0.025816936721923242,0.35260770393526075,-1.3945752308056207,0.003912743118893421,0.38108554595401867,-1.5485502322292493,-0.01836010613555018,0.12765673591265975,-0.9915981316675447,0.020902225947494475,0.1565765615703377,-1.3627754923085496,0.017102563071828343,0.17405433573889226,-1.5727818552860036,-0.0010330241660465797,0.1856058701647793,-1.7509933911504654,-0.01696636277042296,0.01624886401555771,-0.9841668801302325,-0.005912374573863527,0.011814702756126507,-1.349542913896982,-0.021786993680604914,0.018840724178710744,-1.5616034632655276,-0.04393573200356793,0.02366116579596465,-1.746481057027775,-0.06227242027513401,-0.09577505915786848,-0.9033502188211332,-0.040817499367760406,-0.1629271448974411,-1.1882682860293619,-0.06848498859358909,-0.19746915469508844,-1.3815947701101148,-0.0843116117110198,-0.22038411753663228,-1.5633867049682544,-0.09463609821703997,0.9046256336102153,1.594857707938123,1.7608847924716395,1.7477510656986024,1.5816773184248551,0.9623021350243826,0.7934264740014865,0.9705885736976195,0.9913999591113919,0.9758638063442782,0.9941101587337146,0.9759511219426622,0.9972218417230543,0.9821183973850173,0.9819559236978374,0.0,0.0,0.0,-0.17612620058210537,-0.20413025827245962,-0.04986239828798119,-0.32440121853017145,-0.5095599615377907,-0.0742178401490545,-0.44744626770932483,-0.716273563941107,-0.09823412320047356,-0.5637124599392788,-0.8116726600138768,-0.12581306258354097,-0.1375166976322569,-0.959355897920888,-0.03589021149146829,-0.19985673729181927,-1.2954408893052685,-0.07658976492673761,-0.2343719460679172,-1.506706887506567,-0.11438921877235719,-0.2528080496058463,-1.6952401379644537,-0.1472565596558237,-0.00034623757046677733,-0.9981402648050146,-0.06095811590362764,0.008828709017093882,-1.4202892882497538,-0.09998554387454434,0.021399192100910635,-1.691950706530115,-0.14245132448281048,0.03596054121491136,-1.921747918892278,-0.17615350104053126,0.12381640505690694,-0.9328411504252735,-0.09562894289219516,0.20668393486955658,-1.316275002145508,-0.15684413582782014,0.2602022461082038,-1.5644498555526032,-0.20888924677884652,0.296913026897428,-1.7850126117447815,-0.24440944326105613,0.2259652140898297,-0.7880454361276086,-0.1331127265435839,0.3438175722865037,-1.0504107944767074,-0.19335214120523272,0.41715693734494713,-1.238961496425041,-0.22401107232291295,0.47361128733638325,-1.4234189512890512,-0.24558892405727387,0.9961993631906444,1.720300999730257,1.930139445796626,1.8259691524186543,1.5201128517320213,0.971630172318048,0.887691316076331,0.9808571396634621,0.9797647914228532,0.9785831338977095,0.9938316749803959,0.9849119754193274,0.9794341928700222,0.9760032100781982,0.9735663123780656,0.998945699360847,0.04590740385232809,8.708994644575406e-08,0.6438743321293204,0.6532604790009753,0.34400548031775957,1.3879922182601871
two_hands_open,0.0,0.0,0.0,0.16456151748810488,-0.17488781512970458,-0.00012610306597107062,0.27563181672983234,-0.46569240273583795,0.015657063882442094,0.3643037866460404,-0.6532077996568384,0.018114020306995517,0.4524651795588028,-0.7271331609436158,0.019874040174023763,0.11990178229787406,-0.9408512831022131,0.07280934881879521,0.16581435112130471,-1.2240466780543882,0.05751585802648479,0.1975076830875088,-1.393335542159653,0.02798358741885054,0.2247112001779894,-1.5413504446206403,0.0009620903518191505,0.02866289832132181,-0.9988322761413337,0.03889116092563957,0.025089300209985396,-1.366660318749924,0.025426819362902447,0.042056065036923905,-1.5847969481622375,-0.0036200754757238205,0.05677293209494957,-1.770240535995932,-0.02732714511070336,-0.049595393056166795,-0.9801625858950679,-0.005351170775219591,-0.08858547084465557,-1.3404555893633108,-0.029840142552130904,-0.08423746955334024,-1.5690126713380192,-0.059818609381241804,-0.07727882367014055,-1.7731226626135925,-0.08313662264894676,-0.11654342979091066,-0.8901022217061834,-0.0535083758500982,-0.1835776449333644,-1.1762669638412173,-0.08848501997371505,-0.2120760827863915,-1.3731064636466221,-0.10800057133314339,-0.22994116732699965,-1.5593525127465269,-0.12183310763763466,0.8566459886848666,1.5576447740853891,1.7713614803200741,1.7767520061300706,1.5809163499557,0.9726001617446816,0.862725530422585,0.9621072161759566,0.9972967627107795,0.9589029899013041,0.9982622963201639,0.9551196285807905,0.9928646864949232,0.9719058406771104,0.9829245598938094,0.0,0.0,0.0,-0.14851642633395373,-0.23723174873230785,-0.03480110078352037,-0.25814272703999147,-0.542817427115298,-0.058339110236822936,-0.34637324594434477,-0.7495467347664984,-0.08607601199992562,-0.44820923771228244,-0.8656156650373897,-0.11881024282391245,-0.10478923977721218,-0.9738233092978574,-0.018543128107740257,-0.16630689146192446,-1.302654952367815,-0.07072479188872521,-0.20626751418064615,-1.5132010919082568,-0.12123337529301453,-0.2350866835465483,-1.701727966511703,-0.16100263869174658,0.003441768507062814,-0.998563155507047,-0.05347689868861964,0.0063088174285029506,-1.4234435924479545,-0.0985854942154771,0.012380454615326077,-1.6958425335146168,-0.14642596583853748,0.019310188676525165,-1.9243148088212738,-0.18416705054561397,0.0964826213130076,-0.9184744678989849,-0.0980577681777395,0.1789809893764646,-1.2769299231547524,-0.15130255312013924,0.22546176773903676,-1.534307566915146,-0.19701234082209418,0.25800590590057465,-1.7630698570173198,-0.2317995137692198,0.16661186277268142,-0.7613400797835767,-0.1462219288806297,0.26206080303239787,-1.0083967545272006,-0.18946332737986726,0.3161414381390048,-1.1923105619300645,-0.20734273509846793,0.35593922069179706,-1.3703030052992293,-0.2239431395138011,0.9819866975313998,1.7254175351069885,1.9332040423458277,1.7968620934246167,1.4333783816194805,0.9753814832785391,0.8968815971705013,0.9755636220098819,0.9861390602998584,0.977795315498791,0.9958951689170189,0.9823907988901944,0.9860673325253563,0.9659205204330804,0.9790620060007814,0.9996441773289426,0.026674308469366016,1.4954522412034228e-07,0.6054268315385101,0.7369205082202733,0.47902310014520627,1.358009485240458
two_hands_open,0.0,0.0,0.0,0.14303776615182814,-0.21043777877970726,0.11232475474142328,0.1941666225381501,-0.4858091718225326,0.18218352874239843,0.22612012502238593,-0.6507079192472229,0.21945466234746633,0.27964106834513885,-0.7444793080743474,0.2528087602842155,0.07155404205640926,-0.9494117010136109,0.18895758151896572,0.08910372539313989,-1.2356592406012354,0.2014289741717598,0.12133504146096066,-1.3978929043685773,0.19740442365851935,0.1555563393569027,-1.5356113720240347,0.1891717466437151,0.027352081204369324,-0.9940548782520291,0.1053886268870288,-0.0030302183154420717,-1.382279599824131,0.1081012513321137,0.00035632432808650635,-1.6334602968537406,0.10201104896013116,0.007254483365429833,-1.8254542673103067,0.09749338756998066,-0.013850126959355523,-0.9781435869384677,0.01676475570602204,-0.06265499120285192,-1.3592554079717476,0.009694887222239148,-0.06918468083102433,-1.5947924995088494,0.004295365254757334,-0.07144103104767471,-1.804538790892307,-0.0006281133977071677,-0.04212157021693106,-0.8943557017813221,-0.06727878855417117,-0.09066204222068494,-1.2078414058297209,-0.08544045532203581,-0.09839014257864015,-1.406125540213615,-0.08965454114728419,-0.0974063910108034,-1.5884104446629437,-0.09324223926938362,0.8344823764061837,1.5550196173463189,1.828070258548664,1.8059525085889343,1.5941235400394942,0.991353031927286,0.8961030973064382,0.9519567165535351,0.9815034853452782,0.9692048654355656,0.9928570724652458,0.9682546837898107,0.9946013018815774,0.9617765249639735,0.9858761272761385,0.0,0.0,0.0,-0.13246600921351478,-0.25536398187139625,-0.012091674151503189,-0.1992450100535249,-0.5425517185543886,-0.028392803278962434,-0.2452849488410521,-0.7385394177462861,-0.054356616946913044,-0.3172087347007717,-0.8752608591406651,-0.08446540602570152,-0.08273458307250015,-0.9885164880632399,0.0038711621875924655,-0.13222890828513648,-1.308833739780351,-0.047741146560423914,-0.18161159324232137,-1.5158602730733746,-0.0990089835763261,-0.22665789785914273,-1.6986930886598943,-0.139560634906224,-0.02399027039210818,-0.9988362117407872,-0.04184123614123853,-0.029922998693862196,-1.411173482471549,-0.08740921664627456,-0.05363201461604696,-1.688007931605982,-0.13744510142405358,-0.07817725553846988,-1.916690969340138,-0.17724325955475373,0.03090083810173888,-0.9145040243053079,-0.0957441679587806,0.08236358563195663,-1.3120892557825659,-0.14545966472251018,0.09401024887309284,-1.580109868286457,-0.19440185752627762,0.09731925168579741,-1.8059530794583103,-0.2327669999021159,0.06932806017750363,-0.7539147219307465,-0.1521919804567467,0.1073340287491776,-1.0065223382025168,-0.19717502749715218,0.11226253320969264,-1.2017534144091162,-0.2226018809272044,0.11143671839404641,-1.379350176374806,-0.24463698852564028,0.9347926816835948,1.7194211767156546,1.9264555868981665,1.823490619168925,1.4053015005423342,0.9767436280635212,0.9177669476400966,0.964498094106693,0.9919416448319922,0.9688410850670923,0.9929216261038515,0.9675958870800128,0.9901789060889145,0.9584316232107233,0.9903695674212544,0.9997684103498315,-0.021520354699133975,4.4062181557627527e-07,0.600601067731195,0.8045418833674836,0.6877475666301682,1.1361276713431647
two_hands_open,0.0,0.0,0.0,-0.021726250372629537,-0.43081013533248963,0.14190013167281929,-0.014938880135058556,-0.8151624928086812,0.18608753159132604,0.01580710439459062,-1.074743213407015,0.1899730110365724,0.062053051348270216,-1.2902197643742161,0.1895462295398606,-0.046978239964913245,-0.9780534215686385,0.14124527890428834,0.010774515677837654,-1.5182395805414093,0.1402569529420899,0.03546516621641905,-1.8358950397544738,0.1405370832630071,0.058052656847912505,-2.0782736531777006,0.13991269562974362,-0.024720640659097553,-0.998735512488434,0.043775175840525635,0.00840688809838974,-1.5906028655819235,0.034835269838201836,0.04042822304416708,-1.9239228220582887,0.02554492491264629,0.061740055141855835,-2.1610307745066923,0.021400239867234553,0.03373488005088564,-0.975268654008107,-0.04781090666032325,0.053346775574179765,-1.5801537735234539,-0.05007760323379174,0.0868970931368204,-1.8717135142399872,-0.046193060979811525,0.10715141401569188,-2.093724727597054,-0.045993850063694545,0.14680102369125275,-0.9306470520921786,-0.13001794164992467,0.19901336133337344,-1.3783220084498606,-0.12181872486552013,0.22677152875365403,-1.603398273747214,-0.1019290099038828,0.2405259531871625,-1.7778001707848758,-0.0884373328190403,1.3055440991005498,2.0837867095406066,2.1620184580711355,2.096969264133502,1.7961757551073538,0.9550810323946894,0.9697566140384554,0.9907496165429855,0.9949948853830674,0.9866909140414293,0.9961754542438986,0.9732966404791142,0.9915280317482913,0.9778446383804515,0.9856449061558864,0.0,0.0,0.0,-0.19082885162830074,-0.29685253832231673,0.061038519967080006,-0.21704712999571144,-0.6060506518376055,0.0780738535479579,-0.2407193561212018,-0.8039593137035144,0.07675369758191809,-0.272776653241279,-0.99322018745125,0.07183332360546972,-0.06714116520038098,-1.017746583030877,0.05579820149803252,-0.12942429003071354,-1.3955198674461822,0.023505047938539893,-0.1738550409478869,-1.664337565300416,-0.007787081929065063,-0.211912626801432,-1.8867786243898954,-0.0325725116678124,-0.043568837406335444,-0.9990139034722146,-0.008542662130091925,-0.12850313448611186,-1.446932466283694,-0.045867226885285474,-0.18417225408941043,-1.7378447323119768,-0.08039058256157783,-0.23158543484361385,-1.9971268827479594,-0.10834774651092148,-0.04665639281308362,-0.9479507551933422,-0.07294760026486301,-0.11590258622625448,-1.3816359353895267,-0.10855809445106644,-0.1623163964631746,-1.6579056422065679,-0.13876210570158407,-0.198738437541437,-1.8928570312953361,-0.16344990436298718,-0.07938974608317112,-0.8664644993597523,-0.13344204764869194,-0.13859925480881757,-1.1515501371260903,-0.15729529109957166,-0.17938913746794563,-1.3352805927807003,-0.17048300825861648,-0.21134014740979953,-1.4921507877673743,-0.18455466108974308,1.0324986536041667,1.898921143009593,2.0134266397364176,1.910267148520561,1.518301371359435,0.977572950931688,0.9833491435260029,0.9903846318186892,0.9976173781510063,0.9890533202035449,0.9958006240703993,0.9911828733441995,0.9958020624800346,0.9942628750453635,0.9920784683778145,0.999734457283376,0.023043760982998072,-2.692627895692507e-07,0.6389899398877016,0.8767681683086989,0.8517444692826385,0.7980062146441368
two_hands_open,0.0,0.0,0.0,-0.059564611486422954,-0.3808053154527952,0.08556810189082735,-0.05559547891751764,-0.760932038728299,0.1045561622878892,0.012837353741641884,-0.9908257933349359,0.09883418165760037,0.09315301923112307,-1.1425242323441238,0.08845715695059721,-0.06526336201548895,-0.9896300353109437,0.0327874256809378,0.019964276104830297,-1.502675199195013,-0.008419343735532162,0.0772133722628888,-1.8206011488201828,-0.031711843347687306,0.12165243683774395,-2.0576760690476785,-0.04596512095128003,-0.008539402755858983,-0.9990817976290463,-0.04198380934225425,0.046485268646097096,-1.557447052899711,-0.09267489188800543,0.10395419538168392,-1.8858044522195077,-0.12280524809035318,0.14871646354452656,-2.135177953277198,-0.13548115043520373,0.08392730390824864,-0.943135442038297,-0.11083751603926888,0.12628226431685352,-1.471327208442272,-0.16811639084340535,0.181267832446182,-1.7950125688014813,-0.19859994860907204,0.22274898510876212,-2.043515871646005,-0.21034294964044936,0.22571687336879726,-0.8155767566645566,-0.17053531678152956,0.33735350824698573,-1.202280449866422,-0.20624723275951234,0.40787365354604704,-1.4135415953308021,-0.20959728031088123,0.4622251972023993,-1.589920315520913,-0.20578969940356887,1.1497233472019195,2.0617814900867004,2.1446343792855327,2.066353886559502,1.6684867823916159,0.9082049076154265,0.9360934668627223,0.9951430849014099,0.9952921006452958,0.9762127010245112,0.9871443625772612,0.971640405675614,0.9853277244304,0.9732129940052356,0.9864466867035226,0.0,0.0,0.0,-0.015930895537650248,-0.38954601231387176,0.08481780946087261,-0.05653381450508747,-0.7129578424534394,0.10534278091447277,-0.12555954464981375,-0.8821993833245393,0.1032123823264824,-0.20045809379771362,-0.9877100672021466,0.09140744677260769,-0.04253055025472898,-0.9991253060938359,0.05189809077698459,-0.1490245503965109,-1.4023206413434952,0.017882191567134408,-0.22882452494259314,-1.6622853333623409,-0.0058627815667817995,-0.3009750021882097,-1.8727042026708567,-0.02474274535363499,-0.07500464060673499,-0.9969270910667722,-0.022598207552767723,-0.1842459043349234,-1.4859320273278425,-0.053388140200540786,-0.26359120120028373,-1.7804542438712465,-0.07835207933128682,-0.3301473242622977,-2.0263297880778195,-0.09976302813558038,-0.14091087770377045,-0.9253428390928814,-0.09367491293561715,-0.22215369609001026,-1.426581029913002,-0.12924423422907325,-0.28924108476207666,-1.70993141168313,-0.16836606591142997,-0.3396951513995197,-1.9361176946432053,-0.19908987453149693,-0.23475291566229944,-0.803809919983541,-0.15546970184485343,-0.32246367561603556,-1.1044995866672267,-0.20192726533817096,-0.39086457758796533,-1.3001591132620856,-0.2301995403133343,-0.4484104035708552,-1.469069850860589,-0.249950940842864,1.0119831745374865,1.896897252381087,2.0554713151858475,1.9757482890125024,1.556185589692426,0.9132261998126899,0.9226486686444447,0.9873075125483939,0.9896681838530819,0.9847919276461362,0.9992074859666806,0.969556287720997,0.9958585500942019,0.9830470765711035,0.9915558818107229,0.9999996671252473,0.000815934521802431,-5.005146692266305e-07,0.6608172619625238,0.8160277342514953,0.8717594040878036,0.5953022354319512
two_hands_open,0.0,0.0,0.0,-0.09662115892161242,-0.3033642138120255,0.11729033379350422,-0.14190125316333976,-0.6026360160931039,0.16237464212018063,-0.19067498975309516,-0.7960297011366338,0.18725917180529625,-0.24875118316549305,-0.9013718489100668,0.20480304260486265,-0.09350905124659731,-0.9864457126042524,0.0573915926606686,-0.05796269255289541,-1.4732130817509534,0.054608668154118585,-0.04738882977801435,-1.7329550746325053,0.06548838813704161,-0.044436334987367654,-1.9206997789523266,0.07391980868795424,-0.0013711394642424747,-0.9998828400886665,-0.01524552632059895,0.07375690772455104,-1.5747489628630176,-0.0278920789061026,0.11622973919434207,-1.8897065103051567,-0.03517206391327075,0.1476882018507506,-2.1247295129713817,-0.03734551334501894,0.11644663013407888,-0.9318944264252893,-0.07767077357902835,0.20571646722453046,-1.4662862163232422,-0.09950626525592264,0.26291829909677417,-1.7499306803720416,-0.1272706062353322,0.30527701618890324,-1.9783831489575774,-0.14507392159417645,0.25799665642148367,-0.7920533181600062,-0.12586357595876058,0.39264848084958787,-1.1547570083562368,-0.14462301028769037,0.473681468538222,-1.3403169008879965,-0.15510338516543096,0.5338590598097196,-1.5077219566962605,-0.16090980691922346,0.9572317626332686,1.9226352662039388,2.130183559138629,2.0070476784120532,1.6075207496040913,0.9685256627334183,0.9187336977225786,0.9817259908281286,0.9920025859331477,0.9986495019030198,0.9956162709932468,0.9794148073981158,0.9921289514462152,0.9820843008441575,0.9779521109715062,0.0,0.0,0.0,0.05939515086787627,-0.408881011323745,0.09180919380549422,0.02733416330383839,-0.753401275321124,0.11785607443514336,-0.04694850623292978,-0.9365288385932468,0.12202711983603526,-0.1327863904633141,-1.0188358197118998,0.11498206526431888,0.008499589805746612,-1.013976733371198,0.03168329236764568,-0.09213722634179122,-1.4373039777307566,0.009295947512985027,-0.1565362925886766,-1.6780178740096787,-0.0016073278771133296,-0.21100045763595165,-1.8615101880816918,-0.008571475616409328,-0.08016132758526853,-0.995994652846812,-0.03960824485287645,-0.19317433099776557,-1.4890915867813217,-0.0605450959221554,-0.2746518929013053,-1.776295501349002,-0.07439699941047764,-0.34488511780512016,-1.9953446834274922,-0.08457836620723924,-0.18515207957289773,-0.9010597332757012,-0.10314276298851026,-0.29987130502701664,-1.3791959099593587,-0.12461097683744797,-0.3847936554789697,-1.6455940927949169,-0.15686493673408808,-0.4513216879874007,-1.8526125759402274,-0.18151745802858044,-0.2997433692762502,-0.748325872493619,-0.1557466577532044,-0.4236379160377482,-1.0481403171869617,-0.18476202506688738,-0.5141640995921108,-1.222249440108563,-0.2022599815682193,-0.5937026417110883,-1.367719702287351,-0.21218459485872515,1.0338663010045075,1.8734499842933514,2.026696733652101,1.9154146313915532,1.5060419360346797,0.9054180511011581,0.8636241028041491,0.9907633387257019,0.9910597426683619,0.9836634430746404,0.98921620974385,0.967567335417032,0.999023170215439,0.972224915599813,0.9885986911918252,0.999654184134811,-0.02629661844679753,-1.7030614111602594e-07,0.6500416355976928,0.9282503889673669,1.0592997760715601,0.49134176920360173
two_hands_open,0.0,0.0,0.0,-0.13576460414998948,-0.3106552453209079,0.08067248660022554,-0.21295306217115523,-0.6187382349300521,0.10528296287149597,-0.2863669210704735,-0.8270703498843657,0.11396894384602105,-0.3790022829693038,-0.9277411290943584,0.11289760368837484,-0.0941996059274853,-0.9845465581635937,0.01678512823589014,-0.09041704645654455,-1.4671058492301678,-0.004649286115058966,-0.07416215533530274,-1.737324410854209,-0.010790905078816077,-0.05992735042907367,-1.9310785519063662,-0.013339990594206447,0.022344534556404932,-0.9986754455465754,-0.04634734337377527,0.08391696080819082,-1.549077508586638,-0.055388227182245765,0.1290098581942918,-1.853005432181217,-0.0638772840015673,0.16160316504922032,-2.06059631344251,-0.07105911922097041,0.15462895439492955,-0.9276689426645983,-0.10291262146632114,0.23961548376972205,-1.4305305726163293,-0.12278234962901706,0.30127308811892767,-1.7109629471422825,-0.15063861100065407,0.34526948875455055,-1.9295838014890836,-0.1735658100409893,0.28668056354899246,-0.7817185639936278,-0.14936350244106905,0.41687748222795745,-1.105572587777939,-0.17695174570888658,0.49302613441206916,-1.280612302429949,-0.19066688390872788,0.5501245610188514,-1.4365142985282449,-0.1993252280629587,1.00850989188396,1.9320542477661675,2.068144614951104,1.967899834150376,1.5511095735165294,0.9679748441114523,0.8702258820991762,0.9820015237937929,0.9947984351365692,0.9880265432296688,0.9966001229610958,0.9759114395007504,0.9940631767996178,0.9907974055017313,0.980162009479526,0.0,0.0,0.0,0.11193008235590911,-0.3063133143514401,0.09842738639590262,0.13572592543437445,-0.5892908085610404,0.12559334461643823,0.16579577207296725,-0.808482056387931,0.13368639545332636,0.2509240661712557,-0.940058195827757,0.1320399332104991,0.03698873835622281,-1.0096995945810656,0.029869653631146076,-0.02742670200316519,-1.4182922930047273,0.013446847850866668,-0.06891375946055144,-1.6494198825407902,0.01042961451750449,-0.10293201740987094,-1.8163107823224367,0.0073944314425290255,-0.0687666010377585,-0.9970131933208157,-0.0351546145753808,-0.1722448574685229,-1.4719113598802624,-0.06554115373213874,-0.2513535160283536,-1.7305132435132888,-0.07719501929465064,-0.3138903425610346,-1.917759699644423,-0.08353544287005185,-0.1841500146365771,-0.8947022170664158,-0.08951873466022107,-0.31231623660642266,-1.3455627074883338,-0.12404461400935568,-0.40290121393880024,-1.592526336937582,-0.1489041454797194,-0.47089309314132893,-1.7821174425376891,-0.16345412880257523,-0.2992645889560828,-0.7215244730312402,-0.13016021080118068,-0.4476960747805445,-1.0311900236426186,-0.1701543593076671,-0.5380128242951998,-1.194451898884337,-0.18757084908946606,-0.6136424702253178,-1.3436093934373143,-0.1937314392633292,0.9818894247770912,1.8192400984491206,1.945072642075058,1.8505134791154294,1.489756743215569,0.974944578270636,0.8598272555311864,0.9891075310150169,0.9923649963857367,0.9731145351425051,0.9911801336546106,0.9754402412755458,0.9925987750175951,0.9801543953433399,0.9787494280890875,0.9992779112473338,-0.037995474639528994,-2.87798421526628e-07,0.6345105389419134,0.9853391482735278,1.3033770763806107,0.4467294695559564
two_hands_open,0.0,0.0,0.0,-0.1737973275144681,-0.29262295913370845,0.05684872100392643,-0.2847196039243415,-0.6054514327200003,0.06086420231128863,-0.3968578476370398,-0.8145887086165163,0.05248287103081146,-0.5086223693230297,-0.9223253044861888,0.036316304998912745,-0.09486851860037883,-0.9886529446850322,0.00866689821033505,-0.09060931147137385,-1.4414768204081632,-0.0031563376178393937,-0.08469655443397346,-1.6947730381994315,-0.0073460267651020835,-0.0790045224895982,-1.8825307842135075,-0.008043395604638357,0.03871957670807023,-0.9986038197508379,-0.03593334883619976,0.10630563659312178,-1.4945315614138528,-0.029408291245057352,0.14632804191149681,-1.7790456148109337,-0.025513299288684402,0.17748554326182553,-1.967547847316883,-0.023894119657993346,0.1726340958090079,-0.9206754401544859,-0.07480218286888636,0.25745464032306664,-1.3610485277916118,-0.06822788187804771,0.3197903914554741,-1.6167205320201539,-0.07513728596698094,0.3595278243439137,-1.8104069604030173,-0.08498664842043059,0.2865486737350961,-0.7689008439067091,-0.10692387203281,0.400289665549065,-1.0611898260907568,-0.09606680011013183,0.4690797259879277,-1.223438376288985,-0.07899051089798205,0.5183933791460549,-1.3564392818787185,-0.06730425815854306,1.0538973175220097,1.884205021832334,1.9756812947695983,1.8477165229447126,1.453681218194825,0.949498008960545,0.8987151022072901,0.9946214761025669,0.9953553846064412,0.9986185535284666,0.9921735841143083,0.9797155736404796,0.9861077153935309,0.978101470066041,0.9847300812315365,0.0,0.0,0.0,0.1275742947842569,-0.28401843029664803,0.0731749911668879,0.16054296004550964,-0.5738028561043156,0.09241781869548714,0.20157046149633479,-0.7932749175609549,0.09508058886100057,0.2903384632075332,-0.9138071905947647,0.09010525510502118,0.03953799476696429,-0.9959785453974094,0.024658872693456256,-0.01231772046823283,-1.3881505193932868,0.009208891073119936,-0.04957015919740221,-1.6114240503943293,0.005075619816703944,-0.08216730778000143,-1.774543345054554,-0.00037815666626463926,-0.0756222604101496,-0.9966622898729923,-0.0307498565132108,-0.16727437280808471,-1.4580491768546051,-0.06136969306703003,-0.24240491996707525,-1.713656091737471,-0.07385323396459856,-0.3041406315813228,-1.8873013887661803,-0.08126615901682988,-0.19441856308112243,-0.9083184161348101,-0.07890886950268275,-0.3224979262912612,-1.3334916339242187,-0.11535439515151,-0.41431535956417453,-1.5646756777349573,-0.1409281888756042,-0.48572305059360765,-1.7325422311313206,-0.1556090796877627,-0.30762167810794394,-0.7457843209488045,-0.11645688000121525,-0.4564359618309508,-1.0507019808776379,-0.15684798714138393,-0.5438449733385343,-1.2138767197480755,-0.17453274256968304,-0.6140681008402781,-1.356285780733556,-0.18146232032537568,0.9630467080043156,1.776444677705355,1.9133771829983723,1.8060574880697255,1.4998397665042378,0.9714976842945087,0.8560683259298353,0.9873585402376359,0.9888434393145172,0.9708841024128748,0.9821583153954114,0.9721331934964341,0.9895965229829196,0.9859498892144413,0.9803951969645294,0.99952348191095,-0.030867606134734268,-3.4932915885362057e-07,0.6131605805360811,1.009667269750428,1.4110440252783836,0.43275688825883935
two_hands_open,0.0,0.0,0.0,-0.17546762752200018,-0.29901523001871894,0.06725227773420056,-0.2828775836435703,-0.6173060494566227,0.07596365221556202,-0.3980207348641282,-0.8253662733611671,0.06998087164026924,-0.5161408209842556,-0.9222215256469402,0.05610666165464447,-0.07991764387656458,-0.9975914558209548,0.025759929285811625,-0.07803976457183337,-1.4504825218119575,0.015821458214787847,-0.0707798940691822,-1.704044132334661,0.00996568702576346,-0.0627879603919166,-1.8947426544821528,0.008467126540920878,0.05300805391855213,-0.9983694559597762,-0.021179604017742798,0.12993796496372162,-1.4956885209391595,-0.01183382316031722,0.17769735469003045,-1.7759766598722735,-0.008460427438123799,0.2136340614081617,-1.960965089257773,-0.0071854243197563145,0.18488397312127178,-0.9152048831340547,-0.061731442881411185,0.28370705697435683,-1.350683002945782,-0.048750601615532276,0.35377218286142487,-1.588519164414593,-0.05147475166936131,0.39707243852931207,-1.7687986889372822,-0.05828037697216423,0.2937057588290342,-0.7620530576414647,-0.09505004004040499,0.41185380061164223,-1.0560327911135983,-0.0761414887953924,0.481980877344862,-1.2096767460753228,-0.05197230870062639,0.5299138117975029,-1.3316877022145774,-0.03492825087081232,1.0583202950595345,1.8958016106428732,1.972580853553067,1.8137563027501462,1.433673870471313,0.94044742304774,0.8779444236484895,0.9922029647082767,0.9935736836157449,0.9946824579356605,0.992470140963042,0.976148748492263,0.9818904076758931,0.9699554536719153,0.9825313574861835,0.0,0.0,0.0,0.13056328177065235,-0.29061440928957577,0.08197024910431278,0.16598739950439637,-0.5709917552019819,0.10555581032578079,0.2023386706151913,-0.7861231827832195,0.11174833422608695,0.29380229002260183,-0.9063154926308313,0.10931595999738443,0.0533413261259212,-1.001686342947562,0.02896028794236868,0.0035602118117889405,-1.4018808098244846,0.014798945704809973,-0.03465883855924731,-1.6260208531776315,0.01227765022450042,-0.0685689323833509,-1.7851560544079534,0.00855852328155185,-0.06308174393585944,-0.9976002951385728,-0.028536725836066413,-0.15793206560629333,-1.4615066518066953,-0.05729537218953995,-0.23478005714121442,-1.7144782665560174,-0.06810316715965285,-0.29809512038794334,-1.8865867767475424,-0.07423091203541067,-0.18339510220984545,-0.9032913232602876,-0.07795211136492744,-0.3122679927177592,-1.3339916266145329,-0.11356010456717028,-0.40625178728876965,-1.5681219415278405,-0.13945895633144537,-0.4804071147557297,-1.7406572852093287,-0.1541752069841638,-0.2999790258297758,-0.7361540657697777,-0.11544464791175556,-0.44585421908566986,-1.050498049206297,-0.15699739082705627,-0.534229368525053,-1.218823847105851,-0.1761003200981103,-0.6066528665664516,-1.367051727778566,-0.18351842742031665,0.958998194427571,1.7864929569965635,1.9114341723688506,1.8123048239490083,1.5068301630039405,0.978069477476252,0.8455902964375799,0.9837312639234729,0.9864061862860666,0.9696958785397721,0.981527676153723,0.9702219553187793,0.9891525423310936,0.9833429760078851,0.9801638373065444,0.9995189203952581,-0.031014960450892255,-3.5658938201871887e-07,0.6100763698830837,1.0081305947441732,1.4161170900371256,0.43261171257676007
two_hands_open,0.0,0.0,0.0,-0.09946490906420237,-0.3380444675999206,0.16346006172219632,-0.13670972331242484,-0.6332414746254844,0.23534185500506602,-0.1801169488111496,-0.8144111115769567,0.28075777011568165,-0.24418855436570375,-0.876342292506502,0.3156817375554512,-0.06495936705151775,-0.9907518247762964,0.10939883867003666,-0.029924363522737564,-1.4243420676083591,0.12659390254300074,-0.010962911230881521,-1.6756354417149644,0.1472404375130963,0.0020940984615303165,-1.8521150646375502,0.16296521302492942,0.04461198081792777,-0.9985298523822168,0.030788066991112906,0.14732792754360746,-1.495524361037338,0.04913617325660618,0.20567198263308875,-1.7639028058969408,0.06094357423031634,0.25005593144988575,-1.9499727010986878,0.0692407253514769,0.16615707176243105,-0.9246025561185565,-0.0335282494733801,0.2920388967598027,-1.364058090096713,-0.014852473279442493,0.3597807676867993,-1.593896192698452,-0.018369723058846273,0.4084832501735839,-1.7757002298975415,-0.02546476353230869,0.2814250477839694,-0.7810195980378302,-0.08148571109197486,0.41710647238602766,-1.0702764035252925,-0.06064521253265854,0.4942175978444067,-1.2181739984685884,-0.04709838847432763,0.5538554388413893,-1.3470753449220272,-0.03885415943626022,0.9629427932877385,1.8592719700361169,1.9671593178821538,1.8222563832546483,1.4570097726976592,0.9660746246754347,0.8229906421671015,0.9864498071312157,0.9977611235882051,0.9960787717291676,0.9936076069004713,0.9821637348778072,0.98921620974385,0.9857348274584454,0.9832904631364942,0.0,0.0,0.0,0.04732069557900262,-0.3681428427346662,0.09790139352942331,0.020522098354009255,-0.7270980439190002,0.13328166325664303,-0.048892352893710654,-0.902455884538767,0.14598230106436577,-0.13102395551505863,-0.9820067191701781,0.14991012636700257,0.01568018644787111,-1.0032646144701287,0.05513770561974618,-0.06443050716910026,-1.4094110903601416,0.039976168540797205,-0.1139627284381097,-1.636677141684498,0.03306835850032088,-0.15713430659421368,-1.805735535003666,0.02721164403649588,-0.06259359908686125,-0.9978806234428166,-0.017784901200992426,-0.17956360551757067,-1.4785919224595294,-0.03321328645716333,-0.2639044596602249,-1.744996830606039,-0.04468631249461878,-0.34004342101294266,-1.9446351434714326,-0.05509943701241471,-0.15989266648540476,-0.9238785536982048,-0.08480883449930972,-0.291259194503814,-1.3926050870341802,-0.10686752145295107,-0.38943340336686144,-1.6400250281256616,-0.14080581316704793,-0.4714306232922662,-1.8323908596005227,-0.16746407092467216,-0.2717197437710632,-0.8014848616592278,-0.14091965081620753,-0.41156788732958,-1.1092268174196076,-0.17796421792915113,-0.5081962817040623,-1.2829878814976552,-0.20509352580029547,-0.5939545631750036,-1.429888739053185,-0.22297882891728996,1.001986786041393,1.8127637701187074,1.974910458060676,1.899459741604423,1.5643156290636628,0.90358005339091,0.8646736892600804,0.9933139025261153,0.9886629791319281,0.978168917609127,0.9814747589699896,0.9579184206524305,0.9920434725878532,0.9730662260706543,0.988165583806202,0.9997642545779087,-0.021712560150080856,-8.659255656619204e-08,0.630524117865696,0.9357773066152102,1.0700556989691516,0.45058334260959876
two_hands_open,0.0,0.0,0.0,-0.01533319977786971,-0.39389783405884987,0.10149111420112301,-0.000984117396181723,-0.7635017636447009,0.12126990224335178,0.052296517655260596,-1.0045482484950528,0.11089937196108803,0.1215864209655879,-1.1675331653943088,0.09965255612569647,-0.025804114647670975,-0.9939951807044313,0.06915561537258087,0.08232380282160817,-1.4759147164611812,0.02788244987863931,0.17388632485235184,-1.7658103880689338,0.0002376744196494505,0.25534973041719755,-1.9700627684654242,-0.01375155477539989,-0.0003763624550599727,-0.9999309991506973,-0.011741179190804168,0.10040465954743691,-1.5538909906390481,-0.05350509980639735,0.1963379721600754,-1.865380415164525,-0.07586890139830953,0.2804069111013775,-2.0711841803477355,-0.08589216505163715,0.06394510495094193,-0.9588798618631257,-0.08958115755066137,0.17398904054128658,-1.4664765531240809,-0.12503754719876833,0.2790054529413635,-1.7565391806676938,-0.14338544999308173,0.3697457096266214,-1.9576455066184841,-0.15263030367957836,0.1771706749556813,-0.8694753017405705,-0.16066056765543565,0.3297787062541274,-1.2095721989161166,-0.17195045979085705,0.4303273542541848,-1.3852517541906735,-0.16828694991079093,0.517643640131374,-1.5247195386783063,-0.16476725671797915,1.1780694300427546,1.986590018543466,2.09184354308189,1.9980950500344459,1.6186021310631638,0.9355281463269632,0.9409779342913268,0.9728774147560066,0.9751026337468667,0.9622386004104023,0.9707359660474961,0.9573813667495233,0.9750529068756951,0.9652024152568818,0.9873757547786787,0.0,0.0,0.0,-0.18477586753038264,-0.27623529148837184,0.025334138631402155,-0.18616178719924203,-0.587116561450598,0.021092235310965924,-0.1643281166461041,-0.7976909894176917,0.003123141039297859,-0.14226956633263554,-0.9713597697704199,-0.018978912331124614,0.003913954718520559,-1.0001322996069553,0.01729869324779753,-0.07649918214025633,-1.3850693737226405,-0.019225440794882313,-0.15904173101784871,-1.655579089612156,-0.050911701460146896,-0.23457435297068582,-1.8644488001480952,-0.07652068946684777,0.030701221066586654,-0.9989964252938082,-0.032612532486965835,-0.07520989835766256,-1.4553585928841342,-0.07970068330466304,-0.16665784680415768,-1.7364515489178391,-0.11953997245225369,-0.24704642204184207,-1.9598059721811794,-0.14686403353260852,0.013051683063986899,-0.9435497736260426,-0.08342682089345134,-0.09831312286661505,-1.413616923136464,-0.13686876235891635,-0.192344470672611,-1.6935964525681022,-0.1787336302787777,-0.2698502766281342,-1.9055347551425008,-0.2040677093215292,-0.058808775210756746,-0.8425638632051311,-0.13139270363826933,-0.1822508523521673,-1.1635896866528534,-0.17399397979298684,-0.27201190060903824,-1.3546191039731998,-0.1951287388483873,-0.3469067257125223,-1.5055981808802874,-0.2078458075733818,0.9819066304624855,1.880704620976343,1.980767635939703,1.9353360185869553,1.5589644121468729,0.9589541552309784,0.9850766431694117,0.9708001009798672,0.9838917471291447,0.9706186106912382,0.9884424088620447,0.9695370222416926,0.9875211003220152,0.9759833177265912,0.9897015615708185,0.9999748086670301,0.007098030072793826,-6.498744056270203e-07,0.6338823827699254,0.7728004681309653,0.8843204171298825,0.5912636525108454
two_hands_open,0.0,0.0,0.0,0.18443742406873273,-0.2043231816571805,0.06528054717013985,0.25598041345265804,-0.5113262506253287,0.10516392587981839,0.3056114447341049,-0.6870118215480274,0.119225722845529,0.3464022520444743,-0.8185695279772632,0.1313358722214792,0.09551975617129331,-0.9695367638496842,0.12146163902821318,0.11080440320905027,-1.3199983372547324,0.10441443565732213,0.15102951886503285,-1.5650316497143086,0.07920488220204704,0.19475595854427216,-1.7531412207509467,0.05777379046111196,0.04825616153664414,-0.9974677722118455,0.052243528522559306,0.07481689853284307,-1.444316556362918,0.028078347715052653,0.14261762705367143,-1.721450832808421,-0.0009827358117159718,0.21330550008727936,-1.9228875984088758,-0.02028476454430756,0.02030962795483341,-0.9721497357151627,-0.023003228797628436,0.05766389830224325,-1.408544629150173,-0.05931475271849963,0.1344339696297097,-1.6695236625164558,-0.08961506439609666,0.20693993238843872,-1.8659395447651375,-0.10705781371321356,0.01844186663253438,-0.8941761639295827,-0.09599410284087227,0.08439463873003016,-1.226032423374994,-0.12784472835101282,0.15280103293120523,-1.4333135918961997,-0.1425257926374523,0.22037584901830579,-1.5964930292848774,-0.1521426076726577,0.8984985830186822,1.764871619735799,1.9347887285579157,1.8804297104152319,1.618796738461991,0.9785825695114334,0.9912544064367341,0.9586478146698627,0.9789971619654253,0.9407356611782604,0.9688793520282778,0.9357856637098863,0.9768459980369225,0.9601912459937327,0.9761875563700154,0.0,0.0,0.0,-0.14540459406144995,-0.1679453826745492,-0.01662421674276718,-0.23014799751387177,-0.4613340044313216,-0.02396074072452869,-0.2767605399402525,-0.6563471596957917,-0.04066472605365311,-0.3279912375116019,-0.782825645418922,-0.058072486630239444,-0.08558723010825829,-0.9627507617158308,0.022874167095591494,-0.12777639215798445,-1.2965605747530031,-0.015329907141234233,-0.17057928220108093,-1.5126823221958827,-0.05692346103557761,-0.20871547141227342,-1.6889087899668291,-0.08947752527105703,-0.027536060862675765,-0.9995166206421476,-0.01443226982384075,-0.05570341299570255,-1.4284937406898792,-0.05128354621836662,-0.09556100069119386,-1.7096237871346995,-0.08967485929497039,-0.1352879491803793,-1.9358532004799685,-0.11748757877137786,0.029672071087833447,-0.9671133613137208,-0.06140109763093873,0.03291752786563678,-1.3949209447207098,-0.09741776685666678,0.014138240629268021,-1.6614527505515206,-0.1296637768874353,-0.007857494376857305,-1.8841195814323797,-0.15353609377039534,0.07915196648645563,-0.8712847673238099,-0.11373118357208419,0.0852399113724603,-1.1721950104527077,-0.14501533901227834,0.06994525722513759,-1.3826898983653735,-0.15995563184574407,0.05066551526491444,-1.5647193517868176,-0.17146490645325022,0.8507447659041829,1.704107178660632,1.94412802411969,1.8903813555589994,1.5749012218035263,0.9760645013830498,0.9504478683654844,0.9679029552694239,0.9939343590704653,0.9715546021078519,0.9886843116363869,0.9727786118976498,0.9900785552930003,0.9687778627408753,0.9892262968734221,0.9977708179850413,-0.06673376040236124,-1.485163909404547e-07,0.5975500078497846,0.7903558874875732,0.650340343062888,0.9028374883174582
two_hands_open,0.0,0.0,0.0,0.19144798827914308,-0.12567141050862704,-0.011422027793833387,0.3287400956166415,-0.4161093311075897,-0.0024421877553350763,0.43365199705145263,-0.5711854037395967,-0.0031373636157246217,0.5253058422282879,-0.6099946459801849,-0.005996938678814989,0.2189187342971996,-0.9190940127863778,0.05494538069143738,0.2840267164862263,-1.2035072596823753,0.03254282111285927,0.3288866358771084,-1.3789398782443512,-0.0025737735999970964,0.36921518370172385,-1.5308690823008488,-0.03201284176034816,0.1306508449477014,-0.9911609418423751,0.023029200606790128,0.15852062650558127,-1.405245615648234,0.007189143953272831,0.1938777756786649,-1.6434903738403819,-0.02287289101811662,0.22781367393369,-1.8345095309629706,-0.046403811448756015,0.04872720986304291,-0.9830260161568889,-0.019325183929385037,0.0522556880570756,-1.3860843253979078,-0.04659810369952135,0.08564167660392234,-1.6201895695286728,-0.0763684336578517,0.12268652174043589,-1.8163435046012006,-0.09800902959118685,-0.031857518553431205,-0.9087128587583809,-0.06634857405515258,-0.03601924389274079,-1.20309454524578,-0.09473704199784502,-0.007330308599133431,-1.3806922216671123,-0.10416838173901882,0.032174029263885066,-1.5420565237755302,-0.11168189952239121,0.8050314647746258,1.5750888295769587,1.8491829555082202,1.8231186135863855,1.5464301915568885,0.9502051870295694,0.8166815673281813,0.9625594482017343,0.9964951628182561,0.9626416684223691,0.9909309554878333,0.9540702352682302,0.9847502726766841,0.9429532531177107,0.9744826678222942,0.0,0.0,0.0,-0.18039783424122804,-0.16068879975674388,-0.015334121332025986,-0.32391795035019816,-0.43750882068593777,-0.020393580361181256,-0.42230287588885285,-0.6217556252089782,-0.033052505793556085,-0.51071538282601,-0.7037335155901585,-0.0508698491290093,-0.15280587110402094,-0.9432944231910525,0.02633551329655992,-0.22247291834589566,-1.2435849030830604,-0.0008053480828037005,-0.27265664702270026,-1.427870912900704,-0.03834047750938678,-0.31301393020946644,-1.589268167556283,-0.07091638101228637,-0.046704734573188585,-0.9988291036302898,-0.012613068998463314,-0.06995594839336756,-1.409147149339328,-0.03726171040396532,-0.10591462590602144,-1.6683112751926705,-0.07552278307416237,-0.14075709442427115,-1.8717649628904365,-0.10660322642616447,0.05145009775587795,-0.9614577032931751,-0.06126072120790073,0.08976413801614407,-1.3775346451771788,-0.0964897056380075,0.082978386661416,-1.6477041349546326,-0.13907273977243362,0.07042469907592808,-1.8725729535614923,-0.17226020007612228,0.13414757657829302,-0.8480171833590688,-0.11271839595791162,0.1804435103126103,-1.1546066789701372,-0.14764415193757244,0.19133078256050184,-1.375276439239736,-0.16798371841890625,0.192492096675396,-1.576338699125194,-0.18561901168339445,0.8710102208185677,1.6213513382388047,1.8800747016593433,1.8817977258941014,1.598859380665016,0.985375565710714,0.8911965262097217,0.9641393701517232,0.9934868660948032,0.9625989173492062,0.9899161169884637,0.9564956766880945,0.9898427073799785,0.9675002536351498,0.9861333955645988,0.9997623798309506,-0.021798712682599936,-3.6788267680665515e-07,0.5935441986448723,0.6296467694954152,0.44208353220509217,1.0840392930423575
two_hands_open,0.0,0.0,0.0,0.22131384378620048,-0.07554084534433107,-0.047631932374327314,0.4195309943598421,-0.33035263472510223,-0.05294386543071063,0.5660684722401759,-0.48180789171854077,-0.06129877804267607,0.6843362449932393,-0.4901171165338189,-0.07111340286588826,0.3127241308186796,-0.8693030437444494,0.013990072379431206,0.407772282290519,-1.1497866396480394,-0.01336358978707148,0.46498793757268225,-1.330625737018084,-0.04935138404644875,0.5149126737799972,-1.4865136245149604,-0.07918179978005438,0.20037064217470782,-0.9797185165324294,0.0017983653664438181,0.2524825322078416,-1.3765123189880741,-0.01511305118018915,0.29529938182698573,-1.6170548882061277,-0.04353396966995635,0.3321976809547924,-1.8072578038226303,-0.06636456194097047,0.08836807519128465,-0.9986162457153213,-0.022575252609293637,0.10132071792293663,-1.397644132201489,-0.049491219412887484,0.12933659674824177,-1.6315819666364495,-0.08300778354646221,0.16066614184554653,-1.8253345122814704,-0.10778237222715205,-0.03012169008852527,-0.9410446522572214,-0.05460923133120208,-0.06616774420023937,-1.231382934782145,-0.08721178753317782,-0.0757292225296463,-1.4243409018963737,-0.10489547310886772,-0.0733113089959823,-1.6036001251024683,-0.11699104184232469,0.8447413806592157,1.5751595395083888,1.8387333476584242,1.8355589695306112,1.6095324827808566,0.964922515946542,0.7671459365220444,0.9689655759337972,0.997443740279842,0.9724783939657293,0.995091136783611,0.9638284972310501,0.9860929381743666,0.9757389019525328,0.9786108070406195,0.0,0.0,0.0,-0.20344754594214093,-0.1469628185469618,-0.04140143922139073,-0.3835695596230361,-0.39872220524517227,-0.058963980131530744,-0.5260708141543885,-0.58037891528851,-0.08064498642744676,-0.6461417602171456,-0.659033474297075,-0.1051037666758427,-0.21950146416633723,-0.9092581646328429,0.011319976210622196,-0.30936900361831826,-1.213974972226496,-0.017836636380112444,-0.3625758433892682,-1.40541260708548,-0.05718582509738415,-0.4008706667374155,-1.577487341435166,-0.09220123680486893,-0.09763043022828263,-0.9950971970178975,-0.015807200275960172,-0.13222697369821965,-1.3968336941147375,-0.039878001678025354,-0.1592908592000156,-1.6537838099003794,-0.07787123516950596,-0.18452327862770065,-1.858944397569905,-0.11013040999395234,0.024633398270820832,-0.9804258097944285,-0.05566081628126194,0.05873961012797598,-1.3743764495417392,-0.09611378276093241,0.07140770728503694,-1.6328888593827557,-0.14096929601518365,0.07281065301752235,-1.8534050113275868,-0.1746175113989214,0.1365492260721096,-0.8840134585610443,-0.10039727313545994,0.2045404901923741,-1.1854108874784228,-0.13936031271217694,0.2406246627265337,-1.3947869282306966,-0.16055410040562257,0.2616614767273465,-1.583762603147245,-0.1780444336534331,0.9289085511017944,1.6302345450600153,1.8713235478712624,1.8630359101461795,1.615076014274822,0.9816988965567415,0.8945102357356862,0.9665323200658404,0.9837282931741258,0.9718522961513573,0.9938404934518685,0.9748886628156127,0.9851541669584623,0.9818088441046166,0.9808941088815625,0.9998378063284703,0.01801002599091973,-2.807310050468591e-07,0.608939499899784,0.524040821310231,0.31582920381659296,1.1745295092996622
two_hands_open,0.0,0.0,0.0,0.2513985969270215,-0.04386414860611181,-0.054593774270700855,0.4682048713989562,-0.2875734083008443,-0.05892178403139623,0.6330682686424224,-0.4346793456695071,-0.06583205581032363,0.7559106910559684,-0.44279877923638356,-0.07368949941144656,0.3771478142793491,-0.840248786027296,0.012917953352928285,0.493368321675935,-1.1396421211373398,-0.0062937670467532875,0.5555806811128928,-1.3333002731173424,-0.036023655936091706,0.6044101593461173,-1.49555201032709,-0.0635909382754017,0.2584552272793657,-0.9660143623407782,0.004140923002319409,0.3342138650732351,-1.3667192250263294,-0.006892452399672048,0.378604724113929,-1.616094074114769,-0.034558741036329284,0.4113043628780359,-1.8134925582189647,-0.05731998913276821,0.1355295185077068,-0.9976345021270571,-0.017014210783206894,0.17056694904996977,-1.4000006654324355,-0.041892541508086585,0.1992871261694786,-1.6405865182968649,-0.07962981109471733,0.22523580658187156,-1.842455810255392,-0.10813549336473616,0.004182745794238113,-0.9438556683111413,-0.046248274295047215,-0.031962234532773665,-1.230969678491095,-0.08389800840369169,-0.052039635672238106,-1.4275687867699371,-0.10731519972067098,-0.06355223052739584,-1.610027112797678,-0.12240665413050898,0.8791483800072959,1.6143206818178801,1.8604333147931567,1.8593191942847456,1.6159237540565026,0.9628915374340675,0.7891102948680501,0.9669428538205905,0.9922332340201003,0.9737591467895069,0.9959440119287309,0.9687225026533367,0.9943455826814781,0.9917439488312052,0.9832980582338229,0.0,0.0,0.0,-0.2158726738227243,-0.1313366671255825,-0.04895805830727056,-0.41102307800538523,-0.36811418647620026,-0.06883859166062842,-0.5660732632143122,-0.536274631232579,-0.09057425695860086,-0.6914877303106467,-0.6110704483856325,-0.11380406012322958,-0.2605766140295913,-0.8933410102931854,0.0035040470626064055,-0.360827067835266,-1.2077938026195894,-0.025843637837138358,-0.41579364551139686,-1.403432573895031,-0.06355155090833471,-0.4554395782247453,-1.5802431833308217,-0.09788663193068493,-0.13374367272780704,-0.9908075095097615,-0.02032508559246385,-0.18131620783279745,-1.4004505010604715,-0.04419649378213805,-0.2096534836826059,-1.6564115030170559,-0.08112232665279831,-0.23403813200388188,-1.8619511306178762,-0.1126094403412752,-0.004540241001364292,-0.9833780753049802,-0.05717053533225299,0.014903061137283614,-1.377260835332209,-0.09891600297877919,0.023331325891486593,-1.6314736029413244,-0.1414453473257634,0.020935368471192272,-1.8515059172607822,-0.1736585922383807,0.11700530258885836,-0.8930505741885447,-0.09930471406611914,0.1789951533408437,-1.1927600358723516,-0.1409336432893717,0.21113712343571192,-1.3961088464478704,-0.16136241048616548,0.22920108814896806,-1.5838928285142164,-0.17797013353307262,0.9297923091534578,1.6474754992374838,1.879977857873605,1.8597499181241899,1.6102555696091272,0.9799517137261051,0.9068359111673961,0.9679048400649566,0.9832752832796818,0.9730188996691204,0.9963285325530121,0.9801662746709265,0.9847186117108584,0.9811344108482808,0.9803893412309213,0.9989950968336109,0.04481959953372451,-2.0274784537644882e-07,0.6279555709843906,0.47077068866601973,0.28039472057238035,1.147471341004363
two_hands_open,0.0,0.0,0.0,0.2550617321347961,-0.059782074305356314,-0.0654731320639194,0.4767343568532302,-0.278397708900139,-0.07998424593336113,0.6495245640426959,-0.4137509406608287,-0.09576775826123171,0.7778009291078724,-0.4287711667679248,-0.11237101736061512,0.38996117774318906,-0.8333447362847037,-0.0009453664694066301,0.5137452509684812,-1.132114768473017,-0.02540781529929971,0.58227450714551,-1.3282676063934027,-0.059615785798351674,0.6388262927840009,-1.492722382935701,-0.09021826410390436,0.2666040934037264,-0.9637752958652781,-0.007709504534849527,0.3538048346031579,-1.353117700364588,-0.023063542602076163,0.40633703027156753,-1.5918613779967192,-0.05524411151192186,0.45069266821307696,-1.79002969517079,-0.08249937359507722,0.13701896130836264,-1.002105800111408,-0.027477360784682936,0.185345371383359,-1.3956138659548754,-0.05488320224908531,0.21973686852666288,-1.6347054781484098,-0.09339435517992241,0.25342819752045453,-1.8391739711931152,-0.12388200767633273,-0.0063896911600456584,-0.9576787027926528,-0.05610661568654781,-0.0421898360540055,-1.2551795667634371,-0.09469047590654961,-0.052701051884027385,-1.4638614881157,-0.11905571728661708,-0.05017477660722789,-1.6575737208081431,-0.13580840338925548,0.8952353010886339,1.6261791045414735,1.8477381679820963,1.8606809235972295,1.6638846325849865,0.9629124218926924,0.8255848323205492,0.9668425281343919,0.9961738754649683,0.9705561023351038,0.9986011761323984,0.9709007238885006,0.9925135801874283,0.9777346975185371,0.9778007601641635,0.0,0.0,0.0,-0.21364097394229908,-0.12770095803214637,-0.0607449707541811,-0.42005063767527756,-0.35107198444439225,-0.0850146123324859,-0.5907243030934926,-0.510253520541459,-0.10970600509690732,-0.7205991408289121,-0.5835620610840447,-0.1340950848611444,-0.28136076149248446,-0.8938994456864934,0.0015512305105341627,-0.3863986000865944,-1.2174212235908006,-0.030878858952417074,-0.44252535544681465,-1.413069838382416,-0.07075122621074849,-0.4845340867171389,-1.5870253603005156,-0.10476311424037925,-0.15165347464624424,-0.988334664013342,-0.013993410497634948,-0.20452341305612967,-1.3949743423510599,-0.035109958143502644,-0.23269411638914184,-1.6502483612366126,-0.0695920300381534,-0.2543329413913293,-1.8577872248788316,-0.09908654829237923,-0.016975139085711074,-0.9827116561724873,-0.044621443969158674,-0.003580562501760009,-1.3653431537673688,-0.0830291401134513,0.006864746097327435,-1.6095275378011125,-0.12024532836158978,0.006852831367430246,-1.817100377040304,-0.14757255259332552,0.11057967733754007,-0.8970825402455894,-0.08249297726807779,0.16363224621663086,-1.1885340540388927,-0.11964619430703308,0.19381579423164944,-1.3841493448203268,-0.13620380588529227,0.21462580083536364,-1.5667251738190426,-0.14918169271623732,0.9369041000465,1.6626479138810888,1.8777318131331358,1.8230958284787653,1.5883787904981017,0.9750720581900876,0.9231929471756568,0.9668443528557215,0.9866216477228453,0.973181411861536,0.9970860348317335,0.9835422160516255,0.9850531814446443,0.984324386824149,0.9867719545506328,0.9981294174246853,0.06113645452108268,-2.235308415419518e-07,0.6489600492831924,0.45209565153606973,0.2697961980912275,1.1313617958535085
two_hands_open,0.0,0.0,0.0,0.25823569190802886,-0.05092556271027345,-0.07541592402341116,0.4806021742656717,-0.2611383618671434,-0.09999301665797641,0.671119892463912,-0.3948856441027454,-0.12496982207510567,0.8134204837753145,-0.4277093902380248,-0.15075167531296604,0.4041034209365435,-0.8273312698061621,-0.015152152805238534,0.5310457617166616,-1.1275791305908562,-0.04559303314365035,0.6011104767515266,-1.334652840981418,-0.0809401334069921,0.656907019680426,-1.503750215112159,-0.11127954682717679,0.2790707059037676,-0.9600299481083052,-0.021495112038271823,0.3717821979252362,-1.3509571455039602,-0.04021853850861712,0.42438757224645074,-1.5852737262279044,-0.06833793032685621,0.46895750049638774,-1.7840476143342376,-0.09182324010493041,0.14571080299738542,-1.0003783791068905,-0.04232473606633628,0.20007685471960562,-1.3946626430776694,-0.07692051064077582,0.23555511036984095,-1.6274756314357661,-0.10859310290039505,0.26897924238556975,-1.8251064143691973,-0.13208201092205527,-0.004899979221210461,-0.9610433271308696,-0.07297806073041732,-0.03486120422054548,-1.273268509835312,-0.11850099681406859,-0.03855892030358137,-1.4865048752012553,-0.1401755851981055,-0.02890570865056609,-1.6830096919641284,-0.15306088364326875,0.9312970919812408,1.644741523613162,1.8469376099118433,1.8495428933158367,1.6902025906202605,0.9531948794449135,0.8766774736159005,0.9683883529397203,0.9964134054975122,0.9773973804291171,0.9994081601026077,0.9843838538180536,0.9925216521729242,0.971747222966568,0.9760337100609184,0.0,0.0,0.0,-0.21210246970920701,-0.15265798190700175,-0.05817007264950068,-0.42002899819635403,-0.39498810882035706,-0.08007538667345213,-0.5852233970099499,-0.5769144807678999,-0.10321702397297317,-0.720259444971432,-0.6556504196804073,-0.1262669085825574,-0.286781465098431,-0.89492023214893,0.0008766345392071709,-0.3928291505711244,-1.2235761841656794,-0.03714898963721263,-0.44983259766702843,-1.4258513494135958,-0.07907265709484324,-0.48912033241115566,-1.607571390186415,-0.11334182268120525,-0.15843824375244242,-0.9872475016336383,-0.015482035873264036,-0.21139165927930909,-1.395767722391169,-0.03860021397672279,-0.23848483863766046,-1.6506313706627183,-0.07289271616536401,-0.2554047422032703,-1.8603730343777505,-0.10206849535948664,-0.025469243729677862,-0.983742767211742,-0.046488236572462156,-0.01647959339917897,-1.362003106113572,-0.08296569856794749,-0.0074820970665629375,-1.6014702828972558,-0.11467523439517524,-0.004655294589502357,-1.797322561364423,-0.13875879475689734,0.10341964838260032,-0.9019227890384764,-0.08512057619554336,0.15074224972340036,-1.1773307268298179,-0.11564454257339676,0.17766543236921373,-1.3639101516519723,-0.12493515480355859,0.197982094422822,-1.5303238565564863,-0.13325949451107993,0.982137705772793,1.6841528561542685,1.8805949556256782,1.8026769162774765,1.5488208768399634,0.9879666571362646,0.9019813281892043,0.9698391212301831,0.9801379587578499,0.9744464439982016,0.991843308716395,0.9879025726155416,0.9921320214344014,0.9792158388486478,0.993060360729247,0.9972026622297107,0.07474523691759102,-3.3256434096094657e-07,0.671733325985424,0.45736249001776547,0.2765648370832593,1.1132074208256375
two_hands_open,0.0,0.0,0.0,0.2535145828823657,-0.03425858022636908,-0.07825228685029476,0.48292679411080164,-0.23792364735289104,-0.10031251081261831,0.6749654314698866,-0.3640506933611747,-0.12076786902606056,0.8202895927641493,-0.3835856019375854,-0.14063575057152483,0.4172312829356305,-0.818853948105192,-0.011119382780618421,0.5545059710206045,-1.116297069867332,-0.04036559208768808,0.628529421663148,-1.3139917981729012,-0.07913245899427121,0.687799537139559,-1.4829340510449303,-0.11223447494725007,0.2962051566289363,-0.9550441565785409,-0.012375951341641453,0.3955232437040076,-1.3445171321902798,-0.029579862289287422,0.44966370294753555,-1.580849424598922,-0.06276281560963959,0.49015532950997376,-1.770994046450295,-0.09072762040295983,0.1628810463581714,-0.997769445908884,-0.027503581276286805,0.23374477633725183,-1.3830772003573482,-0.05590375900284379,0.27431260105686206,-1.603776819742274,-0.08799751667599161,0.3099741265505309,-1.7900338524020634,-0.11303238877039859,0.01141169371988332,-0.9617286445513836,-0.05275234064771624,0.009862817857780487,-1.257494665267834,-0.08902896116514462,0.016991679207683432,-1.4545151047713722,-0.10549736899513149,0.031777458844631165,-1.6358373334201468,-0.11568333378223286,0.9164013009319716,1.6385231705424872,1.839810767637097,1.820187208170434,1.640230539289136,0.9537118089433197,0.857719780105923,0.9623911985755486,0.9934591062192806,0.9693221517779959,0.994681322288926,0.9778154674244771,0.9958454463253164,0.9820099187273322,0.9832057044487065,0.0,0.0,0.0,-0.2130410380641338,-0.1583408822590818,-0.07006231207676758,-0.4228801736265426,-0.41222542100618437,-0.09602467305126977,-0.597729307101683,-0.5989187518680912,-0.11999106760337547,-0.7376797170831797,-0.6755886300405305,-0.1417987822297844,-0.2943992482897366,-0.903875451679415,-0.004453649014046929,-0.3925709754610047,-1.2429965057630972,-0.0411106506779658,-0.44276083952128276,-1.4519198441366858,-0.08093175171407697,-0.475729161912229,-1.6366261247068623,-0.11370232538379624,-0.16455328452084864,-0.9862610636423315,-0.014537224511494433,-0.22015869813071443,-1.3931388764851107,-0.03629527258484204,-0.2478097130872731,-1.6467857144822173,-0.0706196349382668,-0.26510935912022193,-1.8570532948248046,-0.09936288178275281,-0.027800824772074642,-0.9723652622367969,-0.03986270997778246,-0.021941868281085415,-1.352105855093317,-0.07740082869926276,-0.014722390236873962,-1.5900203099201748,-0.11051253846859621,-0.01333759045978043,-1.78095489592977,-0.13476755452221847,0.10572620706424639,-0.881261321261366,-0.07318136396326118,0.14818938522501712,-1.1509300931839619,-0.1061953432950778,0.1727209307190418,-1.332758745513888,-0.11684359113936976,0.19043876445309169,-1.4906357066734135,-0.12524745598668283,1.0102961232617944,1.7081544211119777,1.8785108182783965,1.7860964493574782,1.5079617562283545,0.9797994647055197,0.8988773296309387,0.9707572598362579,0.9811857294312583,0.9728745167776509,0.9916233880474548,0.9865105757426165,0.991794582484383,0.9789471526609882,0.9927122595756384,0.9978549085153896,0.06546435328998165,-2.604588915868974e-07,0.6965385745256208,0.4641217940155606,0.29110209077737853,1.0792638046853964
two_hands_open,0.0,0.0,0.0,0.23859018133385074,-0.034668858055984776,-0.0660011446552652,0.4557403245549544,-0.2461887664916919,-0.07927382286531369,0.6408370315659084,-0.37892090664644723,-0.09325857676563297,0.7794752166706448,-0.40933045723832173,-0.10642512013050512,0.39882154119919355,-0.8279737313201173,0.010539110253790179,0.5351514851662305,-1.1254976700963497,-0.014928706074231699,0.610776705124147,-1.3200669417462452,-0.05314001038381036,0.6720870188961767,-1.4866843677300428,-0.08544079749649683,0.28220098381553904,-0.9593450985306313,0.004425681732251371,0.37864021373885826,-1.3354051498775632,-0.010196024372632083,0.4362792665029628,-1.574163504979323,-0.04722262817988412,0.4787392107794902,-1.7702188589072048,-0.07728259273693178,0.1524945887594614,-1.0027216589784465,-0.014746262165816128,0.23006620835135969,-1.381275106806215,-0.039543412947295235,0.2718370377125194,-1.5935002043201014,-0.07148485394041015,0.3053283337122211,-1.7748616993528052,-0.09572327092752463,0.006801142483956562,-0.9615259994591766,-0.04322596259778626,0.008935570933728543,-1.2575189174377348,-0.07644300939831097,0.01846966677655017,-1.4618948975465198,-0.0928552751564917,0.03492276069222136,-1.6553746693546745,-0.10196002449330487,0.8868254297331999,1.6337782897622504,1.8354396311261882,1.8034750865465463,1.6588793632299303,0.9519439738356839,0.8707193459226651,0.9621996658833584,0.9943178797184391,0.9640754650426043,0.9925662047363795,0.9736143891608303,0.9937220080694567,0.9839458486034275,0.9839067570882564,0.0,0.0,0.0,-0.2114044237607254,-0.1445954807698799,-0.06909536847857135,-0.4157613724641321,-0.40518579408905236,-0.09194934214776389,-0.5857199050199765,-0.5928899859878995,-0.11258556316877916,-0.7223170782477768,-0.6797278960219044,-0.1309956524099299,-0.2805114089899455,-0.9032692134851827,-0.0034988006446114374,-0.37409537272537685,-1.2534506125905804,-0.03779497710297834,-0.42206939199236093,-1.4673248905816176,-0.07637018290796392,-0.4549759816223177,-1.6569034612681013,-0.10922923773522816,-0.15021879904066857,-0.9885641808875171,-0.01323528167330623,-0.20243163570958442,-1.3923059902312027,-0.03833284743645922,-0.22747580298325012,-1.6490038387505066,-0.07798617292238966,-0.2432843253202804,-1.8656107369034107,-0.10973348637646732,-0.015452710525246808,-0.9723538240452569,-0.03731549067180003,-0.0063294846579785595,-1.3558234555112463,-0.08000349719537742,0.007597746392004325,-1.5912219833127539,-0.11977898519145655,0.013057893295119267,-1.7889375662992337,-0.1474197282718062,0.11350487749832515,-0.8783107248226367,-0.06840046901065157,0.16159004247952177,-1.1532668490886273,-0.10898569719265998,0.19326857201676373,-1.3346062662009244,-0.1260206197130071,0.2164161677415263,-1.5024649451528207,-0.13775912379079314,1.0004658090654936,1.7217035895274264,1.8846039697050851,1.7950489411093127,1.524209449275461,0.9771870986784822,0.9142757213183897,0.971550988275957,0.9846134144284734,0.9693886679923323,0.9919656651049703,0.9789130190883738,0.9866211961807176,0.9834124016207023,0.9864382205882245,0.9990794541992445,0.04289806751915905,-2.4737727874788394e-07,0.734718002596123,0.48079658533901337,0.31856731830341783,1.0896379371544234
two_hands_open,0.0,0.0,0.0,0.1974746471857763,-0.07271846093446843,-0.0872391215257782,0.3805505571927683,-0.2643581628740218,-0.13285387259205533,0.5454016274469488,-0.3943748066627432,-0.17465491973905772,0.6937823127000448,-0.45011386619923666,-0.2168241377723743,0.30111697682578725,-0.8637442146887722,-0.07838255295188948,0.43272453741074446,-1.1969312091052708,-0.1409285240633562,0.5098116147326084,-1.4073750095328494,-0.19502924721134682,0.5729059932782958,-1.5929711440758003,-0.2367082122121196,0.17763760143487412,-0.9799436452691487,-0.09030689150379223,0.2710588289030153,-1.4067673651951627,-0.14691360629384626,0.3306532386081746,-1.6779288513511899,-0.20027823824832636,0.3736715389708347,-1.900443268396523,-0.2404029511893911,0.04430860240276136,-0.9943372305412693,-0.11361525989046681,0.0992613847600159,-1.4224803196850584,-0.175913628763977,0.13693785953410548,-1.6811668146660659,-0.2272362413710546,0.17305685478944874,-1.8962070780613431,-0.2620408388983216,-0.09822138118917957,-0.9218468166503984,-0.14495437828699026,-0.10984007335626078,-1.2700528418172385,-0.2114006434377053,-0.1125524219134782,-1.4997390336795033,-0.24658024764962214,-0.10203872351724588,-1.7105551345372587,-0.2673388632570873,0.8549556109418667,1.7093300210085274,1.9516937808916281,1.9220341722066465,1.7343243171899538,0.9552717702607836,0.9022841269554769,0.978179994442619,0.9886528602356145,0.9805626705662178,0.9907908444142616,0.9830581286567235,0.9867774358165741,0.9865626248286917,0.974044556055454,0.0,0.0,0.0,-0.20614076249826832,-0.11923965578082427,-0.07328501443146931,-0.3873305302345382,-0.3736221549588028,-0.11109887902425401,-0.5420458853264404,-0.5658200653350113,-0.145010359181239,-0.6850745463234157,-0.6551112681618637,-0.17812430281205416,-0.25541975249453125,-0.9107401072046799,-0.04200180021924609,-0.34961179405705917,-1.2642538277349482,-0.08693896671098753,-0.4002017072937098,-1.482429506301591,-0.13199679835760014,-0.43600577643245275,-1.670873486673364,-0.16897874727905077,-0.12677120204088632,-0.9904133288104268,-0.05486802755483809,-0.17663723617638438,-1.409418681860937,-0.09265223108216979,-0.20086639669344816,-1.6810591711019767,-0.13830135633484542,-0.21455347138357997,-1.9017390317145206,-0.17320700937399988,0.006204604979300419,-0.9653050505243314,-0.07922836240319522,0.020280372755526646,-1.3688364653595952,-0.13237930362357672,0.03292763805883328,-1.6110914335229949,-0.17603206344143368,0.03893525522247164,-1.8152428065282298,-0.20554007353658718,0.13415449622514736,-0.8599244077606311,-0.10971207244765346,0.19203704835373017,-1.1409265043744514,-0.16141425966335274,0.22228848083732758,-1.322835039071329,-0.1824254874618172,0.24349057253309306,-1.490834887785455,-0.1950803570741843,0.9644823352167522,1.7350714863032208,1.9216256672217698,1.8272572677598382,1.5231325179599293,0.9807272077626565,0.8932948397921625,0.9736446536381062,0.9872197674928537,0.9739181469805517,0.9910139195031097,0.9840337757511789,0.9868838569280127,0.9760864833009156,0.9824599040446443,0.9999047570223051,-0.013801336315486273,-2.6814868308570646e-07,0.7548154147634526,0.5171919047502417,0.35484541527640096,1.171821423402165
two_hands_open,0.0,0.0,0.0,0.24050430975810483,-0.042682261492615704,-0.08698939670976868,0.40360465769989984,-0.1458253553339983,-0.17446821326906892,0.4696073880746446,-0.23680794491843724,-0.25384907542884966,0.4728274630150214,-0.32376350054369785,-0.34355958516422963,0.35488890989124594,-0.7841205860435385,-0.24215906509550694,0.5459183980287755,-1.3273158456399088,-0.347589355420944,0.6522554973576463,-1.626348589551418,-0.4082138681132286,0.7286110343353178,-1.8799817792644604,-0.4454529870454842,0.16886669699202214,-0.9510932427565665,-0.2586613272791344,0.2962742823654573,-1.6238258227249451,-0.36151011988280296,0.37918693350583066,-2.0140347865847144,-0.42803864226680816,0.4372854953163278,-2.308490450981443,-0.4701654353596138,-0.02414399493873953,-0.9820221610655969,-0.27060317648751864,0.02002452387370833,-1.595440765608847,-0.3611140035013173,0.06904412508602008,-1.970196912016345,-0.4262239794917905,0.11591063326897398,-2.252765403404545,-0.46528179101907136,-0.19214243984715348,-0.8851856857852106,-0.28209318834641117,-0.24886877331877366,-1.3063231699470959,-0.35487009590475993,-0.2869665921686936,-1.5062573662806311,-0.3754109093726491,-0.30286602312970584,-1.6325230698168571,-0.3808667632788355,0.6681480394521472,2.06485686995232,2.3961223473131428,2.3032312916281708,1.7035019497556072,0.879554514889084,0.8468463011416693,0.9973327477193852,0.9780224007796816,0.991332102081913,0.9905961395773762,0.9801212317433108,0.9844746483997322,0.9721219120774254,0.9728313066610437,0.0,0.0,0.0,-0.188434220974004,-0.10660133430822955,-0.09149036931093817,-0.3622928650137915,-0.33115152428169764,-0.15650899146070676,-0.5282021705271709,-0.5107830860086242,-0.2128482714553547,-0.6755125741197727,-0.618651650242771,-0.26968239273992084,-0.21733437842125702,-0.9221638714255895,-0.11156257492388592,-0.30482693238359804,-1.3072546272858745,-0.17552028209537746,-0.350578580169684,-1.5482199160931693,-0.22908330216817127,-0.38091206811569395,-1.7551917159986854,-0.2703354280476332,-0.07513332911621763,-0.9897179810696257,-0.12170990429450819,-0.117464479550301,-1.4585720813644663,-0.1755610732082781,-0.1332136660875615,-1.760904485145054,-0.22564692878919398,-0.13758999673599603,-2.0070860030529403,-0.263735027506711,0.06736972123034844,-0.9387366819144359,-0.14061400553173145,0.0922215547159362,-1.404090086802913,-0.20852745447059526,0.12088715802093682,-1.6864848851569776,-0.2564500073824834,0.14359444855497225,-1.9225174063968251,-0.28829211636468655,0.2025089795143554,-0.8082160262255105,-0.16491501218709853,0.28083898965513304,-1.1400947019038619,-0.23190002813236052,0.333137348908092,-1.3553207774985496,-0.25770891130746415,0.3739598363613932,-1.547974120801038,-0.2716616949827101,0.954869464951076,1.8162800464697844,2.0290099545312255,1.9493088231249074,1.6155091811568467,0.9730484969976972,0.9360421123912114,0.9793734539333901,0.9853710223276043,0.9800662836324059,0.9887238831166546,0.983341525158695,0.9891252910095844,0.9750955931967281,0.9828124042016897,0.9997034284927109,0.024352721812634794,-4.855425699354683e-07,0.7982605239973092,0.5611236184127446,0.5375685106803776,1.2810149346704964
